Type,File,Line,Detail
Figure,docs/src/md_merger/sandbox/foo.md,252,Image without #fig caption
Figure,docs/src/md_merger/sandbox/foo.md,263,Image without #fig caption
Figure,docs/src/md_merger/sandbox/foo.md,290,Image without #fig caption
Figure,docs/src/md_merger/sandbox/foo.md,300,Image without #fig caption







Table,docs/docs/3.0 - Modeling Reference/Modules/Powerflow/1.0 - Power_Flow_User_Guide.md,191,Markdown table without Table: #tbl caption
Table,docs/docs/3.0 - Modeling Reference/Modules/Powerflow/1.0 - Power_Flow_User_Guide.md,239,Markdown table without Table: #tbl caption
Table,docs/docs/3.0 - Modeling Reference/Modules/Powerflow/1.0 - Power_Flow_User_Guide.md,305,Markdown table without Table: #tbl caption
Table,docs/docs/3.0 - Modeling Reference/Modules/Powerflow/1.0 - Power_Flow_User_Guide.md,373,Markdown table without Table: #tbl caption
Table,docs/docs/3.0 - Modeling Reference/Modules/Powerflow/1.0 - Power_Flow_User_Guide.md,405,Markdown table without Table: #tbl caption
Table,docs/docs/3.0 - Modeling Reference/Modules/Powerflow/1.0 - Power_Flow_User_Guide.md,457,Markdown table without Table: #tbl caption
Table,docs/docs/3.0 - Modeling Reference/Modules/Powerflow/1.0 - Power_Flow_User_Guide.md,514,Markdown table without Table: #tbl caption
Table,docs/docs/3.0 - Modeling Reference/Modules/Powerflow/1.0 - Power_Flow_User_Guide.md,585,Markdown table without Table: #tbl caption
Table,docs/docs/3.0 - Modeling Reference/Modules/Powerflow/1.0 - Power_Flow_User_Guide.md,613,Markdown table without Table: #tbl caption
Table,docs/docs/3.0 - Modeling Reference/Modules/Powerflow/1.0 - Power_Flow_User_Guide.md,658,Markdown table without Table: #tbl caption
Table,docs/docs/3.0 - Modeling Reference/Modules/Powerflow/1.0 - Power_Flow_User_Guide.md,720,Markdown table without Table: #tbl caption
Table,docs/docs/3.0 - Modeling Reference/Modules/Powerflow/1.0 - Power_Flow_User_Guide.md,774,Markdown table without Table: #tbl caption
Table,docs/docs/3.0 - Modeling Reference/Modules/Powerflow/1.0 - Power_Flow_User_Guide.md,797,Markdown table without Table: #tbl caption
Table,docs/docs/3.0 - Modeling Reference/Modules/Powerflow/1.0 - Power_Flow_User_Guide.md,841,Markdown table without Table: #tbl caption
Table,docs/docs/3.0 - Modeling Reference/Modules/Powerflow/1.0 - Power_Flow_User_Guide.md,906,Markdown table without Table: #tbl caption
Table,docs/docs/3.0 - Modeling Reference/Modules/Powerflow/1.0 - Power_Flow_User_Guide.md,952,Markdown table without Table: #tbl caption
Table,docs/docs/3.0 - Modeling Reference/Modules/Powerflow/1.0 - Power_Flow_User_Guide.md,1009,Markdown table without Table: #tbl caption
Table,docs/docs/3.0 - Modeling Reference/Modules/Powerflow/1.0 - Power_Flow_User_Guide.md,1019,Markdown table without Table: #tbl caption
Table,docs/docs/3.0 - Modeling Reference/Modules/Powerflow/1.0 - Power_Flow_User_Guide.md,1034,Markdown table without Table: #tbl caption
Table,docs/docs/3.0 - Modeling Reference/Modules/Powerflow/1.0 - Power_Flow_User_Guide.md,1081,Markdown table without Table: #tbl caption
Table,docs/docs/3.0 - Modeling Reference/Modules/Powerflow/1.0 - Power_Flow_User_Guide.md,1128,Markdown table without Table: #tbl caption
Table,docs/docs/3.0 - Modeling Reference/Modules/Powerflow/1.0 - Power_Flow_User_Guide.md,1152,Markdown table without Table: #tbl caption
Table,docs/docs/3.0 - Modeling Reference/Modules/Powerflow/1.0 - Power_Flow_User_Guide.md,1191,Markdown table without Table: #tbl caption
Table,docs/docs/3.0 - Modeling Reference/Modules/Powerflow/1.0 - Power_Flow_User_Guide.md,1252,Markdown table without Table: #tbl caption
Table,docs/docs/3.0 - Modeling Reference/Modules/Powerflow/1.0 - Power_Flow_User_Guide.md,1283,Markdown table without Table: #tbl caption
Table,docs/docs/3.0 - Modeling Reference/Modules/Powerflow/1.0 - Power_Flow_User_Guide.md,1314,Markdown table without Table: #tbl caption
Table,docs/docs/3.0 - Modeling Reference/Modules/Powerflow/1.0 - Power_Flow_User_Guide.md,1345,Markdown table without Table: #tbl caption
Table,docs/docs/3.0 - Modeling Reference/Modules/Powerflow/1.0 - Power_Flow_User_Guide.md,1376,Markdown table without Table: #tbl caption
Table,docs/docs/3.0 - Modeling Reference/Modules/Powerflow/1.0 - Power_Flow_User_Guide.md,1417,Markdown table without Table: #tbl caption
Table,docs/docs/3.0 - Modeling Reference/Modules/Powerflow/1.0 - Power_Flow_User_Guide.md,1513,Markdown table without Table: #tbl caption
Table,docs/docs/3.0 - Modeling Reference/Modules/Powerflow/1.0 - Power_Flow_User_Guide.md,1541,Markdown table without Table: #tbl caption
Table,docs/docs/3.0 - Modeling Reference/Modules/Powerflow/1.0 - Power_Flow_User_Guide.md,1560,Markdown table without Table: #tbl caption
Table,docs/docs/3.0 - Modeling Reference/Modules/Powerflow/1.0 - Power_Flow_User_Guide.md,1579,Markdown table without Table: #tbl caption
Table,docs/docs/3.0 - Modeling Reference/Modules/Powerflow/1.0 - Power_Flow_User_Guide.md,1600,Markdown table without Table: #tbl caption
Table,docs/docs/3.0 - Modeling Reference/Modules/Powerflow/1.0 - Power_Flow_User_Guide.md,1645,Markdown table without Table: #tbl caption
Table,docs/docs/3.0 - Modeling Reference/Modules/Powerflow/1.0 - Power_Flow_User_Guide.md,1664,Markdown table without Table: #tbl caption
Table,docs/docs/3.0 - Modeling Reference/Modules/Powerflow/1.0 - Power_Flow_User_Guide.md,1691,Markdown table without Table: #tbl caption
Table,docs/docs/3.0 - Modeling Reference/Modules/Powerflow/1.0 - Power_Flow_User_Guide.md,1725,Markdown table without Table: #tbl caption
Table,docs/docs/3.0 - Modeling Reference/Modules/Powerflow/1.0 - Power_Flow_User_Guide.md,1768,Markdown table without Table: #tbl caption
Table,docs/docs/3.0 - Modeling Reference/Modules/Powerflow/1.0 - Power_Flow_User_Guide.md,1795,Markdown table without Table: #tbl caption
Table,docs/docs/3.0 - Modeling Reference/Modules/Powerflow/1.0 - Power_Flow_User_Guide.md,1871,Markdown table without Table: #tbl caption
Table,docs/docs/3.0 - Modeling Reference/Modules/Powerflow/4.0 - Reliability_User_Guide.md,183,Markdown table without Table: #tbl caption
Table,docs/docs/3.0 - Modeling Reference/Modules/Powerflow/4.0 - Reliability_User_Guide.md,270,Markdown table without Table: #tbl caption
Table,docs/docs/3.0 - Modeling Reference/Modules/Powerflow/Classes/02-powerflow_object.md,57,Markdown table without Table: #tbl caption
Table,docs/docs/3.0 - Modeling Reference/Modules/Powerflow/Classes/03-node.md,15,Markdown table without Table: #tbl caption
Table,docs/docs/3.0 - Modeling Reference/Modules/Powerflow/Classes/03-node.md,27,Markdown table without Table: #tbl caption
Table,docs/docs/3.0 - Modeling Reference/Modules/Powerflow/Classes/03-node.md,40,Markdown table without Table: #tbl caption
Table,docs/docs/3.0 - Modeling Reference/Modules/Powerflow/Classes/03-node.md,53,Markdown table without Table: #tbl caption
Table,docs/docs/3.0 - Modeling Reference/Modules/Powerflow/Classes/03-node.md,73,Markdown table without Table: #tbl caption
Table,docs/docs/3.0 - Modeling Reference/Modules/Powerflow/Classes/03-node.md,90,Markdown table without Table: #tbl caption
Table,docs/docs/3.0 - Modeling Reference/Modules/Powerflow/Classes/03-node.md,102,Markdown table without Table: #tbl caption
Table,docs/docs/3.0 - Modeling Reference/Modules/Powerflow/Classes/04-link.md,15,Markdown table without Table: #tbl caption
Table,docs/docs/3.0 - Modeling Reference/Modules/Powerflow/Classes/04-link.md,26,Markdown table without Table: #tbl caption
Table,docs/docs/3.0 - Modeling Reference/Modules/Powerflow/Classes/04-link.md,46,Markdown table without Table: #tbl caption
Table,docs/docs/3.0 - Modeling Reference/Modules/Powerflow/Classes/04-link.md,59,Markdown table without Table: #tbl caption
Table,docs/docs/3.0 - Modeling Reference/Modules/Powerflow/Classes/04-link.md,75,Markdown table without Table: #tbl caption
Table,docs/docs/3.0 - Modeling Reference/Modules/Powerflow/Classes/04-link.md,83,Markdown table without Table: #tbl caption
Table,docs/docs/3.0 - Modeling Reference/Modules/Powerflow/Classes/04-link.md,92,Markdown table without Table: #tbl caption
Table,docs/docs/3.0 - Modeling Reference/Modules/Powerflow/Classes/04-link.md,105,Markdown table without Table: #tbl caption
Table,docs/docs/3.0 - Modeling Reference/Modules/Powerflow/Classes/04-link.md,116,Markdown table without Table: #tbl caption
Table,docs/docs/3.0 - Modeling Reference/Modules/Powerflow/Classes/05-line.md,43,Markdown table without Table: #tbl caption
Table,docs/docs/3.0 - Modeling Reference/Modules/Powerflow/Classes/06-line_configuration.md,73,Markdown table without Table: #tbl caption
Table,docs/docs/3.0 - Modeling Reference/Modules/Powerflow/Classes/06-line_configuration.md,105,Markdown table without Table: #tbl caption
Table,docs/docs/3.0 - Modeling Reference/Modules/Powerflow/Classes/07-line_spacing.md,27,Markdown table without Table: #tbl caption
Table,docs/docs/3.0 - Modeling Reference/Modules/Powerflow/Classes/09-overhead_line_conductor.md,23,Markdown table without Table: #tbl caption
Table,docs/docs/3.0 - Modeling Reference/Modules/Powerflow/Classes/11-underground_line_conductor.md,31,Markdown table without Table: #tbl caption
Table,docs/docs/3.0 - Modeling Reference/Modules/Powerflow/Classes/13-triplex_line_configuration.md,39,Markdown table without Table: #tbl caption
Table,docs/docs/3.0 - Modeling Reference/Modules/Powerflow/Classes/14-triplex_conductor.md,23,Markdown table without Table: #tbl caption
Table,docs/docs/3.0 - Modeling Reference/Modules/Powerflow/Classes/15-transformer.md,25,Markdown table without Table: #tbl caption
Table,docs/docs/3.0 - Modeling Reference/Modules/Powerflow/Classes/16-transformer_configuration.md,28,Markdown table without Table: #tbl caption
Table,docs/docs/3.0 - Modeling Reference/Modules/Powerflow/Classes/17-load.md,25,Markdown table without Table: #tbl caption
Table,docs/docs/3.0 - Modeling Reference/Modules/Powerflow/Classes/17-load.md,35,Markdown table without Table: #tbl caption
Table,docs/docs/3.0 - Modeling Reference/Modules/Powerflow/Classes/17-load.md,69,Markdown table without Table: #tbl caption
Table,docs/docs/3.0 - Modeling Reference/Modules/Powerflow/Classes/17-load.md,103,Markdown table without Table: #tbl caption
Table,docs/docs/3.0 - Modeling Reference/Modules/Powerflow/Classes/17-load.md,137,Markdown table without Table: #tbl caption
Table,docs/docs/3.0 - Modeling Reference/Modules/Powerflow/Classes/17-load.md,165,Markdown table without Table: #tbl caption
Table,docs/docs/3.0 - Modeling Reference/Modules/Powerflow/Classes/17-load.md,182,Markdown table without Table: #tbl caption
Table,docs/docs/3.0 - Modeling Reference/Modules/Powerflow/Classes/18-meter.md,23,Markdown table without Table: #tbl caption
Table,docs/docs/3.0 - Modeling Reference/Modules/Powerflow/Classes/18-meter.md,33,Markdown table without Table: #tbl caption
Table,docs/docs/3.0 - Modeling Reference/Modules/Powerflow/Classes/18-meter.md,58,Markdown table without Table: #tbl caption
Table,docs/docs/3.0 - Modeling Reference/Modules/Powerflow/Classes/18-meter.md,73,Markdown table without Table: #tbl caption
Table,docs/docs/3.0 - Modeling Reference/Modules/Powerflow/Classes/18-meter.md,110,Markdown table without Table: #tbl caption
Table,docs/docs/3.0 - Modeling Reference/Modules/Powerflow/Classes/18-meter.md,143,Markdown table without Table: #tbl caption
Table,docs/docs/3.0 - Modeling Reference/Modules/Powerflow/Classes/18-meter.md,166,Markdown table without Table: #tbl caption
Table,docs/docs/3.0 - Modeling Reference/Modules/Powerflow/Classes/18-meter.md,173,Markdown table without Table: #tbl caption
Table,docs/docs/3.0 - Modeling Reference/Modules/Powerflow/Classes/19-triplex_node.md,35,Markdown table without Table: #tbl caption
Table,docs/docs/3.0 - Modeling Reference/Modules/Powerflow/Classes/19-triplex_node.md,81,Markdown table without Table: #tbl caption
Table,docs/docs/3.0 - Modeling Reference/Modules/Powerflow/Classes/20-triplex_meter.md,23,Markdown table without Table: #tbl caption
Table,docs/docs/3.0 - Modeling Reference/Modules/Powerflow/Classes/21-triplex_load.md,28,Markdown table without Table: #tbl caption
Table,docs/docs/3.0 - Modeling Reference/Modules/Powerflow/Classes/22-regulator.md,26,Markdown table without Table: #tbl caption
Table,docs/docs/3.0 - Modeling Reference/Modules/Powerflow/Classes/23-regulator_configuration.md,41,Markdown table without Table: #tbl caption
Table,docs/docs/3.0 - Modeling Reference/Modules/Powerflow/Classes/24-capacitor.md,32,Markdown table without Table: #tbl caption
Table,docs/docs/3.0 - Modeling Reference/Modules/Powerflow/Classes/25-fuse.md,38,Markdown table without Table: #tbl caption
Table,docs/docs/3.0 - Modeling Reference/Modules/Powerflow/Classes/26-switch.md,25,Markdown table without Table: #tbl caption
Table,docs/docs/3.0 - Modeling Reference/Modules/Powerflow/Classes/27-recloser.md,29,Markdown table without Table: #tbl caption
Table,docs/docs/3.0 - Modeling Reference/Modules/Powerflow/Classes/29-substation.md,29,Markdown table without Table: #tbl caption
Table,docs/docs/3.0 - Modeling Reference/Modules/Powerflow/Classes/30-pqload.md,30,Markdown table without Table: #tbl caption
Table,docs/docs/3.0 - Modeling Reference/Modules/Powerflow/Classes/31-volt_var_control.md,44,Markdown table without Table: #tbl caption
Table,docs/docs/3.0 - Modeling Reference/Modules/Powerflow/Classes/32-volt_dump.md,8,Markdown table without Table: #tbl caption
Table,docs/docs/3.0 - Modeling Reference/Modules/Powerflow/Classes/32-volt_dump.md,21,Markdown table without Table: #tbl caption
Table,docs/docs/3.0 - Modeling Reference/Modules/Powerflow/Classes/33-current_dump.md,8,Markdown table without Table: #tbl caption
Table,docs/docs/3.0 - Modeling Reference/Modules/Powerflow/Classes/33-current_dump.md,23,Markdown table without Table: #tbl caption
Table,docs/docs/3.0 - Modeling Reference/Modules/Powerflow/Classes/34-impedance_dump.md,24,Markdown table without Table: #tbl caption
Table,docs/docs/3.0 - Modeling Reference/Modules/Powerflow/Classes/35-bill_dump.md,8,Markdown table without Table: #tbl caption
Table,docs/docs/3.0 - Modeling Reference/Modules/Powerflow/Classes/35-bill_dump.md,21,Markdown table without Table: #tbl caption
Table,docs/docs/3.0 - Modeling Reference/Modules/Powerflow/Classes/36-fault_check.md,31,Markdown table without Table: #tbl caption
Table,docs/docs/3.0 - Modeling Reference/Modules/Powerflow/Classes/37-motor.md,17,Markdown table without Table: #tbl caption
Table,docs/docs/3.0 - Modeling Reference/Modules/Powerflow/Classes/37-motor.md,44,Markdown table without Table: #tbl caption
Table,docs/docs/3.0 - Modeling Reference/Modules/Powerflow/Classes/37-motor.md,60,Markdown table without Table: #tbl caption
Table,docs/docs/3.0 - Modeling Reference/Modules/Powerflow/Classes/37-motor.md,74,Markdown table without Table: #tbl caption
Table,docs/docs/3.0 - Modeling Reference/Modules/Powerflow/Classes/37-motor.md,82,Markdown table without Table: #tbl caption
Table,docs/docs/3.0 - Modeling Reference/Modules/Powerflow/Classes/37-motor.md,100,Markdown table without Table: #tbl caption
Table,docs/docs/3.0 - Modeling Reference/Modules/Powerflow/Classes/38-restoration.md,26,Markdown table without Table: #tbl caption
Table,docs/docs/3.0 - Modeling Reference/Modules/Powerflow/Classes/39-series_reactor.md,26,Markdown table without Table: #tbl caption
Table,docs/docs/3.0 - Modeling Reference/Modules/Powerflow/Classes/41-power_metrics.md,35,Markdown table without Table: #tbl caption
Table,docs/docs/3.0 - Modeling Reference/Modules/Powerflow/Classes/42-emissions.md,16,Markdown table without Table: #tbl caption
Table,docs/docs/3.0 - Modeling Reference/Modules/Powerflow/Classes/44-jsondump.md,14,Markdown table without Table: #tbl caption
Table,docs/docs/3.0 - Modeling Reference/Modules/Powerflow/Classes/45-performance_motor.md,15,Markdown table without Table: #tbl caption
Table,docs/docs/3.0 - Modeling Reference/Modules/Powerflow/Classes/45-performance_motor.md,49,Markdown table without Table: #tbl caption
Table,docs/docs/3.0 - Modeling Reference/Modules/Powerflow/Classes/46-load_tracker.md,14,Markdown table without Table: #tbl caption
Table,docs/docs/3.0 - Modeling Reference/Modules/Powerflow/Classes/47-series_compensator.md,14,Markdown table without Table: #tbl caption
Table,docs/docs/3.0 - Modeling Reference/Modules/Powerflow/Classes/47-series_compensator.md,67,Markdown table without Table: #tbl caption
Table,docs/docs/3.0 - Modeling Reference/Modules/Powerflow/Classes/48-sync_check.md,14,Markdown table without Table: #tbl caption
Table,docs/docs/3.0 - Modeling Reference/Modules/Powerflow/Classes/48-sync_check.md,32,Markdown table without Table: #tbl caption
Table,docs/docs/3.0 - Modeling Reference/Modules/Powerflow/Classes/49-vfd.md,14,Markdown table without Table: #tbl caption
Table,docs/docs/3.0 - Modeling Reference/Modules/Powerflow/Motor/Tech_DeltaSPIM.md,10,Markdown table without Table: #tbl caption
Table,docs/docs/3.0 - Modeling Reference/Modules/Powerflow/Motor/Tech_DeltaSPIM.md,113,Markdown table without Table: #tbl caption
Table,docs/docs/3.0 - Modeling Reference/Modules/Powerflow/Motor/Tech_DeltaTPIM.md,6,Markdown table without Table: #tbl caption
Table,docs/docs/3.0 - Modeling Reference/Modules/Powerflow/Theory/04 - Controls_and_Devices_Theory.md,117,Markdown table without Table: #tbl caption




Table,docs/src/md_merger/sandbox/CMake_Build.md,108,Markdown table without Table: #tbl caption
Table,docs/src/md_merger/sandbox/foo.md,109,Markdown table without Table: #tbl caption
