0, 139675.872+30d
1,   140320.608000+30d;
2,   140305.566000+30d;
3,   140415.276000+30d;
4,   140496.834000+30d;
5,   140589.846000+30d;
6,   140521.536000+30d;
7,   140411.826000+30d;
8,   140570.664000+30d;
9,   140704.524000+30d;
10,   140702.454000+30d;
11,   140609.718000+30d;
12,   140610.132000+30d;
13,   140528.988000+30d;
14,   140642.562000+30d;
15,   140675.820000+30d;
16,   140786.082000+30d;
17,   140804.022000+30d;
18,   140681.202000+30d;
19,   140540.856000+30d;
20,   140469.372000+30d;
21,   140459.160000+30d;
22,   140489.658000+30d;
23,   140469.372000+30d;
24,   140469.372000+30d;
25,   140383.260000+30d;
26,   140175.018000+30d;
27,   140079.522000+30d;
28,   140094.150000+30d;
29,   140036.466000+30d;
30,   139949.802000+30d;
31,   139966.776000+30d;
32,   140246.502000+30d;
33,   140410.998000+30d;
34,   140469.372000+30d;
35,   140392.920000+30d;
36,   140307.360000+30d;
37,   140417.898000+30d;
38,   140316.468000+30d;
39,   140270.652000+30d;
40,   140299.908000+30d;
41,   140208.414000+30d;
42,   140157.492000+30d;
43,   140122.992000+30d;
44,   140122.578000+30d;
45,   139956.012000+30d;
46,   139903.986000+30d;
47,   139831.812000+30d;
48,   139878.870000+30d;
49,   139935.726000+30d;
50,   139997.550000+30d;
51,   140087.940000+30d;
52,   140185.506000+30d;
53,   140296.182000+30d;
54,   140338.134000+30d;
55,   140400.924000+30d;
56,   140469.372000+30d;
57,   140484.138000+30d;
58,   140678.856000+30d;
59,   140807.472000+30d;
60,   140864.466000+30d;
61,   140989.080000+30d;
62,   140989.080000+30d;
63,   140915.526000+30d;
64,   140780.976000+30d;
65,   140658.984000+30d;
66,   140611.236000+30d;
67,   140137.482000+30d;
68,   139820.910000+30d;
69,   139462.938000+30d;
70,   138888.996000+30d;
71,   138484.518000+30d;
72,   138529.230000+30d;
73,   138613.962000+30d;
74,   138737.334000+30d;
75,   138737.334000+30d;
76,   138737.886000+30d;
77,   138905.142000+30d;
78,   138910.524000+30d;
79,   138814.476000+30d;
80,   138865.398000+30d;
81,   139044.108000+30d;
82,   139151.058000+30d;
83,   139273.188000+30d;
84,   139269.324000+30d;
85,   139428.438000+30d;
86,   139582.584000+30d;
87,   139967.466000+30d;
88,   140111.538000+30d;
89,   140296.182000+30d;
90,   140378.430000+30d;
91,   140500.836000+30d;
92,   140833.554000+30d;
93,   140822.376000+30d;
94,   140856.324000+30d;
95,   141005.778000+30d;
96,   141041.244000+30d;
97,   141289.644000+30d;
98,   141506.718000+30d;
99,   141599.316000+30d;
100,   141186.420000+30d;
101,   141284.538000+30d;
102,   141431.922000+30d;
103,   141418.950000+30d;
104,   141353.676000+30d;
105,   141515.964000+30d;
106,   141619.740000+30d;
107,   141681.840000+30d;
108,   141782.028000+30d;
109,   141855.030000+30d;
110,   141713.304000+30d;
111,   141695.502000+30d;
112,   141725.310000+30d;
113,   141699.504000+30d;
114,   141692.466000+30d;
115,   141562.332000+30d;
116,   141508.650000+30d;
117,   141327.042000+30d;
118,   141180.762000+30d;
119,   140974.038000+30d;
120,   140815.752000+30d;
121,   140622.828000+30d;
122,   140314.122000+30d;
123,   140121.612000+30d;
124,   139904.124000+30d;
125,   139623.294000+30d;
126,   139620.672000+30d;
127,   139740.180000+30d;
128,   140018.664000+30d;
129,   140263.338000+30d;
130,   140245.260000+30d;
131,   140122.992000+30d;
132,   140142.450000+30d;
133,   140224.560000+30d;
134,   140279.898000+30d;
135,   140122.992000+30d;
136,   139930.206000+30d;
137,   139765.572000+30d;
138,   139723.068000+30d;
139,   139631.712000+30d;
140,   139623.846000+30d;
141,   139528.074000+30d;
142,   139431.198000+30d;
143,   139409.256000+30d;
144,   139460.040000+30d;
145,   139678.494000+30d;
146,   139811.112000+30d;
147,   139675.872000+30d;
148,   139631.022000+30d;
149,   139787.100000+30d;
150,   139776.612000+30d;
151,   139776.612000+30d;
152,   139826.154000+30d;
153,   139749.840000+30d;
154,   139801.452000+30d;
155,   139816.632000+30d;
156,   139902.054000+30d;
157,   139949.802000+30d;
158,   139921.236000+30d;
159,   139832.364000+30d;
160,   139668.006000+30d;
161,   139597.074000+30d;
162,   139567.542000+30d;
163,   139483.914000+30d;
164,   139358.058000+30d;
165,   139091.166000+30d;
166,   138701.040000+30d;
167,   138290.904000+30d;
168,   138313.536000+30d;
169,   138631.350000+30d;
170,   138738.576000+30d;
171,   138905.832000+30d;
172,   138868.296000+30d;
173,   138879.060000+30d;
174,   138907.488000+30d;
175,   138916.182000+30d;
176,   138928.050000+30d;
177,   138876.852000+30d;
178,   138910.524000+30d;
179,   138910.524000+30d;
180,   138967.242000+30d;
181,   139095.168000+30d;
182,   139149.126000+30d;
183,   139276.638000+30d;
184,   139410.222000+30d;
185,   139577.754000+30d;
186,   139614.876000+30d;
187,   139848.096000+30d;
188,   140041.848000+30d;
189,   140282.382000+30d;
190,   140278.380000+30d;
191,   140498.904000+30d;
192,   140642.562000+30d;
193,   140776.560000+30d;
194,   140931.534000+30d;
195,   141122.802000+30d;
196,   140989.080000+30d;
197,   141109.554000+30d;
198,   141330.354000+30d;
199,   141335.460000+30d;
200,   141248.934000+30d;
201,   141234.996000+30d;
202,   141048.558000+30d;
203,   140899.794000+30d;
204,   140980.938000+30d;
205,   140978.316000+30d;
206,   140935.536000+30d;
207,   140804.712000+30d;
208,   140754.480000+30d;
209,   140659.950000+30d;
210,   140616.204000+30d;
211,   140619.516000+30d;
212,   140546.100000+30d;
213,   140457.918000+30d;
214,   140397.888000+30d;
215,   140410.722000+30d;
216,   140459.574000+30d;
217,   140243.052000+30d;
218,   140034.396000+30d;
219,   139949.940000+30d;
220,   139869.210000+30d;
221,   139482.120000+30d;
222,   139237.308000+30d;
223,   139472.874000+30d;
224,   139603.422000+30d;
225,   139538.700000+30d;
226,   139420.572000+30d;
227,   139479.912000+30d;
228,   139603.008000+30d;
229,   139411.740000+30d;
230,   139421.262000+30d;
231,   139465.284000+30d;
232,   139579.410000+30d;
233,   139584.930000+30d;
234,   139553.742000+30d;
235,   139664.832000+30d;
236,   139847.682000+30d;
237,   139943.316000+30d;
238,   139997.550000+30d;
239,   140122.992000+30d;
240,   140203.584000+30d;
241,   140444.256000+30d;
242,   140492.832000+30d;
243,   140519.190000+30d;
244,   140724.810000+30d;
245,   140862.258000+30d;
246,   140981.490000+30d;
247,   141111.762000+30d;
248,   141174.138000+30d;
249,   140957.478000+30d;
250,   140989.080000+30d;
251,   141112.314000+30d;
252,   141163.374000+30d;
253,   141196.218000+30d;
254,   141238.308000+30d;
255,   141210.846000+30d;
256,   141244.794000+30d;
257,   141144.192000+30d;
258,   140944.920000+30d;
259,   140771.316000+30d;
260,   140630.556000+30d;
261,   140248.296000+30d;
262,   139535.112000+30d;
263,   138944.610000+30d;
264,   138719.808000+30d;
265,   138969.864000+30d;
266,   139083.714000+30d;
267,   139106.622000+30d;
268,   139131.876000+30d;
269,   139184.316000+30d;
270,   139160.028000+30d;
271,   139243.932000+30d;
272,   139219.782000+30d;
273,   139083.714000+30d;
274,   139083.714000+30d;
275,   139072.674000+30d;
276,   139125.666000+30d;
277,   139125.390000+30d;
278,   139171.482000+30d;
279,   139318.038000+30d;
280,   139437.408000+30d;
281,   139689.948000+30d;
282,   139786.548000+30d;
283,   139941.384000+30d;
284,   140121.198000+30d;
285,   140500.422000+30d;
286,   140786.220000+30d;
287,   140969.622000+30d;
288,   141259.008000+30d;
289,   141190.974000+30d;
290,   141027.030000+30d;
291,   141082.230000+30d;
292,   141161.994000+30d;
293,   141389.004000+30d;
294,   141710.958000+30d;
295,   141757.050000+30d;
296,   141742.146000+30d;
297,   141625.260000+30d;
298,   141612.702000+30d;
299,   141738.558000+30d;
300,   141681.840000+30d;
301,   141791.550000+30d;
302,   141855.030000+30d;
303,   141826.602000+30d;
304,   141756.498000+30d;
305,   141785.616000+30d;
306,   141727.794000+30d;
307,   141681.840000+30d;
308,   141699.090000+30d;
309,   141654.654000+30d;
310,   141600.834000+30d;
311,   141590.622000+30d;
312,   141559.296000+30d;
313,   141606.630000+30d;
314,   141564.816000+30d;
315,   141461.454000+30d;
316,   141299.304000+30d;
317,   141173.034000+30d;
318,   141105.414000+30d;
319,   140899.104000+30d;
320,   140813.130000+30d;
321,   140645.598000+30d;
322,   140812.716000+30d;
323,   140642.562000+30d;
324,   140642.562000+30d;
325,   140519.052000+30d;
326,   140305.704000+30d;
327,   140295.492000+30d;
328,   140124.096000+30d;
329,   140122.992000+30d;
330,   140147.280000+30d;
331,   140153.352000+30d;
332,   140061.444000+30d;
333,   140002.104000+30d;
334,   139949.802000+30d;
335,   139795.380000+30d;
336,   139822.014000+30d;
337,   139761.432000+30d;
338,   139677.252000+30d;
339,   139759.224000+30d;
340,   139776.612000+30d;
341,   139854.720000+30d;
342,   139902.606000+30d;
343,   139965.120000+30d;
344,   140051.094000+30d;
345,   140143.140000+30d;
346,   140154.594000+30d;
347,   140206.482000+30d;
348,   140235.186000+30d;
349,   140341.032000+30d;
350,   140372.082000+30d;
351,   140284.038000+30d;
352,   140123.130000+30d;
353,   140117.472000+30d;
354,   139981.128000+30d;
355,   139859.412000+30d;
356,   139654.206000+30d;
357,   139184.730000+30d;
358,   138752.652000+30d;
359,   138673.854000+30d;
360,   139077.090000+30d;
361,   139211.778000+30d;
362,   139271.946000+30d;
363,   139371.444000+30d;
364,   139430.232000+30d;
365,   139572.510000+30d;
366,   139603.422000+30d;
367,   139603.422000+30d;
368,   139603.422000+30d;
369,   139614.600000+30d;
370,   139696.572000+30d;
371,   139724.586000+30d;
372,   139778.268000+30d;
373,   139827.534000+30d;
374,   139957.530000+30d;
375,   140081.730000+30d;
376,   140267.478000+30d;
377,   140487.864000+30d;
378,   140512.014000+30d;
379,   140611.788000+30d;
380,   140681.754000+30d;
381,   140891.376000+30d;
382,   141113.694000+30d;
383,   141166.272000+30d;
384,   141290.472000+30d;
385,   141363.198000+30d;
386,   141432.750000+30d;
387,   141586.206000+30d;
388,   141586.620000+30d;
389,   141525.348000+30d;
390,   141624.708000+30d;
391,   141588.966000+30d;
392,   141681.840000+30d;
393,   141670.524000+30d;
394,   141631.470000+30d;
395,   141661.140000+30d;
396,   141681.702000+30d;
397,   141681.840000+30d;
398,   141586.206000+30d;
399,   141478.014000+30d;
400,   141473.046000+30d;
401,   141322.074000+30d;
402,   141249.624000+30d;
403,   141144.468000+30d;
404,   140935.122000+30d;
405,   140594.952000+30d;
406,   140401.614000+30d;
407,   139945.800000+30d;
408,   139533.180000+30d;
409,   139141.122000+30d;
410,   138854.082000+30d;
411,   138308.844000+30d;
412,   137994.659400+30d;
413,   137592.072000+30d;
414,   137580.907800+30d;
415,   137737.096200+30d;
416,   138090.666000+30d;
417,   138390.954000+30d;
418,   138389.988000+30d;
419,   138507.426000+30d;
420,   138463.818000+30d;
421,   138449.052000+30d;
422,   138387.642000+30d;
423,   138395.784000+30d;
424,   138411.516000+30d;
425,   138192.096000+30d;
426,   138162.426000+30d;
427,   138390.402000+30d;
428,   138342.378000+30d;
429,   138459.402000+30d;
430,   138526.470000+30d;
431,   138706.974000+30d;
432,   138740.232000+30d;
433,   138792.534000+30d;
434,   138799.020000+30d;
435,   138769.212000+30d;
436,   138862.086000+30d;
437,   138832.140000+30d;
438,   138815.442000+30d;
439,   138805.368000+30d;
440,   138884.166000+30d;
441,   139003.950000+30d;
442,   139081.506000+30d;
443,   139204.878000+30d;
444,   139346.880000+30d;
445,   139268.772000+30d;
446,   139256.904000+30d;
447,   139309.620000+30d;
448,   139158.096000+30d;
449,   139133.946000+30d;
450,   138949.578000+30d;
451,   138621.690000+30d;
452,   138343.068000+30d;
453,   138129.444000+30d;
454,   137631.650400+30d;
455,   137042.418000+30d;
456,   136878.681000+30d;
457,   137100.391800+30d;
458,   137196.950400+30d;
459,   137297.166000+30d;
460,   137340.912000+30d;
461,   137476.635000+30d;
462,   137524.921200+30d;
463,   137501.626800+30d;
464,   137652.985200+30d;
465,   137782.705200+30d;
466,   137987.083200+30d;
467,   138244.950000+30d;
468,   138469.890000+30d;
469,   138709.596000+30d;
470,   138787.566000+30d;
471,   139226.958000+30d;
472,   139357.782000+30d;
473,   139512.066000+30d;
474,   139862.586000+30d;
475,   140122.716000+30d;
476,   140292.456000+30d;
477,   140410.998000+30d;
478,   140513.946000+30d;
479,   140694.036000+30d;
480,   140857.980000+30d;
481,   140853.150000+30d;
482,   140853.288000+30d;
483,   140775.732000+30d;
484,   140838.660000+30d;
485,   140954.442000+30d;
486,   141078.918000+30d;
487,   140883.786000+30d;
488,   140962.722000+30d;
489,   141007.158000+30d;
490,   141069.810000+30d;
491,   141046.902000+30d;
492,   141056.424000+30d;
493,   141118.800000+30d;
494,   140989.080000+30d;
495,   140966.310000+30d;
496,   140922.702000+30d;
497,   140816.994000+30d;
498,   140765.244000+30d;
499,   140647.392000+30d;
500,   140539.890000+30d;
501,   140191.716000+30d;
502,   139873.626000+30d;
503,   139402.908000+30d;
504,   139074.330000+30d;
505,   138578.634000+30d;
506,   138099.222000+30d;
507,   137802.825600+30d;
508,   137302.437600+30d;
509,   137238.736800+30d;
510,   137072.888400+30d;
511,   136977.144000+30d;
512,   137151.272400+30d;
513,   137336.896200+30d;
514,   137506.774200+30d;
515,   137693.460600+30d;
516,   137744.769000+30d;
517,   137546.987400+30d;
518,   137437.208400+30d;
519,   137246.713200+30d;
520,   137235.769800+30d;
521,   137132.021400+30d;
522,   137047.358400+30d;
523,   137098.170000+30d;
524,   137203.050000+30d;
525,   137205.244200+30d;
526,   137530.689600+30d;
527,   137318.790600+30d;
528,   137428.887000+30d;
529,   137482.582800+30d;
530,   137489.786400+30d;
531,   137261.065200+30d;
532,   137331.376200+30d;
533,   137275.431000+30d;
534,   137307.736800+30d;
535,   137301.871800+30d;
536,   137442.549000+30d;
537,   137566.390200+30d;
538,   137707.260600+30d;
539,   137875.468800+30d;
540,   137871.328800+30d;
541,   137808.497400+30d;
542,   137890.331400+30d;
543,   138020.010000+30d;
544,   137864.208000+30d;
545,   137529.544200+30d;
546,   137422.815000+30d;
547,   137206.030800+30d;
548,   137123.700000+30d;
549,   137362.509000+30d;
550,   137381.373600+30d;
551,   137400.238200+30d;
552,   137419.102800+30d;
553,   137437.967400+30d;
554,   137456.832000+30d;
555,   137475.696600+30d;
556,   137494.561200+30d;
557,   137513.425800+30d;
558,   137532.290400+30d;
559,   137551.168800+30d;
560,   137570.019600+30d;
561,   137588.898000+30d;
562,   137607.748800+30d;
563,   137626.627200+30d;
564,   137645.478000+30d;
565,   137664.356400+30d;
566,   137683.207200+30d;
567,   137702.085600+30d;
568,   137720.950200+30d;
569,   137739.814800+30d;
570,   137758.679400+30d;
571,   137777.544000+30d;
572,   137796.408600+30d;
573,   137815.273200+30d;
574,   137834.137800+30d;
575,   137853.002400+30d;
576,   137871.867000+30d;
577,   137890.731600+30d;
578,   137909.596200+30d;
579,   137928.460800+30d;
580,   137947.339200+30d;
581,   137966.190000+30d;
582,   137985.068400+30d;
583,   138003.864000+30d;
584,   138022.770000+30d;
585,   138041.676000+30d;
586,   138060.582000+30d;
587,   138079.350000+30d;
588,   138098.256000+30d;
589,   138117.162000+30d;
590,   138135.930000+30d;
591,   138154.836000+30d;
592,   138173.742000+30d;
593,   138192.510000+30d;
594,   138211.416000+30d;
595,   138230.322000+30d;
596,   138249.228000+30d;
597,   138267.996000+30d;
598,   138286.902000+30d;
599,   138305.808000+30d;
600,   138324.576000+30d;
601,   138343.482000+30d;
602,   138362.388000+30d;
603,   138381.294000+30d;
604,   138390.954000+30d;
605,   138390.954000+30d;
606,   138390.954000+30d;
607,   138390.954000+30d;
608,   138390.954000+30d;
609,   138390.954000+30d;
610,   138390.954000+30d;
611,   138390.954000+30d;
612,   138390.954000+30d;
613,   138390.954000+30d;
614,   138390.954000+30d;
615,   138390.954000+30d;
616,   138390.954000+30d;
617,   138390.954000+30d;
618,   138390.954000+30d;
619,   138390.954000+30d;
620,   138390.954000+30d;
621,   138390.954000+30d;
622,   138390.954000+30d;
623,   138390.954000+30d;
624,   138390.954000+30d;
625,   138390.954000+30d;
626,   138390.954000+30d;
627,   138390.954000+30d;
628,   138390.954000+30d;
629,   138390.954000+30d;
630,   138390.954000+30d;
631,   138390.954000+30d;
632,   138390.954000+30d;
633,   138390.954000+30d;
634,   138390.954000+30d;
635,   138390.954000+30d;
636,   138390.954000+30d;
637,   137850.021600+30d;
638,   138111.090000+30d;
639,   138194.580000+30d;
640,   138235.704000+30d;
641,   137911.638600+30d;
642,   137820.337800+30d;
643,   137697.642000+30d;
644,   137731.452000+30d;
645,   137578.796400+30d;
646,   137070.321600+30d;
647,   136503.100200+30d;
648,   136560.894600+30d;
649,   136847.824200+30d;
650,   136887.899400+30d;
651,   136881.551400+30d;
652,   137065.160400+30d;
653,   137055.031200+30d;
654,   137234.900400+30d;
655,   137173.628400+30d;
656,   137298.380400+30d;
657,   137395.587600+30d;
658,   137632.023000+30d;
659,   137624.791800+30d;
660,   137710.434600+30d;
661,   137884.135200+30d;
662,   138052.164000+30d;
663,   138364.182000+30d;
664,   138572.976000+30d;
665,   138858.912000+30d;
666,   139044.798000+30d;
667,   139211.502000+30d;
668,   139477.290000+30d;
669,   139835.538000+30d;
670,   139978.644000+30d;
671,   140122.578000+30d;
672,   140101.050000+30d;
673,   140104.086000+30d;
674,   140205.792000+30d;
675,   140212.140000+30d;
676,   140207.034000+30d;
677,   140319.504000+30d;
678,   140310.672000+30d;
679,   140728.536000+30d;
680,   140556.312000+30d;
681,   140391.816000+30d;
682,   140704.938000+30d;
683,   140471.718000+30d;
684,   140557.554000+30d;
685,   140486.760000+30d;
686,   140469.372000+30d;
687,   140316.744000+30d;
688,   140296.182000+30d;
689,   140138.172000+30d;
690,   140077.176000+30d;
691,   140087.112000+30d;
692,   139980.852000+30d;
693,   139554.984000+30d;
694,   139508.892000+30d;
695,   138979.386000+30d;
696,   138727.536000+30d;
697,   138258.612000+30d;
698,   137870.100600+30d;
699,   137563.285200+30d;
700,   137363.833800+30d;
701,   137211.992400+30d;
702,   137210.640000+30d;
703,   137121.436800+30d;
704,   137685.415200+30d;
705,   137984.999400+30d;
706,   138079.488000+30d;
707,   137903.952000+30d;
708,   137770.671600+30d;
709,   137767.497600+30d;
710,   137535.602400+30d;
711,   137426.237400+30d;
712,   137214.352200+30d;
713,   137144.731200+30d;
714,   137182.074000+30d;
715,   137148.678000+30d;
716,   137374.901400+30d;
717,   137445.819600+30d;
718,   137688.685800+30d;
719,   137723.185800+30d;
720,   137650.873800+30d;
721,   137682.972600+30d;
722,   137602.090800+30d;
723,   137399.465400+30d;
724,   137251.902000+30d;
725,   137114.674800+30d;
726,   137308.937400+30d;
727,   137420.841600+30d;
728,   137418.826800+30d;
729,   137408.007600+30d;
730,   137417.653800+30d;
731,   137690.203800+30d;
732,   137762.791800+30d;
733,   137907.222600+30d;
734,   138012.144000+30d;
735,   138165.738000+30d;
736,   137987.856000+30d;
737,   137844.487800+30d;
738,   137722.371600+30d;
739,   137614.786800+30d;
740,   137334.426000+30d;
741,   137225.999400+30d;
742,   136626.375600+30d;
743,   135969.440400+30d;
744,   135952.038600+30d;
745,   136178.910600+30d;
746,   136185.645000+30d;
747,   136290.566400+30d;
748,   136485.381000+30d;
749,   136502.976000+30d;
750,   136456.276800+30d;
751,   136577.013000+30d;
752,   136734.526200+30d;
753,   136742.171400+30d;
754,   136992.517200+30d;
755,   137117.628000+30d;
756,   137265.025800+30d;
757,   137569.757400+30d;
758,   137649.825000+30d;
759,   137833.033800+30d;
760,   138254.196000+30d;
761,   138572.976000+30d;
762,   138739.404000+30d;
763,   138817.512000+30d;
764,   138993.324000+30d;
765,   139289.748000+30d;
766,   139446.102000+30d;
767,   139547.808000+30d;
768,   139839.954000+30d;
769,   139903.986000+30d;
770,   139811.112000+30d;
771,   139770.540000+30d;
772,   140025.564000+30d;
773,   140272.032000+30d;
774,   140318.538000+30d;
775,   140139.690000+30d;
776,   140235.048000+30d;
777,   140251.746000+30d;
778,   140276.172000+30d;
779,   140336.064000+30d;
780,   140399.268000+30d;
781,   140439.564000+30d;
782,   140577.978000+30d;
783,   140473.788000+30d;
784,   140414.724000+30d;
785,   140402.028000+30d;
786,   140275.482000+30d;
787,   140208.276000+30d;
788,   140035.638000+30d;
789,   139711.476000+30d;
790,   139359.438000+30d;
791,   139064.532000+30d;
792,   138975.108000+30d;
793,   138314.226000+30d;
794,   138154.146000+30d;
795,   137812.540800+30d;
796,   137904.545400+30d;
797,   137468.920800+30d;
798,   137227.779600+30d;
799,   137279.971200+30d;
800,   137695.806600+30d;
801,   137967.459600+30d;
802,   138118.818000+30d;
803,   138118.128000+30d;
804,   138113.298000+30d;
805,   138208.242000+30d;
806,   138119.784000+30d;
807,   137955.329400+30d;
808,   137972.455200+30d;
809,   137873.357400+30d;
810,   138018.492000+30d;
811,   137957.841000+30d;
812,   137978.817000+30d;
813,   137893.270800+30d;
814,   138084.594000+30d;
815,   138087.768000+30d;
816,   138148.212000+30d;
817,   138146.280000+30d;
818,   138062.928000+30d;
819,   138041.262000+30d;
820,   138207.552000+30d;
821,   138328.854000+30d;
822,   138433.182000+30d;
823,   138336.720000+30d;
824,   138316.848000+30d;
825,   138331.752000+30d;
826,   138351.900000+30d;
827,   138544.686000+30d;
828,   138529.368000+30d;
829,   138702.420000+30d;
830,   138742.854000+30d;
831,   138889.272000+30d;
832,   138751.824000+30d;
833,   138721.326000+30d;
834,   138694.278000+30d;
835,   138548.412000+30d;
836,   138408.204000+30d;
837,   138297.804000+30d;
838,   137707.302000+30d;
839,   137115.309600+30d;
840,   136686.115800+30d;
841,   136858.174200+30d;
842,   136941.112200+30d;
843,   136976.371200+30d;
844,   137133.166800+30d;
845,   137369.740200+30d;
846,   137403.633000+30d;
847,   137615.849400+30d;
848,   137862.096600+30d;
849,   137919.256200+30d;
850,   138001.242000+30d;
851,   138326.922000+30d;
852,   138527.436000+30d;
853,   138618.930000+30d;
854,   138661.296000+30d;
855,   138832.278000+30d;
856,   139020.924000+30d;
857,   139231.512000+30d;
858,   139546.014000+30d;
859,   139787.928000+30d;
860,   140010.246000+30d;
861,   140023.770000+30d;
862,   140114.022000+30d;
863,   140456.952000+30d;
864,   140582.394000+30d;
865,   140624.760000+30d;
866,   140601.162000+30d;
867,   140593.572000+30d;
868,   140630.832000+30d;
869,   140709.216000+30d;
870,   140810.646000+30d;
871,   140903.658000+30d;
872,   140886.132000+30d;
873,   140815.752000+30d;
874,   140735.436000+30d;
875,   140629.176000+30d;
876,   140721.360000+30d;
877,   140791.878000+30d;
878,   140874.954000+30d;
879,   140785.944000+30d;
880,   140790.084000+30d;
881,   140815.752000+30d;
882,   140841.972000+30d;
883,   140798.640000+30d;
884,   140807.472000+30d;
885,   140691.690000+30d;
886,   140590.812000+30d;
887,   140317.986000+30d;
888,   140134.446000+30d;
889,   140296.182000+30d;
890,   140360.490000+30d;
891,   140296.182000+30d;
892,   140271.894000+30d;
893,   139985.268000+30d;
894,   140025.978000+30d;
895,   139949.940000+30d;
896,   139883.286000+30d;
897,   140158.872000+30d;
898,   140296.182000+30d;
899,   140248.986000+30d;
900,   140041.158000+30d;
901,   139914.474000+30d;
902,   139695.882000+30d;
903,   139593.210000+30d;
904,   139497.714000+30d;
905,   139328.802000+30d;
906,   139158.096000+30d;
907,   139145.676000+30d;
908,   139171.482000+30d;
909,   139094.064000+30d;
910,   139083.714000+30d;
911,   139154.232000+30d;
912,   139366.200000+30d;
913,   139323.144000+30d;
914,   139256.904000+30d;
915,   139289.196000+30d;
916,   139324.524000+30d;
917,   139396.560000+30d;
918,   139373.238000+30d;
919,   139376.826000+30d;
920,   139468.596000+30d;
921,   139650.618000+30d;
922,   139708.854000+30d;
923,   139791.516000+30d;
924,   139928.412000+30d;
925,   139872.936000+30d;
926,   139802.694000+30d;
927,   139847.406000+30d;
928,   139754.394000+30d;
929,   139514.412000+30d;
930,   139407.600000+30d;
931,   139402.770000+30d;
932,   139273.878000+30d;
933,   139043.694000+30d;
934,   138521.364000+30d;
935,   138387.780000+30d;
936,   138450.570000+30d;
937,   138670.818000+30d;
938,   138770.454000+30d;
939,   138893.274000+30d;
940,   138885.684000+30d;
941,   139019.682000+30d;
942,   139173.000000+30d;
943,   139258.974000+30d;
944,   139256.904000+30d;
945,   139295.544000+30d;
946,   139496.748000+30d;
947,   139565.748000+30d;
948,   139750.392000+30d;
949,   139886.460000+30d;
950,   140095.530000+30d;
951,   140175.984000+30d;
952,   140314.398000+30d;
953,   140419.692000+30d;
954,   140395.542000+30d;
955,   140618.688000+30d;
956,   140774.352000+30d;
957,   140781.804000+30d;
958,   140831.484000+30d;
959,   140815.752000+30d;
960,   140817.132000+30d;
961,   140983.974000+30d;
962,   141088.026000+30d;
963,   141202.842000+30d;
964,   141287.988000+30d;
965,   141335.460000+30d;
966,   141433.440000+30d;
967,   141508.650000+30d;
968,   141491.262000+30d;
969,   141525.624000+30d;
970,   141624.294000+30d;
971,   141565.920000+30d;
972,   141508.650000+30d;
973,   141376.446000+30d;
974,   141367.062000+30d;
975,   141380.310000+30d;
976,   141345.948000+30d;
977,   141219.402000+30d;
978,   141321.936000+30d;
979,   141124.182000+30d;
980,   141068.016000+30d;
981,   141028.824000+30d;
982,   140965.344000+30d;
983,   140824.998000+30d;
984,   140780.700000+30d;
985,   140759.586000+30d;
986,   140800.296000+30d;
987,   140658.984000+30d;
988,   140542.926000+30d;
989,   140268.030000+30d;
990,   140337.996000+30d;
991,   140265.546000+30d;
992,   140375.946000+30d;
993,   140510.634000+30d;
994,   140403.822000+30d;
995,   140237.394000+30d;
996,   140172.258000+30d;
997,   140117.058000+30d;
998,   139949.802000+30d;
999,   139872.660000+30d;
1000,   139770.678000+30d;
1001,   139728.036000+30d;
1002,   139746.114000+30d;
1003,   139776.612000+30d;
1004,   139817.736000+30d;
1005,   139939.314000+30d;
1006,   139800.072000+30d;
1007,   139784.340000+30d;
1008,   139891.428000+30d;
1009,   139830.708000+30d;
1010,   139776.612000+30d;
1011,   139621.500000+30d;
1012,   139677.114000+30d;
1013,   139598.178000+30d;
1014,   139470.114000+30d;
1015,   139398.078000+30d;
1016,   139356.264000+30d;
1017,   139373.100000+30d;
1018,   139419.192000+30d;
1019,   139519.932000+30d;
1020,   139529.178000+30d;
1021,   139615.014000+30d;
1022,   139596.522000+30d;
1023,   139616.946000+30d;
1024,   139481.292000+30d;
1025,   139538.976000+30d;
1026,   139305.618000+30d;
1027,   139176.174000+30d;
1028,   139075.434000+30d;
1029,   138812.682000+30d;
1030,   138476.376000+30d;
1031,   137998.150800+30d;
1032,   137773.169400+30d;
1033,   137811.478200+30d;
1034,   137686.960800+30d;
1035,   137799.541200+30d;
1036,   137931.565800+30d;
1037,   138005.520000+30d;
1038,   138059.478000+30d;
1039,   138169.740000+30d;
1040,   138114.816000+30d;
1041,   138168.084000+30d;
1042,   138293.802000+30d;
1043,   138399.372000+30d;
1044,   138535.302000+30d;
1045,   138717.462000+30d;
1046,   138815.166000+30d;
1047,   139087.164000+30d;
1048,   139231.788000+30d;
1049,   139428.024000+30d;
1050,   139519.104000+30d;
1051,   139704.990000+30d;
1052,   139973.124000+30d;
1053,   140031.912000+30d;
1054,   140088.768000+30d;
1055,   140270.928000+30d;
1056,   140325.438000+30d;
1057,   140221.248000+30d;
1058,   140289.972000+30d;
1059,   140336.478000+30d;
1060,   140337.720000+30d;
1061,   140462.610000+30d;
1062,   140296.182000+30d;
1063,   140262.648000+30d;
1064,   140321.022000+30d;
1065,   140468.820000+30d;
1066,   140437.632000+30d;
1067,   140469.372000+30d;
1068,   140361.594000+30d;
1069,   140278.380000+30d;
1070,   140405.754000+30d;
1071,   140272.860000+30d;
1072,   140405.892000+30d;
1073,   140210.622000+30d;
1074,   140106.846000+30d;
1075,   140058.684000+30d;
1076,   140088.492000+30d;
1077,   139813.596000+30d;
1078,   139761.432000+30d;
1079,   139580.928000+30d;
1080,   139019.820000+30d;
1081,   138510.186000+30d;
1082,   138213.072000+30d;
1083,   138030.222000+30d;
1084,   137767.787400+30d;
1085,   137607.183000+30d;
1086,   137416.605000+30d;
1087,   137357.458200+30d;
1088,   137527.902000+30d;
1089,   137887.778400+30d;
1090,   138047.472000+30d;
1091,   138066.102000+30d;
1092,   138111.090000+30d;
1093,   137976.609000+30d;
1094,   138064.446000+30d;
1095,   138072.450000+30d;
1096,   138061.824000+30d;
1097,   137873.605800+30d;
1098,   137816.584200+30d;
1099,   137788.956600+30d;
1100,   137888.937600+30d;
1101,   137924.541600+30d;
1102,   137940.121800+30d;
1103,   137933.208000+30d;
1104,   138038.226000+30d;
1105,   137837.656800+30d;
1106,   137869.507200+30d;
1107,   137905.677000+30d;
1108,   137893.312200+30d;
1109,   137926.446000+30d;
1110,   137947.035600+30d;
1111,   137977.561200+30d;
1112,   138122.820000+30d;
1113,   138253.782000+30d;
1114,   138346.518000+30d;
1115,   138621.138000+30d;
1116,   138654.120000+30d;
1117,   138599.058000+30d;
1118,   138617.550000+30d;
1119,   138539.028000+30d;
1120,   138539.166000+30d;
1121,   138488.244000+30d;
1122,   138353.970000+30d;
1123,   138223.422000+30d;
1124,   138044.574000+30d;
1125,   138008.004000+30d;
1126,   137539.921800+30d;
1127,   136775.415600+30d;
1128,   136563.916800+30d;
1129,   136564.399800+30d;
1130,   136857.912000+30d;
1131,   136921.737000+30d;
1132,   137000.769600+30d;
1133,   137039.561400+30d;
1134,   137165.417400+30d;
1135,   137265.012000+30d;
1136,   137310.345000+30d;
1137,   137359.335000+30d;
1138,   137559.959400+30d;
1139,   137953.190400+30d;
1140,   138109.710000+30d;
1141,   138346.242000+30d;
1142,   138589.260000+30d;
1143,   139010.712000+30d;
1144,   139322.730000+30d;
1145,   139560.228000+30d;
1146,   139947.732000+30d;
1147,   140053.026000+30d;
1148,   140064.480000+30d;
1149,   140458.746000+30d;
1150,   140604.474000+30d;
1151,   140821.686000+30d;
1152,   140724.672000+30d;
1153,   140779.182000+30d;
1154,   140907.522000+30d;
1155,   140936.640000+30d;
1156,   140901.036000+30d;
1157,   140952.096000+30d;
1158,   140981.076000+30d;
1159,   140894.412000+30d;
1160,   141160.890000+30d;
1161,   141356.712000+30d;
1162,   141357.540000+30d;
1163,   141304.962000+30d;
1164,   141374.238000+30d;
1165,   141335.460000+30d;
1166,   141227.268000+30d;
1167,   141088.578000+30d;
1168,   140938.296000+30d;
1169,   140956.926000+30d;
1170,   140738.886000+30d;
1171,   140641.458000+30d;
1172,   140417.898000+30d;
1173,   140101.602000+30d;
1174,   139602.180000+30d;
1175,   139362.612000+30d;
1176,   138839.454000+30d;
1177,   138419.934000+30d;
1178,   138217.212000+30d;
1179,   137841.686400+30d;
1180,   137573.221200+30d;
1181,   137535.298800+30d;
1182,   137516.544600+30d;
1183,   137843.135400+30d;
1184,   138056.442000+30d;
1185,   138284.832000+30d;
1186,   138255.714000+30d;
1187,   138349.830000+30d;
1188,   138146.694000+30d;
1189,   138154.836000+30d;
1190,   138217.764000+30d;
1191,   137698.111200+30d;
1192,   137813.299800+30d;
1193,   137637.211800+30d;
1194,   137545.221000+30d;
1195,   137447.227200+30d;
1196,   137663.804400+30d;
1197,   137740.146000+30d;
1198,   137746.356000+30d;
1199,   137684.642400+30d;
1200,   137703.990000+30d;
1201,   137520.588000+30d;
1202,   137448.013800+30d;
1203,   137423.049600+30d;
1204,   137317.424400+30d;
1205,   137333.777400+30d;
1206,   137533.725600+30d;
1207,   137595.673800+30d;
1208,   137713.208400+30d;
1209,   137914.205400+30d;
1210,   138061.824000+30d;
1211,   138094.530000+30d;
1212,   138166.704000+30d;
1213,   138039.882000+30d;
1214,   137895.189000+30d;
1215,   137889.986400+30d;
1216,   137895.768600+30d;
1217,   137749.392000+30d;
1218,   137562.954000+30d;
1219,   137104.697400+30d;
1220,   136657.825800+30d;
1221,   136285.722600+30d;
1222,   136502.230800+30d;
1223,   136655.714400+30d;
1224,   136839.406200+30d;
1225,   137111.914800+30d;
1226,   137187.966600+30d;
1227,   137372.665800+30d;
1228,   137412.437400+30d;
1229,   137521.733400+30d;
1230,   137633.651400+30d;
1231,   137670.221400+30d;
1232,   137770.671600+30d;
1233,   138035.190000+30d;
1234,   138004.968000+30d;
1235,   138136.206000+30d;
1236,   138537.786000+30d;
1237,   138813.234000+30d;
1238,   138844.422000+30d;
1239,   139026.720000+30d;
1240,   139324.800000+30d;
1241,   139468.872000+30d;
1242,   139619.982000+30d;
1243,   139837.332000+30d;
1244,   139987.062000+30d;
1245,   140194.890000+30d;
1246,   140231.874000+30d;
1247,   139679.322000+30d;
1248,   139726.932000+30d;
1249,   139737.282000+30d;
1250,   139931.586000+30d;
1251,   139749.978000+30d;
1252,   139635.024000+30d;
1253,   139694.088000+30d;
1254,   139704.162000+30d;
1255,   139661.244000+30d;
1256,   139512.894000+30d;
1257,   139537.044000+30d;
1258,   139449.138000+30d;
1259,   139299.546000+30d;
1260,   139371.858000+30d;
1261,   139263.528000+30d;
1262,   139155.198000+30d;
1263,   139118.628000+30d;
1264,   138986.424000+30d;
1265,   138638.940000+30d;
1266,   138442.980000+30d;
1267,   138121.440000+30d;
1268,   137845.053600+30d;
1269,   137604.395400+30d;
1270,   137169.778200+30d;
1271,   136903.672800+30d;
1272,   136769.247000+30d;
1273,   136466.337000+30d;
1274,   136220.683200+30d;
1275,   136254.162000+30d;
1276,   136415.194200+30d;
1277,   136881.813600+30d;
1278,   137204.457600+30d;
1279,   137520.146400+30d;
1280,   137515.192200+30d;
1281,   137448.510600+30d;
1282,   137354.339400+30d;
1283,   137116.800000+30d;
1284,   137017.716000+30d;
1285,   137081.527200+30d;
1286,   137152.279800+30d;
1287,   136976.371200+30d;
1288,   137039.658000+30d;
1289,   137024.491800+30d;
1290,   137004.192000+30d;
1291,   137005.296000+30d;
1292,   137086.315800+30d;
1293,   137196.067200+30d;
1294,   137109.706800+30d;
1295,   137155.467600+30d;
1296,   137015.590800+30d;
1297,   136832.092200+30d;
1298,   136878.667200+30d;
1299,   136969.498800+30d;
1300,   136952.469600+30d;
1301,   137058.605400+30d;
1302,   137228.607600+30d;
1303,   137160.546000+30d;
1304,   137500.950600+30d;
1305,   137731.879800+30d;
1306,   137871.259800+30d;
1307,   137706.363600+30d;
1308,   137963.830200+30d;
1309,   137875.427400+30d;
1310,   137939.266200+30d;
1311,   138021.114000+30d;
1312,   137834.262000+30d;
1313,   137808.952800+30d;
1314,   137899.963800+30d;
1315,   137327.029200+30d;
1316,   136861.251600+30d;
1317,   136444.119000+30d;
1318,   136688.682600+30d;
1319,   136721.443800+30d;
1320,   136911.124800+30d;
1321,   136957.948200+30d;
1322,   136904.073000+30d;
1323,   137132.228400+30d;
1324,   137180.818200+30d;
1325,   137336.289000+30d;
1326,   137369.533200+30d;
1327,   137460.116400+30d;
1328,   137589.588000+30d;
1329,   137687.871600+30d;
1330,   137725.407600+30d;
1331,   137902.820400+30d;
1332,   138220.662000+30d;
1333,   138470.442000+30d;
1334,   138618.792000+30d;
1335,   138796.536000+30d;
1336,   138990.012000+30d;
1337,   139049.766000+30d;
1338,   139274.154000+30d;
1339,   139366.200000+30d;
1340,   139351.434000+30d;
1341,   139680.012000+30d;
1342,   139795.242000+30d;
1343,   139740.180000+30d;
1344,   139610.322000+30d;
1345,   139766.124000+30d;
1346,   139730.382000+30d;
1347,   139670.766000+30d;
1348,   139751.496000+30d;
1349,   139843.404000+30d;
1350,   139874.178000+30d;
1351,   139815.390000+30d;
1352,   139682.634000+30d;
1353,   139620.810000+30d;
1354,   139737.972000+30d;
1355,   139651.860000+30d;
1356,   139517.310000+30d;
1357,   139436.718000+30d;
1358,   139353.090000+30d;
1359,   139192.182000+30d;
1360,   139039.140000+30d;
1361,   138921.150000+30d;
1362,   138806.748000+30d;
1363,   138466.578000+30d;
1364,   138141.174000+30d;
1365,   137732.859600+30d;
1366,   137088.399600+30d;
1367,   136751.693400+30d;
1368,   136590.288600+30d;
1369,   136414.918200+30d;
1370,   136285.156800+30d;
1371,   136149.406200+30d;
1372,   136431.133200+30d;
1373,   137160.242400+30d;
1374,   137221.473000+30d;
1375,   137105.594400+30d;
1376,   137147.132400+30d;
1377,   137178.513600+30d;
1378,   137113.557000+30d;
1379,   136938.849000+30d;
1380,   136991.509800+30d;
1381,   137138.824800+30d;
1382,   137146.028400+30d;
1383,   137197.654200+30d;
1384,   137303.458800+30d;
1385,   137339.918400+30d;
1386,   137495.278800+30d;
1387,   137641.241400+30d;
1388,   137698.111200+30d;
1389,   137772.148200+30d;
1390,   137634.465600+30d;
1391,   137479.270800+30d;
1392,   137471.736000+30d;
1393,   137575.456800+30d;
1394,   137587.490400+30d;
1395,   137827.720800+30d;
1396,   137718.645600+30d;
1397,   137701.023000+30d;
1398,   137589.933000+30d;
1399,   137683.538400+30d;
1400,   137766.945600+30d;
1401,   137900.267400+30d;
1402,   137871.328800+30d;
1403,   138031.878000+30d;
1404,   137881.527000+30d;
1405,   137854.065000+30d;
1406,   137793.427800+30d;
1407,   137347.384200+30d;
1408,   137213.814000+30d;
1409,   137396.360400+30d;
1410,   137231.243400+30d;
1411,   136771.951800+30d;
1412,   136438.447200+30d;
1413,   135964.527600+30d;
1414,   135950.962200+30d;
1415,   136161.881400+30d;
1416,   136302.738000+30d;
1417,   136289.310600+30d;
1418,   136510.041600+30d;
1419,   136464.253200+30d;
1420,   136449.804600+30d;
1421,   136443.304800+30d;
1422,   136477.804800+30d;
1423,   136532.480400+30d;
1424,   136574.018400+30d;
1425,   136830.808800+30d;
1426,   136902.389400+30d;
1427,   137100.723000+30d;
1428,   137179.548600+30d;
1429,   137381.911800+30d;
1430,   137649.286800+30d;
1431,   137792.475600+30d;
1432,   138366.252000+30d;
1433,   138565.938000+30d;
1434,   138751.410000+30d;
1435,   138723.120000+30d;
1436,   138929.706000+30d;
1437,   138677.856000+30d;
1438,   138713.736000+30d;
1439,   138873.126000+30d;
1440,   138817.650000+30d;
1441,   138813.234000+30d;
1442,   138855.738000+30d;
1443,   138748.512000+30d;
1444,   138804.816000+30d;
1445,   138879.336000+30d;
1446,   138862.224000+30d;
1447,   138786.324000+30d;
1448,   138836.004000+30d;
1449,   138899.484000+30d;
1450,   138927.912000+30d;
1451,   138857.670000+30d;
1452,   138793.638000+30d;
1453,   138758.862000+30d;
1454,   138579.048000+30d;
1455,   138554.208000+30d;
1456,   138581.532000+30d;
1457,   138370.944000+30d;
1458,   138217.764000+30d;
1459,   137972.055000+30d;
1460,   137473.364400+30d;
1461,   137375.287800+30d;
1462,   137227.876200+30d;
1463,   137043.204600+30d;
1464,   136828.918200+30d;
1465,   136804.050600+30d;
1466,   136605.151200+30d;
1467,   136280.147400+30d;
1468,   136640.023800+30d;
1469,   137184.088800+30d;
1470,   137351.717400+30d;
1471,   137351.717400+30d;
1472,   137351.717400+30d;
1473,   137351.717400+30d;
1474,   137351.717400+30d;
1475,   137013.438000+30d;
1476,   137035.228200+30d;
1477,   137047.386000+30d;
1478,   136958.886600+30d;
1479,   136835.017800+30d;
1480,   137147.863800+30d;
1481,   137668.192800+30d;
1482,   137812.333800+30d;
1483,   137729.147400+30d;
1484,   137764.089000+30d;
1485,   137744.506800+30d;
1486,   137888.647800+30d;
1487,   138007.728000+30d;
1488,   138113.160000+30d;
1489,   138077.832000+30d;
1490,   138029.946000+30d;
1491,   138097.566000+30d;
1492,   138271.998000+30d;
1493,   138481.344000+30d;
1494,   138340.308000+30d;
1495,   138360.870000+30d;
1496,   138547.860000+30d;
1497,   138695.934000+30d;
1498,   138739.818000+30d;
1499,   138716.634000+30d;
1500,   138811.992000+30d;
1501,   138666.540000+30d;
1502,   138626.244000+30d;
1503,   138553.932000+30d;
1504,   138419.934000+30d;
1505,   138364.596000+30d;
1506,   138067.482000+30d;
1507,   137525.873400+30d;
1508,   136889.831400+30d;
1509,   136113.388200+30d;
1510,   136282.355400+30d;
1511,   136442.573400+30d;
1512,   136406.210400+30d;
1513,   136463.839200+30d;
1514,   136494.820200+30d;
1515,   136655.438400+30d;
1516,   136772.959200+30d;
1517,   136825.702800+30d;
1518,   136832.092200+30d;
1519,   136949.682000+30d;
1520,   137022.615000+30d;
1521,   137017.867800+30d;
1522,   137244.270600+30d;
1523,   137452.264200+30d;
1524,   137639.709600+30d;
1525,   137867.865000+30d;
1526,   138104.742000+30d;
1527,   138275.310000+30d;
1528,   138524.262000+30d;
1529,   138771.972000+30d;
1530,   138804.264000+30d;
1531,   138905.280000+30d;
1532,   139068.258000+30d;
1533,   139246.416000+30d;
1534,   139276.224000+30d;
1535,   139107.036000+30d;
1536,   139282.986000+30d;
1537,   139577.064000+30d;
1538,   139244.070000+30d;
1539,   139030.584000+30d;
1540,   138933.846000+30d;
1541,   138856.152000+30d;
1542,   138754.584000+30d;
1543,   138899.622000+30d;
1544,   139029.204000+30d;
1545,   139009.884000+30d;
1546,   138962.274000+30d;
1547,   139026.720000+30d;
1548,   139175.760000+30d;
1549,   139224.198000+30d;
1550,   139011.678000+30d;
1551,   138821.376000+30d;
1552,   138755.826000+30d;
1553,   138600.576000+30d;
1554,   138674.268000+30d;
1555,   138598.920000+30d;
1556,   138518.328000+30d;
1557,   138353.832000+30d;
1558,   138217.764000+30d;
1559,   138064.998000+30d;
1560,   138065.412000+30d;
1561,   138051.060000+30d;
1562,   138098.256000+30d;
1563,   137932.545600+30d;
1564,   137850.904800+30d;
1565,   138458.436000+30d;
1566,   138352.866000+30d;
1567,   138200.652000+30d;
1568,   138061.824000+30d;
1569,   137911.638600+30d;
1570,   137910.576000+30d;
1571,   137821.096800+30d;
1572,   137698.111200+30d;
1573,   137698.111200+30d;
1574,   137548.684800+30d;
1575,   137474.302800+30d;
1576,   137403.577800+30d;
1577,   137524.921200+30d;
1578,   137677.811400+30d;
1579,   137690.424600+30d;
1580,   137698.111200+30d;
1581,   137631.540000+30d;
1582,   137656.835400+30d;
1583,   137784.292200+30d;
1584,   137836.539000+30d;
1585,   138039.054000+30d;
1586,   138258.198000+30d;
1587,   138231.426000+30d;
1588,   138395.784000+30d;
1589,   138707.250000+30d;
1590,   138793.500000+30d;
1591,   138880.716000+30d;
1592,   138841.524000+30d;
1593,   138737.334000+30d;
1594,   138759.414000+30d;
1595,   138815.304000+30d;
1596,   138894.240000+30d;
1597,   138864.708000+30d;
1598,   138887.616000+30d;
1599,   138848.148000+30d;
1600,   138771.144000+30d;
1601,   138703.938000+30d;
1602,   138484.932000+30d;
1603,   138222.594000+30d;
1604,   137998.344000+30d;
1605,   137544.324000+30d;
1606,   137571.151200+30d;
1607,   137741.788200+30d;
1608,   137882.575800+30d;
1609,   137940.618600+30d;
1610,   137944.179000+30d;
1611,   138044.574000+30d;
1612,   138187.542000+30d;
1613,   138374.808000+30d;
1614,   138375.222000+30d;
1615,   138694.830000+30d;
1616,   138774.870000+30d;
1617,   138964.896000+30d;
1618,   139128.702000+30d;
1619,   139215.366000+30d;
1620,   139414.362000+30d;
1621,   139534.836000+30d;
1622,   139537.320000+30d;
1623,   139774.680000+30d;
1624,   140115.816000+30d;
1625,   140291.628000+30d;
1626,   140273.688000+30d;
1627,   140331.234000+30d;
1628,   140402.166000+30d;
1629,   140476.962000+30d;
1630,   140658.984000+30d;
1631,   140701.212000+30d;
1632,   140763.312000+30d;
1633,   140849.286000+30d;
1634,   140494.074000+30d;
1635,   140580.462000+30d;
1636,   140628.072000+30d;
1637,   140692.794000+30d;
1638,   140791.878000+30d;
1639,   140719.566000+30d;
1640,   140642.562000+30d;
1641,   140642.562000+30d;
1642,   140642.562000+30d;
1643,   140679.132000+30d;
1644,   140775.042000+30d;
1645,   140799.744000+30d;
1646,   140783.046000+30d;
1647,   140815.752000+30d;
1648,   140797.950000+30d;
1649,   140815.752000+30d;
1650,   140805.126000+30d;
1651,   140711.148000+30d;
1652,   140689.068000+30d;
1653,   140543.478000+30d;
1654,   140458.194000+30d;
1655,   140482.344000+30d;
1656,   140271.342000+30d;
1657,   140114.850000+30d;
1658,   139903.848000+30d;
1659,   139705.542000+30d;
1660,   139509.030000+30d;
1661,   139647.996000+30d;
1662,   139764.192000+30d;
1663,   139615.428000+30d;
1664,   139414.638000+30d;
1665,   139284.918000+30d;
1666,   139045.212000+30d;
1667,   138937.848000+30d;
1668,   138844.974000+30d;
1669,   138639.354000+30d;
1670,   138759.414000+30d;
1671,   138888.858000+30d;
1672,   138978.144000+30d;
1673,   138918.114000+30d;
1674,   138829.518000+30d;
1675,   138874.920000+30d;
1676,   138879.750000+30d;
1677,   138783.840000+30d;
1678,   138843.732000+30d;
1679,   138657.432000+30d;
1680,   138613.686000+30d;
1681,   138715.116000+30d;
1682,   138737.334000+30d;
1683,   138723.120000+30d;
1684,   138737.334000+30d;
1685,   138737.334000+30d;
1686,   138737.334000+30d;
1687,   138689.172000+30d;
1688,   138664.884000+30d;
1689,   138695.382000+30d;
1690,   138648.738000+30d;
1691,   138581.532000+30d;
1692,   138590.778000+30d;
1693,   138619.896000+30d;
1694,   138575.184000+30d;
1695,   138379.638000+30d;
1696,   138017.388000+30d;
1697,   137719.377000+30d;
1698,   137750.095800+30d;
1699,   137500.785000+30d;
1700,   137070.790800+30d;
1701,   136765.231200+30d;
1702,   136932.073200+30d;
1703,   137030.798400+30d;
1704,   137127.702000+30d;
1705,   137237.494800+30d;
1706,   137313.174000+30d;
1707,   137513.798400+30d;
1708,   137520.960600+30d;
1709,   137528.771400+30d;
1710,   137624.226000+30d;
1711,   137745.541800+30d;
1712,   137633.761800+30d;
1713,   137822.145600+30d;
1714,   138057.684000+30d;
1715,   138128.616000+30d;
1716,   138305.532000+30d;
1717,   138484.656000+30d;
1718,   138767.418000+30d;
1719,   138840.282000+30d;
1720,   138889.824000+30d;
1721,   138936.468000+30d;
1722,   139163.478000+30d;
1723,   139357.506000+30d;
1724,   139478.670000+30d;
1725,   139579.272000+30d;
1726,   139587.414000+30d;
1727,   139487.364000+30d;
1728,   139618.050000+30d;
1729,   139518.690000+30d;
1730,   139636.542000+30d;
1731,   139697.814000+30d;
1732,   139825.326000+30d;
1733,   139865.760000+30d;
1734,   139898.052000+30d;
1735,   139933.794000+30d;
1736,   139907.436000+30d;
1737,   139842.438000+30d;
1738,   139791.930000+30d;
1739,   139814.562000+30d;
1740,   139748.460000+30d;
1741,   139714.788000+30d;
1742,   139348.398000+30d;
1743,   139403.460000+30d;
1744,   139174.794000+30d;
1745,   138918.804000+30d;
1746,   138963.654000+30d;
1747,   138723.672000+30d;
1748,   138425.592000+30d;
1749,   138361.146000+30d;
1750,   138156.216000+30d;
1751,   137928.267600+30d;
1752,   137542.447200+30d;
1753,   137212.861800+30d;
1754,   137085.667200+30d;
1755,   137269.607400+30d;
1756,   137319.328800+30d;
1757,   137527.308600+30d;
1758,   137415.045600+30d;
1759,   137378.503200+30d;
1760,   137317.741800+30d;
1761,   137334.715800+30d;
1762,   137385.637800+30d;
1763,   137188.339200+30d;
1764,   137101.137000+30d;
1765,   136955.257200+30d;
1766,   136939.387200+30d;
1767,   137134.629600+30d;
1768,   137077.042200+30d;
1769,   137215.856400+30d;
1770,   137275.831200+30d;
1771,   137412.989400+30d;
1772,   137484.625200+30d;
1773,   137457.756600+30d;
1774,   137266.088400+30d;
1775,   137438.077800+30d;
1776,   137234.141400+30d;
1777,   137232.499200+30d;
1778,   137227.765800+30d;
1779,   137248.824600+30d;
1780,   137225.102400+30d;
1781,   137367.684000+30d;
1782,   137407.911000+30d;
1783,   137450.732400+30d;
1784,   137690.217600+30d;
1785,   137878.849800+30d;
1786,   137928.391800+30d;
1787,   137971.792800+30d;
1788,   138047.472000+30d;
1789,   138071.622000+30d;
1790,   138095.496000+30d;
1791,   138031.740000+30d;
1792,   137819.841000+30d;
1793,   137469.238200+30d;
1794,   137082.824400+30d;
1795,   136783.267800+30d;
1796,   136338.024600+30d;
1797,   135948.740400+30d;
1798,   135935.575200+30d;
1799,   136275.717600+30d;
1800,   136311.570000+30d;
1801,   136352.349000+30d;
1802,   136397.737200+30d;
1803,   136320.457200+30d;
1804,   136300.447200+30d;
1805,   136345.200600+30d;
1806,   136411.012800+30d;
1807,   136566.028200+30d;
1808,   136653.892800+30d;
1809,   136783.309200+30d;
1810,   137092.870800+30d;
1811,   137371.713600+30d;
1812,   137596.833000+30d;
1813,   138004.830000+30d;
1814,   138401.856000+30d;
1815,   138515.568000+30d;
1816,   138666.954000+30d;
1817,   138997.050000+30d;
1818,   138996.636000+30d;
1819,   138898.104000+30d;
1820,   139064.670000+30d;
1821,   139357.092000+30d;
1822,   139459.212000+30d;
1823,   139569.060000+30d;
1824,   139588.380000+30d;
1825,   139650.066000+30d;
1826,   139677.942000+30d;
1827,   139800.486000+30d;
1828,   139944.972000+30d;
1829,   139858.032000+30d;
1830,   139611.840000+30d;
1831,   139596.246000+30d;
1832,   139599.144000+30d;
1833,   139560.504000+30d;
1834,   139669.110000+30d;
1835,   139542.564000+30d;
1836,   139420.020000+30d;
1837,   139430.232000+30d;
1838,   139272.084000+30d;
1839,   138974.280000+30d;
1840,   139004.916000+30d;
1841,   138732.090000+30d;
1842,   138406.824000+30d;
1843,   138186.714000+30d;
1844,   137871.425400+30d;
1845,   137739.111000+30d;
1846,   137189.029200+30d;
1847,   136818.099000+30d;
1848,   136598.085600+30d;
1849,   136583.844000+30d;
1850,   136446.327000+30d;
1851,   136274.172000+30d;
1852,   136329.717000+30d;
1853,   137160.283800+30d;
1854,   137296.227600+30d;
1855,   137369.685000+30d;
1856,   137519.925600+30d;
1857,   137583.115800+30d;
1858,   137440.272000+30d;
1859,   137557.047600+30d;
1860,   137609.887800+30d;
1861,   137890.566000+30d;
1862,   138172.776000+30d;
1863,   137862.662400+30d;
1864,   138116.334000+30d;
1865,   138302.634000+30d;
1866,   138487.554000+30d;
1867,   138628.590000+30d;
1868,   138919.356000+30d;
1869,   138998.154000+30d;
1870,   139049.904000+30d;
1871,   139079.712000+30d;
1872,   138720.222000+30d;
1873,   138676.614000+30d;
1874,   138615.480000+30d;
1875,   138397.716000+30d;
1876,   138502.458000+30d;
1877,   138681.720000+30d;
1878,   138996.222000+30d;
1879,   139022.856000+30d;
1880,   139246.692000+30d;
1881,   139443.204000+30d;
1882,   139450.794000+30d;
1883,   139712.304000+30d;
1884,   139660.002000+30d;
1885,   139631.022000+30d;
1886,   139460.730000+30d;
1887,   139242.000000+30d;
1888,   139097.514000+30d;
1889,   138723.258000+30d;
1890,   138464.784000+30d;
1891,   137981.011200+30d;
1892,   137609.211600+30d;
1893,   136984.251000+30d;
1894,   136756.620000+30d;
1895,   137090.179800+30d;
1896,   137112.977400+30d;
1897,   137056.342200+30d;
1898,   136930.569000+30d;
1899,   137034.179400+30d;
1900,   137005.296000+30d;
1901,   136973.349000+30d;
1902,   136972.590000+30d;
1903,   137080.768200+30d;
1904,   137146.042200+30d;
1905,   137353.828800+30d;
1906,   137498.632200+30d;
1907,   137547.360000+30d;
1908,   137656.173000+30d;
1909,   138012.558000+30d;
1910,   138640.182000+30d;
1911,   138714.978000+30d;
1912,   138873.678000+30d;
1913,   138945.576000+30d;
1914,   139222.266000+30d;
1915,   139125.942000+30d;
1916,   139053.906000+30d;
1917,   139225.854000+30d;
1918,   139296.786000+30d;
1919,   139134.636000+30d;
1920,   139393.938000+30d;
1921,   139496.196000+30d;
1922,   139593.486000+30d;
1923,   139535.112000+30d;
1924,   139575.684000+30d;
1925,   139490.538000+30d;
1926,   139541.736000+30d;
1927,   139447.758000+30d;
1928,   139631.298000+30d;
1929,   139590.588000+30d;
1930,   139561.332000+30d;
1931,   139511.790000+30d;
1932,   139427.886000+30d;
1933,   139433.268000+30d;
1934,   139244.070000+30d;
1935,   139256.904000+30d;
1936,   139228.338000+30d;
1937,   138920.736000+30d;
1938,   138309.948000+30d;
1939,   138013.386000+30d;
1940,   137925.397200+30d;
1941,   137554.260000+30d;
1942,   136877.232000+30d;
1943,   136561.032600+30d;
1944,   136428.897600+30d;
1945,   136223.774400+30d;
1946,   136292.263800+30d;
1947,   136330.641600+30d;
1948,   136696.824600+30d;
1949,   137400.293400+30d;
1950,   137653.178400+30d;
1951,   137607.279600+30d;
1952,   137582.646600+30d;
1953,   137522.313000+30d;
1954,   137406.144600+30d;
1955,   137495.113200+30d;
1956,   137644.912200+30d;
1957,   137563.023000+30d;
1958,   137632.492200+30d;
1959,   137692.618800+30d;
1960,   137614.717800+30d;
1961,   137926.873800+30d;
1962,   137955.012000+30d;
1963,   138077.832000+30d;
1964,   138276.828000+30d;
1965,   138518.604000+30d;
1966,   138422.832000+30d;
1967,   138376.050000+30d;
1968,   138328.992000+30d;
1969,   138391.230000+30d;
1970,   138332.580000+30d;
1971,   138747.408000+30d;
1972,   138751.134000+30d;
1973,   138763.968000+30d;
1974,   138682.548000+30d;
1975,   138796.398000+30d;
1976,   139051.146000+30d;
1977,   139182.108000+30d;
1978,   139201.842000+30d;
1979,   139091.994000+30d;
1980,   139264.632000+30d;
1981,   139319.418000+30d;
1982,   139354.746000+30d;
1983,   139213.986000+30d;
1984,   139038.864000+30d;
1985,   138959.652000+30d;
1986,   138806.886000+30d;
1987,   138121.164000+30d;
1988,   137637.929400+30d;
1989,   137384.589000+30d;
1990,   137423.187600+30d;
1991,   137546.076600+30d;
1992,   137520.036000+30d;
1993,   137633.044200+30d;
1994,   137732.473200+30d;
1995,   137618.057400+30d;
1996,   137461.951800+30d;
1997,   137680.723200+30d;
1998,   137462.379600+30d;
1999,   137616.705000+30d;
2000,   137869.824600+30d;
2001,   138010.902000+30d;
2002,   137933.359800+30d;
2003,   138158.286000+30d;
2004,   138302.772000+30d;
2005,   138522.882000+30d;
2006,   139180.728000+30d;
2007,   139103.310000+30d;
2008,   139316.934000+30d;
2009,   139546.428000+30d;
2010,   139622.604000+30d;
2011,   139743.216000+30d;
2012,   139929.792000+30d;
2013,   140145.900000+30d;
2014,   140257.956000+30d;
2015,   140163.840000+30d;
2016,   140131.134000+30d;
2017,   140195.856000+30d;
2018,   140279.484000+30d;
2019,   140176.950000+30d;
2020,   140269.686000+30d;
2021,   140376.360000+30d;
2022,   140326.818000+30d;
2023,   140353.314000+30d;
2024,   140245.122000+30d;
2025,   140316.192000+30d;
2026,   140358.144000+30d;
2027,   140199.996000+30d;
2028,   140146.314000+30d;
2029,   140140.380000+30d;
2030,   139950.768000+30d;
2031,   140083.386000+30d;
2032,   139780.890000+30d;
2033,   139525.176000+30d;
2034,   139469.286000+30d;
2035,   139099.308000+30d;
2036,   138725.466000+30d;
2037,   138310.776000+30d;
2038,   138050.646000+30d;
2039,   137656.200600+30d;
2040,   137194.383600+30d;
2041,   137066.609400+30d;
2042,   137174.746200+30d;
2043,   137335.157400+30d;
2044,   137731.700400+30d;
2045,   138093.840000+30d;
2046,   138202.860000+30d;
2047,   138194.718000+30d;
2048,   138183.126000+30d;
2049,   138388.194000+30d;
2050,   138537.234000+30d;
2051,   138243.984000+30d;
2052,   138339.756000+30d;
2053,   138423.798000+30d;
2054,   138393.714000+30d;
2055,   138501.078000+30d;
2056,   138656.604000+30d;
2057,   138747.132000+30d;
2058,   138509.358000+30d;
2059,   138521.088000+30d;
2060,   138520.812000+30d;
2061,   138739.404000+30d;
2062,   138708.768000+30d;
2063,   138604.854000+30d;
2064,   138655.776000+30d;
2065,   138653.706000+30d;
2066,   138892.308000+30d;
2067,   138901.968000+30d;
2068,   139055.148000+30d;
2069,   139294.854000+30d;
2070,   139434.096000+30d;
2071,   139661.658000+30d;
2072,   139826.292000+30d;
2073,   139919.442000+30d;
2074,   139932.828000+30d;
2075,   139831.122000+30d;
2076,   139884.252000+30d;
2077,   139954.356000+30d;
2078,   139929.378000+30d;
2079,   139863.276000+30d;
2080,   139815.942000+30d;
2081,   139776.612000+30d;
2082,   139639.716000+30d;
2083,   139160.856000+30d;
2084,   138832.968000+30d;
2085,   138169.050000+30d;
2086,   137582.453400+30d;
2087,   137594.832000+30d;
2088,   137628.697200+30d;
2089,   137761.508400+30d;
2090,   137912.025000+30d;
2091,   137840.444400+30d;
2092,   137754.608400+30d;
2093,   137733.811800+30d;
2094,   137548.698600+30d;
2095,   137701.851000+30d;
2096,   137861.144400+30d;
2097,   137995.942800+30d;
2098,   137916.358200+30d;
2099,   138110.814000+30d;
2100,   138630.522000+30d;
2101,   138795.294000+30d;
2102,   139219.230000+30d;
2103,   139385.382000+30d;
2104,   139782.684000+30d;
2105,   140065.308000+30d;
2106,   140095.116000+30d;
2107,   140234.358000+30d;
2108,   140532.990000+30d;
2109,   140674.578000+30d;
2110,   140696.658000+30d;
2111,   140717.358000+30d;
2112,   140913.042000+30d;
2113,   140995.290000+30d;
2114,   141081.954000+30d;
2115,   141159.372000+30d;
2116,   141262.458000+30d;
2117,   141273.360000+30d;
2118,   141384.726000+30d;
2119,   141508.650000+30d;
2120,   141508.650000+30d;
2121,   141503.406000+30d;
2122,   141392.730000+30d;
2123,   141451.104000+30d;
2124,   141340.842000+30d;
2125,   141251.142000+30d;
2126,   141191.664000+30d;
2127,   141143.778000+30d;
2128,   140991.840000+30d;
2129,   140762.898000+30d;
2130,   140445.360000+30d;
2131,   140427.420000+30d;
2132,   139962.912000+30d;
2133,   139690.776000+30d;
2134,   139247.244000+30d;
2135,   138811.302000+30d;
2136,   138442.290000+30d;
2137,   138334.926000+30d;
2138,   137857.570200+30d;
2139,   137817.343200+30d;
2140,   138188.232000+30d;
2141,   138506.736000+30d;
2142,   138628.176000+30d;
2143,   138780.804000+30d;
2144,   138862.914000+30d;
2145,   138867.468000+30d;
2146,   138882.096000+30d;
2147,   138910.524000+30d;
2148,   138931.086000+30d;
2149,   138910.386000+30d;
2150,   138738.990000+30d;
2151,   138771.282000+30d;
2152,   138922.530000+30d;
2153,   139045.488000+30d;
2154,   139083.714000+30d;
2155,   139233.030000+30d;
2156,   139256.904000+30d;
2157,   139352.262000+30d;
2158,   139366.200000+30d;
2159,   139418.226000+30d;
2160,   139384.554000+30d;
2161,   139360.818000+30d;
2162,   139390.074000+30d;
2163,   139422.642000+30d;
2164,   139430.232000+30d;
2165,   139556.088000+30d;
2166,   139759.638000+30d;
2167,   139802.004000+30d;
2168,   139965.534000+30d;
2169,   140123.544000+30d;
2170,   140208.000000+30d;
2171,   140278.794000+30d;
2172,   140296.182000+30d;
2173,   140135.274000+30d;
2174,   140122.992000+30d;
2175,   140058.822000+30d;
2176,   140016.180000+30d;
2177,   139894.050000+30d;
2178,   139755.084000+30d;
2179,   139324.800000+30d;
2180,   138929.706000+30d;
2181,   138345.552000+30d;
2182,   138145.590000+30d;
2183,   138260.130000+30d;
2184,   138295.458000+30d;
2185,   138364.734000+30d;
2186,   138441.048000+30d;
2187,   138551.172000+30d;
2188,   138479.412000+30d;
2189,   138547.308000+30d;
2190,   138665.988000+30d;
2191,   138530.472000+30d;
2192,   138649.842000+30d;
2193,   138727.950000+30d;
2194,   138804.126000+30d;
2195,   138941.574000+30d;
2196,   139146.090000+30d;
2197,   139312.794000+30d;
2198,   139578.582000+30d;
2199,   139821.462000+30d;
2200,   140044.056000+30d;
2201,   140363.940000+30d;
2202,   140556.588000+30d;
2203,   140718.876000+30d;
2204,   140918.838000+30d;
2205,   141168.618000+30d;
2206,   141372.720000+30d;
2207,   141518.034000+30d;
2208,   141538.734000+30d;
2209,   141677.148000+30d;
2210,   141625.674000+30d;
2211,   141716.616000+30d;
2212,   141924.168000+30d;
2213,   141783.684000+30d;
2214,   141714.132000+30d;
2215,   141855.030000+30d;
2216,   141762.018000+30d;
2217,   141747.804000+30d;
2218,   141681.840000+30d;
2219,   141681.840000+30d;
2220,   141681.840000+30d;
2221,   141681.840000+30d;
2222,   141569.094000+30d;
2223,   141508.650000+30d;
2224,   141508.650000+30d;
2225,   141492.918000+30d;
2226,   141336.564000+30d;
2227,   141213.192000+30d;
2228,   141103.758000+30d;
2229,   140921.598000+30d;
2230,   140754.618000+30d;
2231,   140524.572000+30d;
2232,   140234.910000+30d;
2233,   140050.128000+30d;
2234,   139736.868000+30d;
2235,   139596.108000+30d;
2236,   139538.010000+30d;
2237,   139865.346000+30d;
2238,   139846.578000+30d;
2239,   139699.056000+30d;
2240,   139514.136000+30d;
2241,   139394.904000+30d;
2242,   139277.466000+30d;
2243,   139141.398000+30d;
2244,   139137.810000+30d;
2245,   139083.714000+30d;
2246,   139083.714000+30d;
2247,   139083.714000+30d;
2248,   139083.714000+30d;
2249,   139083.714000+30d;
2250,   139083.714000+30d;
2251,   139180.038000+30d;
2252,   139198.806000+30d;
2253,   139289.610000+30d;
2254,   139397.388000+30d;
2255,   139430.232000+30d;
2256,   139430.232000+30d;
2257,   139446.516000+30d;
2258,   139603.422000+30d;
2259,   139591.554000+30d;
2260,   139603.422000+30d;
2261,   139680.978000+30d;
2262,   139796.760000+30d;
2263,   139796.760000+30d;
2264,   139868.520000+30d;
2265,   139949.802000+30d;
2266,   139984.026000+30d;
2267,   139977.816000+30d;
2268,   139932.414000+30d;
2269,   139949.802000+30d;
2270,   139752.048000+30d;
2271,   139603.422000+30d;
2272,   139486.674000+30d;
2273,   139413.396000+30d;
2274,   139169.688000+30d;
2275,   138927.360000+30d;
2276,   138573.804000+30d;
2277,   138169.464000+30d;
2278,   137762.405400+30d;
2279,   137835.338400+30d;
2280,   137842.459200+30d;
2281,   137989.194600+30d;
2282,   138044.574000+30d;
2283,   138151.524000+30d;
2284,   138179.952000+30d;
2285,   138217.764000+30d;
2286,   138315.054000+30d;
2287,   138299.874000+30d;
2288,   138390.954000+30d;
2289,   138418.140000+30d;
2290,   138544.962000+30d;
2291,   138612.168000+30d;
2292,   138818.616000+30d;
2293,   138975.798000+30d;
2294,   139201.152000+30d;
2295,   139414.776000+30d;
2296,   139528.626000+30d;
2297,   139640.682000+30d;
2298,   139760.466000+30d;
2299,   139816.218000+30d;
2300,   139942.902000+30d;
2301,   140134.998000+30d;
2302,   140112.918000+30d;
2303,   140068.758000+30d;
2304,   140164.806000+30d;
2305,   140133.756000+30d;
2306,   140168.946000+30d;
2307,   140295.906000+30d;
2308,   140430.594000+30d;
2309,   140330.820000+30d;
2310,   140366.424000+30d;
2311,   140461.920000+30d;
2312,   140397.474000+30d;
2313,   140296.182000+30d;
2314,   140296.182000+30d;
2315,   140256.024000+30d;
2316,   140167.842000+30d;
2317,   140278.104000+30d;
2318,   140167.842000+30d;
2319,   139999.068000+30d;
2320,   139935.312000+30d;
2321,   139840.920000+30d;
2322,   139649.928000+30d;
2323,   139752.324000+30d;
2324,   139659.450000+30d;
2325,   139717.686000+30d;
2326,   139555.398000+30d;
2327,   139334.874000+30d;
2328,   139113.108000+30d;
2329,   139169.964000+30d;
2330,   138942.954000+30d;
2331,   138846.630000+30d;
2332,   139168.170000+30d;
2333,   139467.630000+30d;
2334,   139389.798000+30d;
2335,   139302.168000+30d;
2336,   139254.696000+30d;
2337,   139148.298000+30d;
2338,   139112.418000+30d;
2339,   139103.448000+30d;
2340,   139025.064000+30d;
2341,   138991.806000+30d;
2342,   138778.596000+30d;
2343,   138720.774000+30d;
2344,   138737.334000+30d;
2345,   138818.478000+30d;
2346,   138994.014000+30d;
2347,   138951.648000+30d;
2348,   138886.374000+30d;
2349,   138775.974000+30d;
2350,   138671.232000+30d;
2351,   138737.334000+30d;
2352,   138756.792000+30d;
2353,   138749.616000+30d;
2354,   138883.752000+30d;
2355,   138890.790000+30d;
2356,   138880.992000+30d;
2357,   138990.012000+30d;
2358,   138961.860000+30d;
2359,   138942.816000+30d;
2360,   138910.524000+30d;
2361,   139111.728000+30d;
2362,   139301.478000+30d;
2363,   139231.098000+30d;
2364,   139061.910000+30d;
2365,   138966.690000+30d;
2366,   138833.934000+30d;
2367,   138548.964000+30d;
2368,   138256.818000+30d;
2369,   138294.078000+30d;
2370,   138037.260000+30d;
2371,   137736.613200+30d;
2372,   137394.152400+30d;
2373,   136732.980600+30d;
2374,   136550.158200+30d;
2375,   136658.888400+30d;
2376,   136686.833400+30d;
2377,   136854.572400+30d;
2378,   136982.995200+30d;
2379,   137121.837000+30d;
2380,   137238.516000+30d;
2381,   137379.082800+30d;
2382,   137459.150400+30d;
2383,   137535.298800+30d;
2384,   137759.121000+30d;
2385,   138017.526000+30d;
2386,   138366.942000+30d;
2387,   138331.890000+30d;
2388,   138581.946000+30d;
2389,   138637.008000+30d;
2390,   138871.746000+30d;
2391,   138922.806000+30d;
2392,   139085.784000+30d;
2393,   139452.450000+30d;
2394,   139601.490000+30d;
2395,   139476.600000+30d;
2396,   139477.014000+30d;
2397,   139651.860000+30d;
2398,   139700.850000+30d;
2399,   139772.748000+30d;
2400,   139759.776000+30d;
2401,   139716.168000+30d;
2402,   139709.544000+30d;
2403,   139966.362000+30d;
2404,   140191.578000+30d;
2405,   140062.824000+30d;
2406,   140031.636000+30d;
2407,   139965.396000+30d;
2408,   140052.474000+30d;
2409,   140057.994000+30d;
2410,   139980.576000+30d;
2411,   139959.462000+30d;
2412,   139949.802000+30d;
2413,   139811.112000+30d;
2414,   139729.140000+30d;
2415,   139584.240000+30d;
2416,   139476.186000+30d;
2417,   139198.530000+30d;
2418,   138913.284000+30d;
2419,   138565.662000+30d;
2420,   138387.642000+30d;
2421,   138012.144000+30d;
2422,   137497.404000+30d;
2423,   137169.267600+30d;
2424,   136779.072600+30d;
2425,   136433.327400+30d;
2426,   136531.790400+30d;
2427,   136504.839000+30d;
2428,   136666.105800+30d;
2429,   137101.440600+30d;
2430,   137068.500000+30d;
2431,   137248.659000+30d;
2432,   137070.970200+30d;
2433,   137056.452600+30d;
2434,   137087.406000+30d;
2435,   137127.853800+30d;
2436,   137127.895200+30d;
2437,   137232.996000+30d;
2438,   137096.251800+30d;
2439,   137175.960600+30d;
2440,   137297.731800+30d;
2441,   137415.128400+30d;
2442,   137362.302000+30d;
2443,   137529.640800+30d;
2444,   137350.158000+30d;
2445,   137453.934000+30d;
2446,   137592.748200+30d;
2447,   137610.053400+30d;
2448,   137600.835000+30d;
2449,   137538.196800+30d;
2450,   137544.738000+30d;
2451,   137539.245600+30d;
2452,   137658.049800+30d;
2453,   137661.969000+30d;
2454,   137609.391000+30d;
2455,   137816.694600+30d;
2456,   138025.944000+30d;
2457,   137995.432200+30d;
2458,   138023.736000+30d;
2459,   137871.480600+30d;
2460,   137925.935400+30d;
2461,   138009.660000+30d;
2462,   137951.769000+30d;
2463,   137903.565600+30d;
2464,   137871.715200+30d;
2465,   137871.328800+30d;
2466,   137694.178200+30d;
2467,   137144.924400+30d;
2468,   136810.578000+30d;
2469,   136267.313400+30d;
2470,   136009.460400+30d;
2471,   136037.005200+30d;
2472,   136156.596000+30d;
2473,   136207.048800+30d;
2474,   136312.853400+30d;
2475,   136536.772200+30d;
2476,   136658.888400+30d;
2477,   136806.879600+30d;
2478,   136930.720800+30d;
2479,   137111.914800+30d;
2480,   137219.140800+30d;
2481,   137387.293800+30d;
2482,   137637.888000+30d;
2483,   137877.966600+30d;
2484,   138026.496000+30d;
2485,   138334.098000+30d;
2486,   138716.496000+30d;
2487,   138778.734000+30d;
2488,   139170.378000+30d;
2489,   139417.122000+30d;
2490,   139458.936000+30d;
2491,   139602.732000+30d;
2492,   139635.990000+30d;
2493,   139614.600000+30d;
2494,   139892.394000+30d;
2495,   139824.774000+30d;
2496,   139889.220000+30d;
2497,   139918.890000+30d;
2498,   139821.600000+30d;
2499,   139828.914000+30d;
2500,   140014.524000+30d;
2501,   140068.482000+30d;
2502,   140141.622000+30d;
2503,   140281.692000+30d;
2504,   140186.196000+30d;
2505,   140158.734000+30d;
2506,   140264.028000+30d;
2507,   140169.774000+30d;
2508,   140126.580000+30d;
2509,   140070.000000+30d;
2510,   139901.364000+30d;
2511,   140023.770000+30d;
2512,   139912.404000+30d;
2513,   139674.906000+30d;
2514,   139488.192000+30d;
2515,   139290.300000+30d;
2516,   138828.276000+30d;
2517,   138446.292000+30d;
2518,   137899.922400+30d;
2519,   137734.488000+30d;
2520,   137482.762200+30d;
2521,   137324.669400+30d;
2522,   137084.107800+30d;
2523,   136831.554000+30d;
2524,   136865.157000+30d;
2525,   137252.564400+30d;
2526,   137462.407200+30d;
2527,   137492.008200+30d;
2528,   137461.303200+30d;
2529,   137418.923400+30d;
2530,   137270.242200+30d;
2531,   137285.905200+30d;
2532,   137077.663200+30d;
2533,   137147.518800+30d;
2534,   136996.284600+30d;
2535,   136984.292400+30d;
2536,   137142.813000+30d;
2537,   137284.069800+30d;
2538,   137244.325800+30d;
2539,   137330.258400+30d;
2540,   137411.374800+30d;
2541,   137588.470200+30d;
2542,   137514.571200+30d;
2543,   137484.211200+30d;
2544,   137487.868200+30d;
2545,   137459.964600+30d;
2546,   137547.360000+30d;
2547,   137567.618400+30d;
2548,   137526.039000+30d;
2549,   137737.800000+30d;
2550,   137899.260000+30d;
2551,   137999.572200+30d;
2552,   137980.735200+30d;
2553,   138148.902000+30d;
2554,   138132.756000+30d;
2555,   138091.494000+30d;
2556,   138390.126000+30d;
2557,   138366.114000+30d;
2558,   138266.478000+30d;
2559,   138154.836000+30d;
2560,   138145.314000+30d;
2561,   137947.408200+30d;
2562,   137715.871800+30d;
2563,   137440.051200+30d;
2564,   136940.739600+30d;
2565,   136405.437600+30d;
2566,   136346.732400+30d;
2567,   136589.419200+30d;
2568,   136594.235400+30d;
2569,   136730.179200+30d;
2570,   136933.039200+30d;
2571,   137021.373000+30d;
2572,   136896.952200+30d;
2573,   136910.683200+30d;
2574,   136982.608800+30d;
2575,   137213.689800+30d;
2576,   137486.557200+30d;
2577,   137720.053200+30d;
2578,   137871.328800+30d;
2579,   138057.684000+30d;
2580,   138261.648000+30d;
2581,   138294.354000+30d;
2582,   138454.572000+30d;
2583,   138661.986000+30d;
2584,   139000.914000+30d;
2585,   139144.848000+30d;
2586,   139282.710000+30d;
2587,   139489.158000+30d;
2588,   139651.722000+30d;
2589,   139874.316000+30d;
2590,   140020.182000+30d;
2591,   140149.902000+30d;
2592,   140182.608000+30d;
2593,   140158.044000+30d;
2594,   140106.846000+30d;
2595,   140236.428000+30d;
2596,   140430.042000+30d;
2597,   140428.662000+30d;
2598,   140368.494000+30d;
2599,   140457.918000+30d;
2600,   140607.234000+30d;
2601,   140728.674000+30d;
2602,   140802.780000+30d;
2603,   140674.026000+30d;
2604,   140728.674000+30d;
2605,   140611.236000+30d;
2606,   140608.752000+30d;
2607,   140719.152000+30d;
2608,   140544.582000+30d;
2609,   140461.230000+30d;
2610,   140199.858000+30d;
2611,   139973.952000+30d;
2612,   139737.282000+30d;
2613,   139355.160000+30d;
2614,   139130.496000+30d;
2615,   138903.486000+30d;
2616,   138915.906000+30d;
2617,   138589.260000+30d;
2618,   138536.544000+30d;
2619,   138282.624000+30d;
2620,   138281.382000+30d;
2621,   138506.322000+30d;
2622,   138638.112000+30d;
2623,   138671.784000+30d;
2624,   138597.402000+30d;
2625,   138556.968000+30d;
2626,   138415.380000+30d;
2627,   138111.504000+30d;
2628,   137900.198400+30d;
2629,   137741.512200+30d;
2630,   137856.314400+30d;
2631,   137995.266600+30d;
2632,   137772.783000+30d;
2633,   137803.336200+30d;
2634,   137607.831600+30d;
2635,   137443.804800+30d;
2636,   137456.114400+30d;
2637,   137646.057600+30d;
2638,   137735.343600+30d;
2639,   137887.695600+30d;
2640,   137837.601600+30d;
2641,   137775.460200+30d;
2642,   138051.612000+30d;
2643,   138288.558000+30d;
2644,   138474.858000+30d;
2645,   138477.342000+30d;
2646,   138564.144000+30d;
2647,   138588.570000+30d;
2648,   138557.520000+30d;
2649,   138730.020000+30d;
2650,   138831.036000+30d;
2651,   138780.804000+30d;
2652,   138866.640000+30d;
2653,   138720.498000+30d;
2654,   138705.318000+30d;
2655,   138672.198000+30d;
2656,   138520.260000+30d;
2657,   138462.852000+30d;
2658,   138543.306000+30d;
2659,   138169.878000+30d;
2660,   137754.705000+30d;
2661,   137231.726400+30d;
2662,   136736.830800+30d;
2663,   136655.410800+30d;
2664,   136725.087000+30d;
2665,   136933.577400+30d;
2666,   137150.154600+30d;
2667,   137207.949000+30d;
2668,   137212.282200+30d;
2669,   136929.051000+30d;
2670,   136988.722200+30d;
2671,   137155.481400+30d;
2672,   137544.958800+30d;
2673,   137931.069000+30d;
2674,   137824.284600+30d;
2675,   137913.653400+30d;
2676,   138319.884000+30d;
2677,   138868.572000+30d;
2678,   139218.126000+30d;
2679,   139542.288000+30d;
2680,   139959.876000+30d;
2681,   140285.694000+30d;
2682,   140334.960000+30d;
2683,   140035.914000+30d;
2684,   140302.530000+30d;
2685,   140414.034000+30d;
2686,   140540.028000+30d;
2687,   140726.190000+30d;
2688,   140770.212000+30d;
2689,   140629.866000+30d;
2690,   140728.950000+30d;
2691,   140579.772000+30d;
2692,   140359.386000+30d;
2693,   140412.654000+30d;
2694,   140720.532000+30d;
2695,   140708.940000+30d;
2696,   140624.760000+30d;
2697,   140526.090000+30d;
2698,   140518.224000+30d;
2699,   140468.682000+30d;
2700,   140359.938000+30d;
2701,   140337.030000+30d;
2702,   140294.112000+30d;
2703,   140179.986000+30d;
2704,   139854.720000+30d;
2705,   139496.472000+30d;
2706,   139251.246000+30d;
2707,   138818.478000+30d;
2708,   138516.258000+30d;
2709,   138717.048000+30d;
2710,   138257.232000+30d;
2711,   137552.811000+30d;
2712,   137235.949200+30d;
2713,   137392.524000+30d;
2714,   137106.422400+30d;
2715,   136780.894200+30d;
2716,   136969.912800+30d;
2717,   137368.236000+30d;
2718,   137213.248200+30d;
2719,   137259.823200+30d;
2720,   137152.597200+30d;
2721,   137097.093600+30d;
2722,   137029.225200+30d;
2723,   136923.186000+30d;
2724,   136764.265200+30d;
2725,   136758.441600+30d;
2726,   136738.997400+30d;
2727,   136729.986000+30d;
2728,   136647.765600+30d;
2729,   136686.474600+30d;
2730,   136534.108800+30d;
2731,   136591.199400+30d;
2732,   136645.157400+30d;
2733,   136853.454600+30d;
2734,   136793.604000+30d;
2735,   136474.230600+30d;
2736,   136868.082600+30d;
2737,   136738.873200+30d;
2738,   136644.384600+30d;
2739,   136714.102200+30d;
2740,   136825.537200+30d;
2741,   136954.111800+30d;
2742,   137085.929400+30d;
2743,   137336.799600+30d;
2744,   137472.467400+30d;
2745,   137553.487200+30d;
2746,   137892.787800+30d;
2747,   138051.198000+30d;
2748,   138070.380000+30d;
2749,   138099.912000+30d;
2750,   138033.948000+30d;
2751,   137824.643400+30d;
2752,   137900.170800+30d;
2753,   137913.474000+30d;
2754,   138019.872000+30d;
2755,   137626.144200+30d;
2756,   137424.015600+30d;
2757,   136950.496200+30d;
2758,   136534.095000+30d;
2759,   136526.974200+30d;
2760,   136613.762400+30d;
2761,   136750.975800+30d;
2762,   136756.275000+30d;
2763,   136819.975800+30d;
2764,   136921.392000+30d;
2765,   136996.063800+30d;
2766,   137040.417000+30d;
2767,   137203.726200+30d;
2768,   137549.457600+30d;
2769,   137670.690600+30d;
2770,   137955.232800+30d;
2771,   138037.950000+30d;
2772,   138189.474000+30d;
2773,   138539.718000+30d;
2774,   139061.634000+30d;
2775,   139367.442000+30d;
2776,   139543.392000+30d;
2777,   139551.672000+30d;
2778,   139581.618000+30d;
2779,   139766.262000+30d;
2780,   139879.146000+30d;
2781,   139996.446000+30d;
2782,   140235.738000+30d;
2783,   140318.676000+30d;
2784,   140229.114000+30d;
2785,   140166.324000+30d;
2786,   140241.810000+30d;
2787,   140358.420000+30d;
2788,   140350.554000+30d;
2789,   140325.576000+30d;
2790,   140277.276000+30d;
2791,   140292.732000+30d;
2792,   140170.878000+30d;
2793,   140275.482000+30d;
2794,   140337.444000+30d;
2795,   140350.278000+30d;
2796,   140231.598000+30d;
2797,   140214.210000+30d;
2798,   140137.620000+30d;
2799,   139946.352000+30d;
2800,   139900.260000+30d;
2801,   139787.100000+30d;
2802,   139571.958000+30d;
2803,   139389.660000+30d;
2804,   139149.816000+30d;
2805,   138920.046000+30d;
2806,   138369.978000+30d;
2807,   137867.768400+30d;
2808,   137479.712400+30d;
2809,   137525.859600+30d;
2810,   137427.424200+30d;
2811,   137284.635600+30d;
2812,   137695.434000+30d;
2813,   138044.574000+30d;
2814,   138028.014000+30d;
2815,   138168.498000+30d;
2816,   138045.816000+30d;
2817,   137885.280600+30d;
2818,   137905.870200+30d;
2819,   137713.608600+30d;
2820,   137555.419200+30d;
2821,   137631.333000+30d;
2822,   137646.430200+30d;
2823,   137565.824400+30d;
2824,   137578.037400+30d;
2825,   137678.128800+30d;
2826,   137712.532200+30d;
2827,   137851.125600+30d;
2828,   138003.174000+30d;
2829,   138220.386000+30d;
2830,   138284.556000+30d;
2831,   138217.764000+30d;
2832,   138152.352000+30d;
2833,   138086.802000+30d;
2834,   138137.586000+30d;
2835,   138206.034000+30d;
2836,   138317.124000+30d;
2837,   138474.030000+30d;
2838,   138579.600000+30d;
2839,   138610.788000+30d;
2840,   138714.012000+30d;
2841,   138866.916000+30d;
2842,   138910.524000+30d;
2843,   138959.652000+30d;
2844,   139056.804000+30d;
2845,   138909.144000+30d;
2846,   138796.398000+30d;
2847,   138612.168000+30d;
2848,   138546.618000+30d;
2849,   138463.818000+30d;
2850,   138637.284000+30d;
2851,   138626.796000+30d;
2852,   137967.735600+30d;
2853,   137675.327400+30d;
2854,   137296.641600+30d;
2855,   137112.798000+30d;
2856,   137167.045800+30d;
2857,   137371.023600+30d;
2858,   137438.919600+30d;
2859,   137535.795600+30d;
2860,   137548.588200+30d;
2861,   137583.460800+30d;
2862,   137568.653400+30d;
2863,   137647.699800+30d;
2864,   137767.897800+30d;
2865,   137864.967000+30d;
2866,   137922.513000+30d;
2867,   137917.614000+30d;
2868,   138044.574000+30d;
2869,   138206.034000+30d;
2870,   138545.376000+30d;
2871,   138693.036000+30d;
2872,   138801.504000+30d;
2873,   138971.382000+30d;
2874,   139278.432000+30d;
2875,   139430.370000+30d;
2876,   139462.800000+30d;
2877,   139469.286000+30d;
2878,   139764.744000+30d;
2879,   139917.372000+30d;
2880,   140109.468000+30d;