0, 141492.918-90d
1,   142052.646000-90d;
2,   142050.576000-90d;
3,   142163.874000-90d;
4,   142290.696000-90d;
5,   142374.600000-90d;
6,   142295.112000-90d;
7,   142226.250000-90d;
8,   142374.048000-90d;
9,   142487.070000-90d;
10,   142547.928000-90d;
11,   142413.102000-90d;
12,   142374.600000-90d;
13,   142352.796000-90d;
14,   142428.006000-90d;
15,   142483.758000-90d;
16,   142547.928000-90d;
17,   142536.060000-90d;
18,   142487.622000-90d;
19,   142272.894000-90d;
20,   142201.410000-90d;
21,   142201.410000-90d;
22,   142282.968000-90d;
23,   142262.958000-90d;
24,   142213.002000-90d;
25,   142194.372000-90d;
26,   141998.274000-90d;
27,   141856.686000-90d;
28,   141855.720000-90d;
29,   141895.050000-90d;
30,   141826.602000-90d;
31,   141872.142000-90d;
32,   142040.502000-90d;
33,   142227.768000-90d;
34,   142271.790000-90d;
35,   142201.272000-90d;
36,   142158.078000-90d;
37,   142201.410000-90d;
38,   142141.656000-90d;
39,   142168.704000-90d;
40,   142240.740000-90d;
41,   142074.726000-90d;
42,   142062.720000-90d;
43,   142081.764000-90d;
44,   142041.330000-90d;
45,   141875.868000-90d;
46,   141855.030000-90d;
47,   141855.030000-90d;
48,   141855.030000-90d;
49,   141840.954000-90d;
50,   141967.362000-90d;
51,   142081.764000-90d;
52,   142201.410000-90d;
53,   142286.142000-90d;
54,   142374.600000-90d;
55,   142357.764000-90d;
56,   142412.826000-90d;
57,   142458.780000-90d;
58,   142643.286000-90d;
59,   142731.330000-90d;
60,   142860.498000-90d;
61,   142958.892000-90d;
62,   142974.900000-90d;
63,   142894.308000-90d;
64,   142746.234000-90d;
65,   142706.352000-90d;
66,   142625.760000-90d;
67,   142168.014000-90d;
68,   141882.492000-90d;
69,   141541.494000-90d;
70,   140984.802000-90d;
71,   140707.422000-90d;
72,   140811.888000-90d;
73,   140888.616000-90d;
74,   140989.080000-90d;
75,   140944.782000-90d;
76,   140879.094000-90d;
77,   141087.612000-90d;
78,   141061.254000-90d;
79,   140976.108000-90d;
80,   141003.570000-90d;
81,   141130.116000-90d;
82,   141303.996000-90d;
83,   141335.460000-90d;
84,   141335.460000-90d;
85,   141446.412000-90d;
86,   141609.528000-90d;
87,   141977.574000-90d;
88,   142123.440000-90d;
89,   142212.312000-90d;
90,   142268.892000-90d;
91,   142384.950000-90d;
92,   142726.224000-90d;
93,   142708.146000-90d;
94,   142727.190000-90d;
95,   142866.294000-90d;
96,   142894.308000-90d;
97,   143088.888000-90d;
98,   143297.958000-90d;
99,   143345.016000-90d;
100,   142973.934000-90d;
101,   143049.972000-90d;
102,   143174.448000-90d;
103,   143179.554000-90d;
104,   143127.666000-90d;
105,   143251.452000-90d;
106,   143367.096000-90d;
107,   143423.262000-90d;
108,   143535.180000-90d;
109,   143587.068000-90d;
110,   143477.772000-90d;
111,   143428.230000-90d;
112,   143427.678000-90d;
113,   143463.834000-90d;
114,   143459.556000-90d;
115,   143280.984000-90d;
116,   143248.692000-90d;
117,   143119.662000-90d;
118,   142992.288000-90d;
119,   142741.818000-90d;
120,   142616.514000-90d;
121,   142485.414000-90d;
122,   142230.666000-90d;
123,   142019.250000-90d;
124,   141814.320000-90d;
125,   141528.660000-90d;
126,   141607.734000-90d;
127,   141753.876000-90d;
128,   141977.988000-90d;
129,   142208.034000-90d;
130,   142184.022000-90d;
131,   142052.646000-90d;
132,   142059.408000-90d;
133,   142151.178000-90d;
134,   142185.126000-90d;
135,   141985.578000-90d;
136,   141810.594000-90d;
137,   141670.800000-90d;
138,   141638.646000-90d;
139,   141543.702000-90d;
140,   141521.070000-90d;
141,   141466.008000-90d;
142,   141392.730000-90d;
143,   141335.460000-90d;
144,   141449.586000-90d;
145,   141594.762000-90d;
146,   141764.916000-90d;
147,   141597.384000-90d;
148,   141544.944000-90d;
149,   141672.870000-90d;
150,   141652.032000-90d;
151,   141677.010000-90d;
152,   141747.804000-90d;
153,   141668.730000-90d;
154,   141690.810000-90d;
155,   141730.140000-90d;
156,   141833.088000-90d;
157,   141844.680000-90d;
158,   141855.030000-90d;
159,   141756.222000-90d;
160,   141611.598000-90d;
161,   141571.578000-90d;
162,   141568.542000-90d;
163,   141458.280000-90d;
164,   141363.336000-90d;
165,   141202.014000-90d;
166,   140892.066000-90d;
167,   140571.078000-90d;
168,   140588.880000-90d;
169,   140855.634000-90d;
170,   140958.444000-90d;
171,   141106.104000-90d;
172,   141044.418000-90d;
173,   141038.346000-90d;
174,   141123.354000-90d;
175,   141096.720000-90d;
176,   141095.202000-90d;
177,   141020.544000-90d;
178,   141055.596000-90d;
179,   141043.728000-90d;
180,   141112.176000-90d;
181,   141274.050000-90d;
182,   141328.974000-90d;
183,   141419.364000-90d;
184,   141498.300000-90d;
185,   141663.900000-90d;
186,   141681.840000-90d;
187,   141848.130000-90d;
188,   142061.202000-90d;
189,   142241.430000-90d;
190,   142261.026000-90d;
191,   142437.252000-90d;
192,   142547.928000-90d;
193,   142682.340000-90d;
194,   142847.388000-90d;
195,   142994.220000-90d;
196,   142894.308000-90d;
197,   143014.782000-90d;
198,   143235.582000-90d;
199,   143227.164000-90d;
200,   143121.042000-90d;
201,   143104.068000-90d;
202,   142944.264000-90d;
203,   142836.762000-90d;
204,   142886.166000-90d;
205,   142857.462000-90d;
206,   142823.514000-90d;
207,   142679.442000-90d;
208,   142634.316000-90d;
209,   142547.928000-90d;
210,   142496.040000-90d;
211,   142525.710000-90d;
212,   142480.860000-90d;
213,   142390.194000-90d;
214,   142357.488000-90d;
215,   142329.060000-90d;
216,   142374.600000-90d;
217,   142221.420000-90d;
218,   142070.448000-90d;
219,   141978.540000-90d;
220,   141898.224000-90d;
221,   141544.254000-90d;
222,   141267.150000-90d;
223,   141557.502000-90d;
224,   141665.280000-90d;
225,   141588.552000-90d;
226,   141418.536000-90d;
227,   141535.008000-90d;
228,   141665.004000-90d;
229,   141479.256000-90d;
230,   141490.158000-90d;
231,   141522.864000-90d;
232,   141587.310000-90d;
233,   141618.084000-90d;
234,   141541.908000-90d;
235,   141624.294000-90d;
236,   141883.596000-90d;
237,   141960.324000-90d;
238,   142048.368000-90d;
239,   142043.952000-90d;
240,   142150.902000-90d;
241,   142401.096000-90d;
242,   142482.516000-90d;
243,   142529.022000-90d;
244,   142703.454000-90d;
245,   142799.640000-90d;
246,   142894.308000-90d;
247,   143048.040000-90d;
248,   143086.680000-90d;
249,   142910.730000-90d;
250,   142894.308000-90d;
251,   143008.434000-90d;
252,   143054.250000-90d;
253,   143140.500000-90d;
254,   143160.924000-90d;
255,   143166.306000-90d;
256,   143210.466000-90d;
257,   143099.376000-90d;
258,   142888.098000-90d;
259,   142708.698000-90d;
260,   142609.200000-90d;
261,   142331.958000-90d;
262,   141678.390000-90d;
263,   141159.786000-90d;
264,   140989.080000-90d;
265,   141257.352000-90d;
266,   141335.046000-90d;
267,   141327.318000-90d;
268,   141347.466000-90d;
269,   141435.924000-90d;
270,   141384.588000-90d;
271,   141415.500000-90d;
272,   141363.474000-90d;
273,   141323.178000-90d;
274,   141301.512000-90d;
275,   141281.502000-90d;
276,   141335.460000-90d;
277,   141310.758000-90d;
278,   141397.836000-90d;
279,   141508.650000-90d;
280,   141560.814000-90d;
281,   141785.478000-90d;
282,   141864.966000-90d;
283,   142029.876000-90d;
284,   142183.470000-90d;
285,   142556.760000-90d;
286,   142804.884000-90d;
287,   142955.580000-90d;
288,   143271.876000-90d;
289,   143223.024000-90d;
290,   143032.584000-90d;
291,   143003.328000-90d;
292,   143067.222000-90d;
293,   143371.512000-90d;
294,   143624.466000-90d;
295,   143651.238000-90d;
296,   143635.506000-90d;
297,   143506.200000-90d;
298,   143471.838000-90d;
299,   143593.554000-90d;
300,   143587.068000-90d;
301,   143626.812000-90d;
302,   143755.290000-90d;
303,   143700.366000-90d;
304,   143629.020000-90d;
305,   143689.188000-90d;
306,   143609.286000-90d;
307,   143587.068000-90d;
308,   143587.068000-90d;
309,   143498.472000-90d;
310,   143457.624000-90d;
311,   143447.826000-90d;
312,   143442.306000-90d;
313,   143482.050000-90d;
314,   143484.396000-90d;
315,   143376.342000-90d;
316,   143204.532000-90d;
317,   143151.816000-90d;
318,   143045.004000-90d;
319,   142864.638000-90d;
320,   142739.610000-90d;
321,   142607.544000-90d;
322,   142752.444000-90d;
323,   142574.148000-90d;
324,   142590.984000-90d;
325,   142497.282000-90d;
326,   142226.664000-90d;
327,   142279.656000-90d;
328,   142155.318000-90d;
329,   142201.410000-90d;
330,   142201.410000-90d;
331,   142189.818000-90d;
332,   142077.624000-90d;
333,   142028.220000-90d;
334,   141944.592000-90d;
335,   141869.796000-90d;
336,   141872.418000-90d;
337,   141780.096000-90d;
338,   141683.634000-90d;
339,   141777.612000-90d;
340,   141819.012000-90d;
341,   141865.104000-90d;
342,   141941.418000-90d;
343,   142015.524000-90d;
344,   142113.918000-90d;
345,   142208.862000-90d;
346,   142201.410000-90d;
347,   142219.212000-90d;
348,   142287.246000-90d;
349,   142374.600000-90d;
350,   142383.018000-90d;
351,   142337.754000-90d;
352,   142201.686000-90d;
353,   142220.592000-90d;
354,   142059.408000-90d;
355,   141971.364000-90d;
356,   141763.812000-90d;
357,   141340.704000-90d;
358,   140987.976000-90d;
359,   140912.352000-90d;
360,   141305.928000-90d;
361,   141489.054000-90d;
362,   141530.316000-90d;
363,   141653.688000-90d;
364,   141693.156000-90d;
365,   141842.472000-90d;
366,   141855.030000-90d;
367,   141872.418000-90d;
368,   141868.278000-90d;
369,   141900.846000-90d;
370,   141945.696000-90d;
371,   141909.126000-90d;
372,   142011.246000-90d;
373,   142014.972000-90d;
374,   142155.594000-90d;
375,   142249.434000-90d;
376,   142429.938000-90d;
377,   142580.772000-90d;
378,   142590.432000-90d;
379,   142683.582000-90d;
380,   142747.476000-90d;
381,   142857.324000-90d;
382,   143073.018000-90d;
383,   143161.614000-90d;
384,   143251.038000-90d;
385,   143333.010000-90d;
386,   143381.586000-90d;
387,   143537.802000-90d;
388,   143531.454000-90d;
389,   143452.518000-90d;
390,   143545.392000-90d;
391,   143521.794000-90d;
392,   143577.546000-90d;
393,   143568.576000-90d;
394,   143576.028000-90d;
395,   143566.368000-90d;
396,   143586.930000-90d;
397,   143553.948000-90d;
398,   143450.034000-90d;
399,   143345.430000-90d;
400,   143318.796000-90d;
401,   143160.234000-90d;
402,   143073.156000-90d;
403,   143003.880000-90d;
404,   142771.626000-90d;
405,   142516.050000-90d;
406,   142359.006000-90d;
407,   141919.890000-90d;
408,   141556.950000-90d;
409,   141219.540000-90d;
410,   140932.500000-90d;
411,   140399.130000-90d;
412,   140109.882000-90d;
413,   139704.852000-90d;
414,   139715.202000-90d;
415,   139813.044000-90d;
416,   140118.438000-90d;
417,   140446.188000-90d;
418,   140386.848000-90d;
419,   140427.144000-90d;
420,   140421.072000-90d;
421,   140381.052000-90d;
422,   140344.620000-90d;
423,   140344.206000-90d;
424,   140296.044000-90d;
425,   140097.324000-90d;
426,   139970.364000-90d;
427,   140242.086000-90d;
428,   140214.762000-90d;
429,   140286.246000-90d;
430,   140295.492000-90d;
431,   140464.404000-90d;
432,   140496.282000-90d;
433,   140524.572000-90d;
434,   140531.058000-90d;
435,   140552.034000-90d;
436,   140618.964000-90d;
437,   140603.646000-90d;
438,   140588.052000-90d;
439,   140579.496000-90d;
440,   140720.118000-90d;
441,   140738.058000-90d;
442,   140901.036000-90d;
443,   140972.658000-90d;
444,   141138.258000-90d;
445,   141062.910000-90d;
446,   141036.828000-90d;
447,   141136.878000-90d;
448,   141007.710000-90d;
449,   140987.148000-90d;
450,   140812.164000-90d;
451,   140493.936000-90d;
452,   140273.688000-90d;
453,   140141.208000-90d;
454,   139741.008000-90d;
455,   139273.464000-90d;
456,   139114.074000-90d;
457,   139375.584000-90d;
458,   139448.586000-90d;
459,   139548.774000-90d;
460,   139589.622000-90d;
461,   139692.294000-90d;
462,   139758.120000-90d;
463,   139760.052000-90d;
464,   139909.506000-90d;
465,   140034.396000-90d;
466,   140179.296000-90d;
467,   140391.264000-90d;
468,   140613.582000-90d;
469,   140831.622000-90d;
470,   140920.494000-90d;
471,   141322.764000-90d;
472,   141511.134000-90d;
473,   141614.082000-90d;
474,   141977.022000-90d;
475,   142179.468000-90d;
476,   142296.354000-90d;
477,   142364.664000-90d;
478,   142495.626000-90d;
479,   142611.822000-90d;
480,   142768.176000-90d;
481,   142759.344000-90d;
482,   142752.030000-90d;
483,   142641.216000-90d;
484,   142661.916000-90d;
485,   142858.428000-90d;
486,   142950.336000-90d;
487,   142774.662000-90d;
488,   142820.892000-90d;
489,   142884.096000-90d;
490,   142918.734000-90d;
491,   142931.154000-90d;
492,   142933.638000-90d;
493,   143006.778000-90d;
494,   142894.308000-90d;
495,   142882.164000-90d;
496,   142807.920000-90d;
497,   142722.222000-90d;
498,   142641.354000-90d;
499,   142552.620000-90d;
500,   142459.194000-90d;
501,   142121.508000-90d;
502,   141808.386000-90d;
503,   141394.938000-90d;
504,   141092.028000-90d;
505,   140591.640000-90d;
506,   140185.092000-90d;
507,   139825.740000-90d;
508,   139431.474000-90d;
509,   139363.164000-90d;
510,   139193.562000-90d;
511,   139051.836000-90d;
512,   139286.298000-90d;
513,   139359.852000-90d;
514,   139499.508000-90d;
515,   139614.048000-90d;
516,   139649.100000-90d;
517,   139462.248000-90d;
518,   139343.292000-90d;
519,   139204.050000-90d;
520,   139154.646000-90d;
521,   139079.298000-90d;
522,   138976.074000-90d;
523,   139035.414000-90d;
524,   139167.066000-90d;
525,   139149.126000-90d;
526,   139408.566000-90d;
527,   139235.376000-90d;
528,   139302.720000-90d;
529,   139377.792000-90d;
530,   139390.488000-90d;
531,   139199.634000-90d;
532,   139213.434000-90d;
533,   139162.650000-90d;
534,   139200.324000-90d;
535,   139202.946000-90d;
536,   139359.300000-90d;
537,   139512.204000-90d;
538,   139643.856000-90d;
539,   139763.364000-90d;
540,   139776.612000-90d;
541,   139736.316000-90d;
542,   139807.662000-90d;
543,   139925.238000-90d;
544,   139783.374000-90d;
545,   139502.268000-90d;
546,   139406.496000-90d;
547,   139215.090000-90d;
548,   139139.328000-90d;
549,   139256.904000-90d;
550,   139256.904000-90d;
551,   139256.904000-90d;
552,   139256.904000-90d;
553,   139256.904000-90d;
554,   139256.904000-90d;
555,   139256.904000-90d;
556,   139256.904000-90d;
557,   139256.904000-90d;
558,   139256.904000-90d;
559,   139256.904000-90d;
560,   139256.904000-90d;
561,   139256.904000-90d;
562,   139256.904000-90d;
563,   139256.904000-90d;
564,   139256.904000-90d;
565,   139256.904000-90d;
566,   139256.904000-90d;
567,   139256.904000-90d;
568,   139256.904000-90d;
569,   139256.904000-90d;
570,   139256.904000-90d;
571,   139256.904000-90d;
572,   139256.904000-90d;
573,   139256.904000-90d;
574,   139256.904000-90d;
575,   139256.904000-90d;
576,   139256.904000-90d;
577,   139256.904000-90d;
578,   139256.904000-90d;
579,   139256.904000-90d;
580,   139256.904000-90d;
581,   139256.904000-90d;
582,   139256.904000-90d;
583,   139256.904000-90d;
584,   139256.904000-90d;
585,   139256.904000-90d;
586,   139256.904000-90d;
587,   139256.904000-90d;
588,   139256.904000-90d;
589,   139256.904000-90d;
590,   139256.904000-90d;
591,   139256.904000-90d;
592,   139256.904000-90d;
593,   139256.904000-90d;
594,   139256.904000-90d;
595,   139256.904000-90d;
596,   139256.904000-90d;
597,   139256.904000-90d;
598,   139256.904000-90d;
599,   139256.904000-90d;
600,   139256.904000-90d;
601,   139256.904000-90d;
602,   139256.904000-90d;
603,   139256.904000-90d;
604,   139855.272000-90d;
605,   140092.080000-90d;
606,   140244.570000-90d;
607,   140194.062000-90d;
608,   139942.212000-90d;
609,   139898.742000-90d;
610,   139800.072000-90d;
611,   139793.862000-90d;
612,   139725.828000-90d;
613,   139234.410000-90d;
614,   138771.006000-90d;
615,   138913.422000-90d;
616,   139101.654000-90d;
617,   139113.246000-90d;
618,   139135.602000-90d;
619,   139345.224000-90d;
620,   139323.834000-90d;
621,   139518.276000-90d;
622,   139503.372000-90d;
623,   139568.232000-90d;
624,   139657.656000-90d;
625,   139879.698000-90d;
626,   139893.222000-90d;
627,   139908.264000-90d;
628,   140083.386000-90d;
629,   140231.046000-90d;
630,   140509.668000-90d;
631,   140701.764000-90d;
632,   140893.722000-90d;
633,   141123.216000-90d;
634,   141291.990000-90d;
635,   141537.216000-90d;
636,   141798.036000-90d;
637,   141922.098000-90d;
638,   142051.128000-90d;
639,   142029.186000-90d;
640,   142001.724000-90d;
641,   142111.158000-90d;
642,   142092.804000-90d;
643,   142095.978000-90d;
644,   142249.296000-90d;
645,   142366.734000-90d;
646,   142712.148000-90d;
647,   142554.414000-90d;
648,   142389.366000-90d;
649,   142639.284000-90d;
650,   142467.888000-90d;
651,   142516.050000-90d;
652,   142469.958000-90d;
653,   142495.212000-90d;
654,   142297.320000-90d;
655,   142237.980000-90d;
656,   142122.888000-90d;
657,   142078.866000-90d;
658,   142058.304000-90d;
659,   141985.164000-90d;
660,   141563.988000-90d;
661,   141474.288000-90d;
662,   141037.104000-90d;
663,   140811.888000-90d;
664,   140383.122000-90d;
665,   140017.698000-90d;
666,   139798.968000-90d;
667,   139580.928000-90d;
668,   139454.658000-90d;
669,   139447.758000-90d;
670,   139426.644000-90d;
671,   139935.588000-90d;
672,   140184.126000-90d;
673,   140248.158000-90d;
674,   140072.898000-90d;
675,   139977.816000-90d;
676,   139998.516000-90d;
677,   139798.968000-90d;
678,   139611.426000-90d;
679,   139446.654000-90d;
680,   139483.362000-90d;
681,   139555.398000-90d;
682,   139530.282000-90d;
683,   139694.916000-90d;
684,   139751.220000-90d;
685,   140007.762000-90d;
686,   140060.064000-90d;
687,   139992.720000-90d;
688,   139979.748000-90d;
689,   139957.116000-90d;
690,   139734.246000-90d;
691,   139606.182000-90d;
692,   139458.522000-90d;
693,   139659.588000-90d;
694,   139762.674000-90d;
695,   139710.510000-90d;
696,   139729.692000-90d;
697,   139815.804000-90d;
698,   140061.030000-90d;
699,   140146.314000-90d;
700,   140307.084000-90d;
701,   140376.360000-90d;
702,   140479.722000-90d;
703,   140355.936000-90d;
704,   140098.842000-90d;
705,   139974.090000-90d;
706,   139923.444000-90d;
707,   139623.708000-90d;
708,   139625.502000-90d;
709,   139107.588000-90d;
710,   138539.442000-90d;
711,   138576.978000-90d;
712,   138766.728000-90d;
713,   138779.010000-90d;
714,   138928.740000-90d;
715,   139042.452000-90d;
716,   139084.128000-90d;
717,   139044.660000-90d;
718,   139152.714000-90d;
719,   139336.668000-90d;
720,   139306.308000-90d;
721,   139572.372000-90d;
722,   139602.732000-90d;
723,   139754.118000-90d;
724,   139994.652000-90d;
725,   140125.752000-90d;
726,   140210.898000-90d;
727,   140548.722000-90d;
728,   140830.794000-90d;
729,   140941.884000-90d;
730,   141005.226000-90d;
731,   141200.220000-90d;
732,   141462.282000-90d;
733,   141575.856000-90d;
734,   141714.132000-90d;
735,   141918.510000-90d;
736,   141982.542000-90d;
737,   141889.530000-90d;
738,   141826.188000-90d;
739,   142047.540000-90d;
740,   142301.874000-90d;
741,   142353.348000-90d;
742,   142204.032000-90d;
743,   142182.228000-90d;
744,   142140.276000-90d;
745,   142249.572000-90d;
746,   142374.600000-90d;
747,   142312.362000-90d;
748,   142385.778000-90d;
749,   142556.484000-90d;
750,   142489.554000-90d;
751,   142392.402000-90d;
752,   142399.164000-90d;
753,   142179.192000-90d;
754,   142099.566000-90d;
755,   141990.960000-90d;
756,   141623.742000-90d;
757,   141403.908000-90d;
758,   141086.508000-90d;
759,   141027.168000-90d;
760,   140428.938000-90d;
761,   140245.950000-90d;
762,   139961.118000-90d;
763,   140078.142000-90d;
764,   139703.748000-90d;
765,   139477.704000-90d;
766,   139502.958000-90d;
767,   139891.704000-90d;
768,   140091.528000-90d;
769,   140222.628000-90d;
770,   140199.582000-90d;
771,   140264.304000-90d;
772,   140320.332000-90d;
773,   140260.854000-90d;
774,   140069.034000-90d;
775,   140086.422000-90d;
776,   139998.516000-90d;
777,   140182.194000-90d;
778,   140058.270000-90d;
779,   140069.724000-90d;
780,   140026.944000-90d;
781,   140150.316000-90d;
782,   140180.814000-90d;
783,   140281.002000-90d;
784,   140230.494000-90d;
785,   140141.346000-90d;
786,   140119.680000-90d;
787,   140289.282000-90d;
788,   140420.520000-90d;
789,   140522.640000-90d;
790,   140387.952000-90d;
791,   140322.264000-90d;
792,   140407.962000-90d;
793,   140425.764000-90d;
794,   140649.876000-90d;
795,   140659.398000-90d;
796,   140824.446000-90d;
797,   140853.978000-90d;
798,   141021.786000-90d;
799,   140856.186000-90d;
800,   140853.702000-90d;
801,   140915.526000-90d;
802,   140727.846000-90d;
803,   140610.684000-90d;
804,   140534.232000-90d;
805,   140012.592000-90d;
806,   139540.218000-90d;
807,   139138.500000-90d;
808,   139270.704000-90d;
809,   139383.450000-90d;
810,   139432.854000-90d;
811,   139517.310000-90d;
812,   139746.252000-90d;
813,   139773.438000-90d;
814,   139963.602000-90d;
815,   140186.472000-90d;
816,   140237.256000-90d;
817,   140307.084000-90d;
818,   140603.508000-90d;
819,   140753.514000-90d;
820,   140853.012000-90d;
821,   140889.858000-90d;
822,   141034.896000-90d;
823,   141238.998000-90d;
824,   141422.538000-90d;
825,   141652.998000-90d;
826,   141874.764000-90d;
827,   142051.542000-90d;
828,   142111.296000-90d;
829,   142177.950000-90d;
830,   142509.978000-90d;
831,   142588.776000-90d;
832,   142605.474000-90d;
833,   142568.214000-90d;
834,   142591.122000-90d;
835,   142598.712000-90d;
836,   142647.426000-90d;
837,   142810.680000-90d;
838,   142864.362000-90d;
839,   142870.848000-90d;
840,   142763.070000-90d;
841,   142713.666000-90d;
842,   142627.002000-90d;
843,   142710.906000-90d;
844,   142751.892000-90d;
845,   142828.068000-90d;
846,   142743.612000-90d;
847,   142721.118000-90d;
848,   142777.008000-90d;
849,   142803.366000-90d;
850,   142721.118000-90d;
851,   142721.118000-90d;
852,   142644.114000-90d;
853,   142513.428000-90d;
854,   142240.602000-90d;
855,   142081.488000-90d;
856,   142264.752000-90d;
857,   142329.888000-90d;
858,   142287.246000-90d;
859,   142201.410000-90d;
860,   142032.636000-90d;
861,   142115.436000-90d;
862,   142059.270000-90d;
863,   141976.746000-90d;
864,   142237.290000-90d;
865,   142384.674000-90d;
866,   142332.510000-90d;
867,   142199.754000-90d;
868,   142019.250000-90d;
869,   141858.342000-90d;
870,   141750.150000-90d;
871,   141681.840000-90d;
872,   141524.382000-90d;
873,   141362.922000-90d;
874,   141376.584000-90d;
875,   141372.996000-90d;
876,   141335.460000-90d;
877,   141305.652000-90d;
878,   141405.978000-90d;
879,   141578.064000-90d;
880,   141566.610000-90d;
881,   141542.460000-90d;
882,   141628.296000-90d;
883,   141681.840000-90d;
884,   141681.840000-90d;
885,   141663.210000-90d;
886,   141673.284000-90d;
887,   141795.138000-90d;
888,   141855.030000-90d;
889,   141925.272000-90d;
890,   141995.928000-90d;
891,   142093.080000-90d;
892,   142079.970000-90d;
893,   142043.262000-90d;
894,   142062.858000-90d;
895,   141950.388000-90d;
896,   141835.296000-90d;
897,   141648.582000-90d;
898,   141681.840000-90d;
899,   141570.336000-90d;
900,   141337.392000-90d;
901,   140885.994000-90d;
902,   140758.206000-90d;
903,   140875.368000-90d;
904,   141078.366000-90d;
905,   141189.594000-90d;
906,   141267.978000-90d;
907,   141228.786000-90d;
908,   141378.792000-90d;
909,   141497.472000-90d;
910,   141595.866000-90d;
911,   141681.840000-90d;
912,   141700.056000-90d;
913,   141778.854000-90d;
914,   141867.036000-90d;
915,   142099.428000-90d;
916,   142216.590000-90d;
917,   142388.952000-90d;
918,   142530.954000-90d;
919,   142616.238000-90d;
920,   142683.168000-90d;
921,   142635.558000-90d;
922,   142871.814000-90d;
923,   142963.998000-90d;
924,   142967.310000-90d;
925,   143040.312000-90d;
926,   143055.216000-90d;
927,   143031.342000-90d;
928,   143218.332000-90d;
929,   143251.728000-90d;
930,   143404.080000-90d;
931,   143486.604000-90d;
932,   143462.040000-90d;
933,   143587.068000-90d;
934,   143616.186000-90d;
935,   143619.498000-90d;
936,   143675.388000-90d;
937,   143732.796000-90d;
938,   143682.978000-90d;
939,   143580.030000-90d;
940,   143438.718000-90d;
941,   143445.480000-90d;
942,   143523.864000-90d;
943,   143486.052000-90d;
944,   143404.770000-90d;
945,   143413.878000-90d;
946,   143264.562000-90d;
947,   143208.120000-90d;
948,   143197.770000-90d;
949,   143065.014000-90d;
950,   142915.974000-90d;
951,   142894.308000-90d;
952,   142894.308000-90d;
953,   142951.716000-90d;
954,   142857.048000-90d;
955,   142737.540000-90d;
956,   142516.464000-90d;
957,   142544.202000-90d;
958,   142496.316000-90d;
959,   142618.170000-90d;
960,   142721.118000-90d;
961,   142607.682000-90d;
962,   142463.748000-90d;
963,   142374.600000-90d;
964,   142333.890000-90d;
965,   142201.410000-90d;
966,   142096.530000-90d;
967,   142013.868000-90d;
968,   141962.808000-90d;
969,   141933.000000-90d;
970,   141985.302000-90d;
971,   142085.076000-90d;
972,   142201.410000-90d;
973,   142148.142000-90d;
974,   142053.612000-90d;
975,   142134.894000-90d;
976,   142082.316000-90d;
977,   142038.294000-90d;
978,   141940.038000-90d;
979,   141950.112000-90d;
980,   141864.828000-90d;
981,   141732.900000-90d;
982,   141681.840000-90d;
983,   141667.074000-90d;
984,   141752.220000-90d;
985,   141681.840000-90d;
986,   141803.694000-90d;
987,   141805.626000-90d;
988,   141874.350000-90d;
989,   141857.652000-90d;
990,   141868.554000-90d;
991,   141779.958000-90d;
992,   141784.650000-90d;
993,   141557.364000-90d;
994,   141440.616000-90d;
995,   141357.816000-90d;
996,   141165.996000-90d;
997,   140817.960000-90d;
998,   140391.126000-90d;
999,   140222.352000-90d;
1000,   140254.230000-90d;
1001,   140158.734000-90d;
1002,   140296.182000-90d;
1003,   140338.410000-90d;
1004,   140426.730000-90d;
1005,   140440.944000-90d;
1006,   140461.092000-90d;
1007,   140496.696000-90d;
1008,   140514.912000-90d;
1009,   140605.302000-90d;
1010,   140692.656000-90d;
1011,   140773.524000-90d;
1012,   141016.542000-90d;
1013,   141049.800000-90d;
1014,   141333.114000-90d;
1015,   141426.126000-90d;
1016,   141529.902000-90d;
1017,   141625.950000-90d;
1018,   141822.324000-90d;
1019,   142034.430000-90d;
1020,   142067.136000-90d;
1021,   142118.748000-90d;
1022,   142303.116000-90d;
1023,   142273.446000-90d;
1024,   142194.096000-90d;
1025,   142308.084000-90d;
1026,   142304.358000-90d;
1027,   142249.848000-90d;
1028,   142427.454000-90d;
1029,   142229.148000-90d;
1030,   142191.198000-90d;
1031,   142261.164000-90d;
1032,   142451.466000-90d;
1033,   142402.614000-90d;
1034,   142383.294000-90d;
1035,   142253.298000-90d;
1036,   142166.496000-90d;
1037,   142314.570000-90d;
1038,   142142.208000-90d;
1039,   142296.216000-90d;
1040,   142098.876000-90d;
1041,   142012.074000-90d;
1042,   141939.762000-90d;
1043,   141993.720000-90d;
1044,   141768.366000-90d;
1045,   141721.998000-90d;
1046,   141527.142000-90d;
1047,   140990.736000-90d;
1048,   140561.694000-90d;
1049,   140295.078000-90d;
1050,   140069.310000-90d;
1051,   139818.150000-90d;
1052,   139705.542000-90d;
1053,   139584.792000-90d;
1054,   139512.894000-90d;
1055,   139616.808000-90d;
1056,   139966.224000-90d;
1057,   140097.186000-90d;
1058,   140073.174000-90d;
1059,   140171.016000-90d;
1060,   139956.150000-90d;
1061,   140051.094000-90d;
1062,   140032.878000-90d;
1063,   140059.650000-90d;
1064,   139900.950000-90d;
1065,   139845.060000-90d;
1066,   139832.364000-90d;
1067,   139869.348000-90d;
1068,   139937.796000-90d;
1069,   139912.128000-90d;
1070,   139922.892000-90d;
1071,   140054.268000-90d;
1072,   139768.884000-90d;
1073,   139827.534000-90d;
1074,   139808.766000-90d;
1075,   139844.094000-90d;
1076,   139820.496000-90d;
1077,   139874.592000-90d;
1078,   139909.506000-90d;
1079,   140056.062000-90d;
1080,   140146.176000-90d;
1081,   140252.712000-90d;
1082,   140524.848000-90d;
1083,   140592.330000-90d;
1084,   140571.630000-90d;
1085,   140589.570000-90d;
1086,   140535.060000-90d;
1087,   140532.024000-90d;
1088,   140521.398000-90d;
1089,   140341.584000-90d;
1090,   140288.454000-90d;
1091,   140122.992000-90d;
1092,   140078.832000-90d;
1093,   139716.720000-90d;
1094,   139027.686000-90d;
1095,   138807.576000-90d;
1096,   138842.352000-90d;
1097,   139116.282000-90d;
1098,   139139.190000-90d;
1099,   139201.704000-90d;
1100,   139262.424000-90d;
1101,   139349.088000-90d;
1102,   139487.916000-90d;
1103,   139537.044000-90d;
1104,   139510.272000-90d;
1105,   139765.020000-90d;
1106,   140093.184000-90d;
1107,   140242.638000-90d;
1108,   140503.734000-90d;
1109,   140726.190000-90d;
1110,   141077.814000-90d;
1111,   141302.892000-90d;
1112,   141557.226000-90d;
1113,   141980.886000-90d;
1114,   142099.428000-90d;
1115,   142027.254000-90d;
1116,   142398.060000-90d;
1117,   142548.480000-90d;
1118,   142681.650000-90d;
1119,   142618.446000-90d;
1120,   142684.548000-90d;
1121,   142783.356000-90d;
1122,   142775.766000-90d;
1123,   142736.574000-90d;
1124,   142721.118000-90d;
1125,   142800.606000-90d;
1126,   142706.076000-90d;
1127,   142939.848000-90d;
1128,   143146.158000-90d;
1129,   143058.390000-90d;
1130,   143019.750000-90d;
1131,   143062.254000-90d;
1132,   143040.174000-90d;
1133,   142924.944000-90d;
1134,   142796.328000-90d;
1135,   142642.320000-90d;
1136,   142673.094000-90d;
1137,   142453.950000-90d;
1138,   142373.634000-90d;
1139,   142166.634000-90d;
1140,   141862.620000-90d;
1141,   141395.766000-90d;
1142,   141205.050000-90d;
1143,   140710.044000-90d;
1144,   140377.326000-90d;
1145,   140130.306000-90d;
1146,   139791.930000-90d;
1147,   139555.812000-90d;
1148,   139613.772000-90d;
1149,   139572.510000-90d;
1150,   139877.904000-90d;
1151,   140011.902000-90d;
1152,   140200.410000-90d;
1153,   140167.842000-90d;
1154,   140330.268000-90d;
1155,   140157.354000-90d;
1156,   140106.156000-90d;
1157,   140122.992000-90d;
1158,   139718.376000-90d;
1159,   139762.122000-90d;
1160,   139584.240000-90d;
1161,   139523.520000-90d;
1162,   139390.626000-90d;
1163,   139621.224000-90d;
1164,   139660.554000-90d;
1165,   139741.698000-90d;
1166,   139702.644000-90d;
1167,   139681.668000-90d;
1168,   139518.828000-90d;
1169,   139423.746000-90d;
1170,   139418.088000-90d;
1171,   139335.288000-90d;
1172,   139392.282000-90d;
1173,   139580.238000-90d;
1174,   139604.388000-90d;
1175,   139727.484000-90d;
1176,   139878.042000-90d;
1177,   140024.598000-90d;
1178,   140110.986000-90d;
1179,   140139.690000-90d;
1180,   139976.298000-90d;
1181,   139925.652000-90d;
1182,   139898.190000-90d;
1183,   139949.802000-90d;
1184,   139810.560000-90d;
1185,   139684.290000-90d;
1186,   139337.358000-90d;
1187,   138909.558000-90d;
1188,   138603.060000-90d;
1189,   138819.306000-90d;
1190,   138907.350000-90d;
1191,   139140.156000-90d;
1192,   139377.792000-90d;
1193,   139457.004000-90d;
1194,   139624.398000-90d;
1195,   139639.992000-90d;
1196,   139722.930000-90d;
1197,   139809.732000-90d;
1198,   139906.608000-90d;
1199,   140008.452000-90d;
1200,   140214.210000-90d;
1201,   140232.840000-90d;
1202,   140318.538000-90d;
1203,   140702.454000-90d;
1204,   140915.940000-90d;
1205,   140919.942000-90d;
1206,   141081.402000-90d;
1207,   141283.710000-90d;
1208,   141436.338000-90d;
1209,   141564.816000-90d;
1210,   141686.532000-90d;
1211,   141892.290000-90d;
1212,   142100.256000-90d;
1213,   142154.076000-90d;
1214,   141643.338000-90d;
1215,   141681.840000-90d;
1216,   141678.528000-90d;
1217,   141836.124000-90d;
1218,   141683.358000-90d;
1219,   141583.170000-90d;
1220,   141604.698000-90d;
1221,   141626.640000-90d;
1222,   141533.352000-90d;
1223,   141381.966000-90d;
1224,   141350.364000-90d;
1225,   141291.714000-90d;
1226,   141139.086000-90d;
1227,   141207.948000-90d;
1228,   141144.882000-90d;
1229,   141062.496000-90d;
1230,   140980.110000-90d;
1231,   140866.398000-90d;
1232,   140527.608000-90d;
1233,   140348.208000-90d;
1234,   140075.658000-90d;
1235,   139750.254000-90d;
1236,   139557.606000-90d;
1237,   139112.004000-90d;
1238,   138955.374000-90d;
1239,   138839.040000-90d;
1240,   138544.824000-90d;
1241,   138345.966000-90d;
1242,   138390.402000-90d;
1243,   138555.036000-90d;
1244,   138960.204000-90d;
1245,   139183.212000-90d;
1246,   139458.522000-90d;
1247,   139489.158000-90d;
1248,   139443.204000-90d;
1249,   139332.804000-90d;
1250,   139105.380000-90d;
1251,   139046.454000-90d;
1252,   139105.380000-90d;
1253,   139088.682000-90d;
1254,   139008.366000-90d;
1255,   139083.576000-90d;
1256,   139061.358000-90d;
1257,   138985.872000-90d;
1258,   139049.766000-90d;
1259,   139079.022000-90d;
1260,   139206.672000-90d;
1261,   139122.354000-90d;
1262,   139138.500000-90d;
1263,   138978.834000-90d;
1264,   138746.028000-90d;
1265,   138802.056000-90d;
1266,   138921.426000-90d;
1267,   138879.750000-90d;
1268,   138963.930000-90d;
1269,   139133.808000-90d;
1270,   139098.342000-90d;
1271,   139404.564000-90d;
1272,   139609.494000-90d;
1273,   139724.862000-90d;
1274,   139607.562000-90d;
1275,   139925.376000-90d;
1276,   139822.428000-90d;
1277,   139854.168000-90d;
1278,   139975.746000-90d;
1279,   139796.484000-90d;
1280,   139839.264000-90d;
1281,   139919.994000-90d;
1282,   139385.106000-90d;
1283,   138971.382000-90d;
1284,   138571.734000-90d;
1285,   138819.582000-90d;
1286,   138883.200000-90d;
1287,   139071.294000-90d;
1288,   139092.132000-90d;
1289,   139049.076000-90d;
1290,   139259.802000-90d;
1291,   139273.188000-90d;
1292,   139449.552000-90d;
1293,   139507.374000-90d;
1294,   139530.834000-90d;
1295,   139680.426000-90d;
1296,   139789.170000-90d;
1297,   139804.764000-90d;
1298,   139904.262000-90d;
1299,   140228.148000-90d;
1300,   140447.154000-90d;
1301,   140611.512000-90d;
1302,   140772.558000-90d;
1303,   140975.556000-90d;
1304,   140996.118000-90d;
1305,   141149.850000-90d;
1306,   141291.438000-90d;
1307,   141282.054000-90d;
1308,   141482.292000-90d;
1309,   141635.886000-90d;
1310,   141620.292000-90d;
1311,   141499.128000-90d;
1312,   141617.946000-90d;
1313,   141599.730000-90d;
1314,   141551.706000-90d;
1315,   141600.006000-90d;
1316,   141714.684000-90d;
1317,   141742.008000-90d;
1318,   141636.024000-90d;
1319,   141512.928000-90d;
1320,   141430.266000-90d;
1321,   141568.266000-90d;
1322,   141509.616000-90d;
1323,   141372.582000-90d;
1324,   141272.394000-90d;
1325,   141195.942000-90d;
1326,   141065.532000-90d;
1327,   140901.726000-90d;
1328,   140815.062000-90d;
1329,   140757.654000-90d;
1330,   140373.462000-90d;
1331,   140017.422000-90d;
1332,   139717.548000-90d;
1333,   139133.670000-90d;
1334,   138727.122000-90d;
1335,   138650.256000-90d;
1336,   138510.324000-90d;
1337,   138465.474000-90d;
1338,   138343.344000-90d;
1339,   138570.216000-90d;
1340,   139228.338000-90d;
1341,   139285.194000-90d;
1342,   139156.440000-90d;
1343,   139195.770000-90d;
1344,   139231.098000-90d;
1345,   139172.862000-90d;
1346,   138988.356000-90d;
1347,   139012.506000-90d;
1348,   139202.118000-90d;
1349,   139277.190000-90d;
1350,   139280.502000-90d;
1351,   139378.068000-90d;
1352,   139411.050000-90d;
1353,   139621.500000-90d;
1354,   139719.756000-90d;
1355,   139760.742000-90d;
1356,   139811.526000-90d;
1357,   140768.418000-90d;
1358,   140823.066000-90d;
1359,   140887.788000-90d;
1360,   140876.886000-90d;
1361,   140788.704000-90d;
1362,   140771.040000-90d;
1363,   140815.752000-90d;
1364,   140815.752000-90d;
1365,   140815.752000-90d;
1366,   140844.732000-90d;
1367,   140815.752000-90d;
1368,   140798.364000-90d;
1369,   140659.950000-90d;
1370,   140563.350000-90d;
1371,   140266.374000-90d;
1372,   140077.452000-90d;
1373,   139624.536000-90d;
1374,   139691.466000-90d;
1375,   139885.080000-90d;
1376,   140009.694000-90d;
1377,   140081.868000-90d;
1378,   140034.810000-90d;
1379,   140134.860000-90d;
1380,   140321.574000-90d;
1381,   140469.234000-90d;
1382,   140469.648000-90d;
1383,   140721.912000-90d;
1384,   140820.306000-90d;
1385,   141043.314000-90d;
1386,   141211.536000-90d;
1387,   141309.654000-90d;
1388,   141367.200000-90d;
1389,   141498.852000-90d;
1390,   141447.102000-90d;
1391,   141673.422000-90d;
1392,   142022.976000-90d;
1393,   142145.796000-90d;
1394,   142069.620000-90d;
1395,   142187.748000-90d;
1396,   142159.734000-90d;
1397,   142181.814000-90d;
1398,   142418.484000-90d;
1399,   142447.740000-90d;
1400,   142495.488000-90d;
1401,   142600.230000-90d;
1402,   142245.846000-90d;
1403,   142265.718000-90d;
1404,   142311.672000-90d;
1405,   142380.120000-90d;
1406,   142506.528000-90d;
1407,   142398.060000-90d;
1408,   142203.204000-90d;
1409,   142218.798000-90d;
1410,   142247.088000-90d;
1411,   142314.156000-90d;
1412,   142369.218000-90d;
1413,   142434.078000-90d;
1414,   142414.344000-90d;
1415,   142475.340000-90d;
1416,   142512.876000-90d;
1417,   142554.552000-90d;
1418,   142524.054000-90d;
1419,   142383.156000-90d;
1420,   142296.492000-90d;
1421,   142213.278000-90d;
1422,   142246.950000-90d;
1423,   142166.910000-90d;
1424,   141978.540000-90d;
1425,   141868.692000-90d;
1426,   141733.866000-90d;
1427,   141507.960000-90d;
1428,   141356.298000-90d;
1429,   141461.730000-90d;
1430,   141572.544000-90d;
1431,   141440.478000-90d;
1432,   141218.436000-90d;
1433,   141100.860000-90d;
1434,   140872.608000-90d;
1435,   140748.822000-90d;
1436,   140741.922000-90d;
1437,   140511.462000-90d;
1438,   140564.178000-90d;
1439,   140717.910000-90d;
1440,   140894.550000-90d;
1441,   140823.342000-90d;
1442,   140737.644000-90d;
1443,   140763.036000-90d;
1444,   140770.074000-90d;
1445,   140709.906000-90d;
1446,   140706.732000-90d;
1447,   140563.212000-90d;
1448,   140578.806000-90d;
1449,   140678.304000-90d;
1450,   140682.582000-90d;
1451,   140654.844000-90d;
1452,   140642.562000-90d;
1453,   140731.434000-90d;
1454,   140642.562000-90d;
1455,   140661.606000-90d;
1456,   140627.244000-90d;
1457,   140642.562000-90d;
1458,   140560.176000-90d;
1459,   140562.522000-90d;
1460,   140479.308000-90d;
1461,   140585.568000-90d;
1462,   140499.456000-90d;
1463,   140356.212000-90d;
1464,   140000.034000-90d;
1465,   139682.772000-90d;
1466,   139828.500000-90d;
1467,   139576.098000-90d;
1468,   139157.820000-90d;
1469,   139001.328000-90d;
1470,   139171.068000-90d;
1471,   139256.076000-90d;
1472,   139366.200000-90d;
1473,   139430.232000-90d;
1474,   139502.130000-90d;
1475,   139639.440000-90d;
1476,   139805.316000-90d;
1477,   139749.012000-90d;
1478,   139840.920000-90d;
1479,   139948.698000-90d;
1480,   139825.740000-90d;
1481,   139966.224000-90d;
1482,   140265.822000-90d;
1483,   140215.314000-90d;
1484,   140358.972000-90d;
1485,   140547.066000-90d;
1486,   140818.374000-90d;
1487,   140798.640000-90d;
1488,   140831.070000-90d;
1489,   140913.042000-90d;
1490,   141116.040000-90d;
1491,   141279.846000-90d;
1492,   141381.552000-90d;
1493,   141436.476000-90d;
1494,   141479.532000-90d;
1495,   141349.398000-90d;
1496,   141476.220000-90d;
1497,   141396.456000-90d;
1498,   141432.888000-90d;
1499,   141544.530000-90d;
1500,   141638.094000-90d;
1501,   141701.988000-90d;
1502,   141717.720000-90d;
1503,   141706.680000-90d;
1504,   141736.902000-90d;
1505,   141629.538000-90d;
1506,   141552.672000-90d;
1507,   141587.310000-90d;
1508,   141555.294000-90d;
1509,   141451.656000-90d;
1510,   141126.942000-90d;
1511,   141174.966000-90d;
1512,   141004.260000-90d;
1513,   140726.190000-90d;
1514,   140741.370000-90d;
1515,   140587.362000-90d;
1516,   140288.178000-90d;
1517,   140228.286000-90d;
1518,   140061.444000-90d;
1519,   139821.324000-90d;
1520,   139517.172000-90d;
1521,   139208.880000-90d;
1522,   139153.542000-90d;
1523,   139378.482000-90d;
1524,   139397.250000-90d;
1525,   139582.032000-90d;
1526,   139478.808000-90d;
1527,   139434.510000-90d;
1528,   139278.432000-90d;
1529,   139343.016000-90d;
1530,   139338.462000-90d;
1531,   139213.710000-90d;
1532,   139067.982000-90d;
1533,   138928.878000-90d;
1534,   138855.048000-90d;
1535,   139035.690000-90d;
1536,   138968.898000-90d;
1537,   139087.854000-90d;
1538,   139196.874000-90d;
1539,   139313.622000-90d;
1540,   139409.670000-90d;
1541,   139397.250000-90d;
1542,   139231.788000-90d;
1543,   139362.198000-90d;
1544,   139170.930000-90d;
1545,   139146.366000-90d;
1546,   139179.072000-90d;
1547,   139235.238000-90d;
1548,   139174.518000-90d;
1549,   139300.512000-90d;
1550,   139272.498000-90d;
1551,   139377.102000-90d;
1552,   139587.000000-90d;
1553,   139777.164000-90d;
1554,   139785.858000-90d;
1555,   139808.214000-90d;
1556,   139939.866000-90d;
1557,   139918.200000-90d;
1558,   139974.918000-90d;
1559,   139936.968000-90d;
1560,   139710.234000-90d;
1561,   139371.996000-90d;
1562,   139143.882000-90d;
1563,   138906.384000-90d;
1564,   138423.246000-90d;
1565,   138129.582000-90d;
1566,   138213.762000-90d;
1567,   138559.590000-90d;
1568,   138577.668000-90d;
1569,   138668.472000-90d;
1570,   138629.832000-90d;
1571,   138670.128000-90d;
1572,   138598.782000-90d;
1573,   138564.144000-90d;
1574,   138706.422000-90d;
1575,   138812.820000-90d;
1576,   138879.060000-90d;
1577,   139044.660000-90d;
1578,   139336.806000-90d;
1579,   139559.538000-90d;
1580,   139788.894000-90d;
1581,   140140.242000-90d;
1582,   140539.752000-90d;
1583,   140600.610000-90d;
1584,   140762.622000-90d;
1585,   141058.494000-90d;
1586,   140977.212000-90d;
1587,   140941.470000-90d;
1588,   141145.710000-90d;
1589,   141318.072000-90d;
1590,   141364.440000-90d;
1591,   141434.958000-90d;
1592,   141485.052000-90d;
1593,   141537.768000-90d;
1594,   141503.820000-90d;
1595,   141651.756000-90d;
1596,   141763.950000-90d;
1597,   141606.492000-90d;
1598,   141428.196000-90d;
1599,   141371.340000-90d;
1600,   141399.354000-90d;
1601,   141344.982000-90d;
1602,   141384.864000-90d;
1603,   141276.120000-90d;
1604,   141152.058000-90d;
1605,   141144.882000-90d;
1606,   141013.506000-90d;
1607,   140738.472000-90d;
1608,   140742.336000-90d;
1609,   140489.658000-90d;
1610,   140146.038000-90d;
1611,   139949.802000-90d;
1612,   139713.408000-90d;
1613,   139618.188000-90d;
1614,   139147.884000-90d;
1615,   138834.210000-90d;
1616,   138530.886000-90d;
1617,   138599.196000-90d;
1618,   138500.112000-90d;
1619,   138345.552000-90d;
1620,   138394.266000-90d;
1621,   139095.444000-90d;
1622,   139250.418000-90d;
1623,   139301.616000-90d;
1624,   139440.720000-90d;
1625,   139396.146000-90d;
1626,   139297.476000-90d;
1627,   139372.686000-90d;
1628,   139398.216000-90d;
1629,   139635.990000-90d;
1630,   139892.394000-90d;
1631,   139576.788000-90d;
1632,   139789.722000-90d;
1633,   139992.168000-90d;
1634,   140140.380000-90d;
1635,   140346.276000-90d;
1636,   140560.176000-90d;
1637,   140644.632000-90d;
1638,   140654.568000-90d;
1639,   140662.296000-90d;
1640,   140287.626000-90d;
1641,   140317.848000-90d;
1642,   140191.854000-90d;
1643,   139995.894000-90d;
1644,   140049.024000-90d;
1645,   140272.308000-90d;
1646,   140558.520000-90d;
1647,   140579.634000-90d;
1648,   140760.828000-90d;
1649,   140989.080000-90d;
1650,   141022.752000-90d;
1651,   141269.634000-90d;
1652,   141305.790000-90d;
1653,   141232.512000-90d;
1654,   141125.700000-90d;
1655,   140862.672000-90d;
1656,   140699.280000-90d;
1657,   140390.574000-90d;
1658,   140191.854000-90d;
1659,   139793.862000-90d;
1660,   139510.272000-90d;
1661,   138965.862000-90d;
1662,   138697.590000-90d;
1663,   139050.594000-90d;
1664,   139018.302000-90d;
1665,   138982.422000-90d;
1666,   138869.124000-90d;
1667,   138937.710000-90d;
1668,   138946.680000-90d;
1669,   138905.832000-90d;
1670,   138877.818000-90d;
1671,   139028.790000-90d;
1672,   139069.776000-90d;
1673,   139306.860000-90d;
1674,   139490.262000-90d;
1675,   139481.706000-90d;
1676,   139594.590000-90d;
1677,   139882.320000-90d;
1678,   140432.802000-90d;
1679,   140459.850000-90d;
1680,   140625.036000-90d;
1681,   140707.974000-90d;
1682,   140960.514000-90d;
1683,   140827.206000-90d;
1684,   140764.830000-90d;
1685,   140928.084000-90d;
1686,   140936.916000-90d;
1687,   140843.766000-90d;
1688,   141089.130000-90d;
1689,   141217.194000-90d;
1690,   141263.700000-90d;
1691,   141252.384000-90d;
1692,   141269.220000-90d;
1693,   141185.316000-90d;
1694,   141206.982000-90d;
1695,   141133.290000-90d;
1696,   141274.464000-90d;
1697,   141243.966000-90d;
1698,   141273.912000-90d;
1699,   141198.150000-90d;
1700,   141148.056000-90d;
1701,   141174.690000-90d;
1702,   140976.246000-90d;
1703,   140962.998000-90d;
1704,   140957.340000-90d;
1705,   140651.808000-90d;
1706,   140094.978000-90d;
1707,   139810.974000-90d;
1708,   139687.464000-90d;
1709,   139386.624000-90d;
1710,   138777.492000-90d;
1711,   138488.658000-90d;
1712,   138334.098000-90d;
1713,   138169.464000-90d;
1714,   138284.004000-90d;
1715,   138423.108000-90d;
1716,   138780.114000-90d;
1717,   139413.120000-90d;
1718,   139603.422000-90d;
1719,   139597.902000-90d;
1720,   139512.066000-90d;
1721,   139437.960000-90d;
1722,   139345.500000-90d;
1723,   139384.002000-90d;
1724,   139569.888000-90d;
1725,   139476.876000-90d;
1726,   139526.004000-90d;
1727,   139597.902000-90d;
1728,   139528.212000-90d;
1729,   139812.216000-90d;
1730,   139835.952000-90d;
1731,   139930.758000-90d;
1732,   140103.120000-90d;
1733,   140324.610000-90d;
1734,   140254.368000-90d;
1735,   140172.810000-90d;
1736,   140114.850000-90d;
1737,   140127.270000-90d;
1738,   140068.482000-90d;
1739,   140482.344000-90d;
1740,   140500.836000-90d;
1741,   140506.632000-90d;
1742,   140433.630000-90d;
1743,   140497.524000-90d;
1744,   140762.898000-90d;
1745,   140914.146000-90d;
1746,   140890.824000-90d;
1747,   140808.162000-90d;
1748,   140968.104000-90d;
1749,   141051.456000-90d;
1750,   141086.784000-90d;
1751,   140934.018000-90d;
1752,   140728.260000-90d;
1753,   140780.976000-90d;
1754,   140650.980000-90d;
1755,   139923.030000-90d;
1756,   139577.754000-90d;
1757,   139389.246000-90d;
1758,   139380.000000-90d;
1759,   139487.502000-90d;
1760,   139442.652000-90d;
1761,   139603.698000-90d;
1762,   139689.810000-90d;
1763,   139544.910000-90d;
1764,   139479.222000-90d;
1765,   139631.574000-90d;
1766,   139450.794000-90d;
1767,   139536.630000-90d;
1768,   139788.894000-90d;
1769,   139930.068000-90d;
1770,   139817.184000-90d;
1771,   140054.268000-90d;
1772,   140198.202000-90d;
1773,   140394.162000-90d;
1774,   140996.256000-90d;
1775,   140887.788000-90d;
1776,   141031.446000-90d;
1777,   141254.454000-90d;
1778,   141288.126000-90d;
1779,   141439.374000-90d;
1780,   141497.886000-90d;
1781,   141700.470000-90d;
1782,   141897.396000-90d;
1783,   141669.558000-90d;
1784,   141726.690000-90d;
1785,   141763.536000-90d;
1786,   141807.006000-90d;
1787,   141650.652000-90d;
1788,   141727.380000-90d;
1789,   141868.416000-90d;
1790,   141831.432000-90d;
1791,   141897.672000-90d;
1792,   141700.056000-90d;
1793,   141760.914000-90d;
1794,   141815.976000-90d;
1795,   141692.052000-90d;
1796,   141608.424000-90d;
1797,   141638.922000-90d;
1798,   141435.234000-90d;
1799,   141642.234000-90d;
1800,   141308.550000-90d;
1801,   141070.914000-90d;
1802,   141060.288000-90d;
1803,   140743.164000-90d;
1804,   140339.514000-90d;
1805,   139944.420000-90d;
1806,   139750.806000-90d;
1807,   139390.212000-90d;
1808,   139001.466000-90d;
1809,   138950.682000-90d;
1810,   139079.988000-90d;
1811,   139256.904000-90d;
1812,   139573.200000-90d;
1813,   139863.966000-90d;
1814,   139945.938000-90d;
1815,   139869.762000-90d;
1816,   139936.830000-90d;
1817,   140171.430000-90d;
1818,   140253.954000-90d;
1819,   139923.582000-90d;
1820,   140073.312000-90d;
1821,   140127.960000-90d;
1822,   140078.970000-90d;
1823,   140160.390000-90d;
1824,   140305.428000-90d;
1825,   140419.830000-90d;
1826,   140147.970000-90d;
1827,   140132.238000-90d;
1828,   140189.646000-90d;
1829,   140330.820000-90d;
1830,   140338.410000-90d;
1831,   140183.298000-90d;
1832,   140268.168000-90d;
1833,   140293.560000-90d;
1834,   140492.142000-90d;
1835,   140484.138000-90d;
1836,   140613.996000-90d;
1837,   140913.180000-90d;
1838,   141004.812000-90d;
1839,   141240.378000-90d;
1840,   141400.596000-90d;
1841,   141493.884000-90d;
1842,   141502.440000-90d;
1843,   141446.274000-90d;
1844,   141507.132000-90d;
1845,   141572.820000-90d;
1846,   141559.434000-90d;
1847,   141468.216000-90d;
1848,   141485.880000-90d;
1849,   141435.234000-90d;
1850,   141344.430000-90d;
1851,   141005.916000-90d;
1852,   140758.620000-90d;
1853,   140132.238000-90d;
1854,   139592.106000-90d;
1855,   139603.422000-90d;
1856,   139626.744000-90d;
1857,   139802.280000-90d;
1858,   139949.802000-90d;
1859,   139884.252000-90d;
1860,   139810.836000-90d;
1861,   139679.736000-90d;
1862,   139616.118000-90d;
1863,   139770.540000-90d;
1864,   139939.590000-90d;
1865,   140057.856000-90d;
1866,   139994.790000-90d;
1867,   140133.894000-90d;
1868,   140668.230000-90d;
1869,   140773.662000-90d;
1870,   141143.502000-90d;
1871,   141218.712000-90d;
1872,   141630.366000-90d;
1873,   141907.056000-90d;
1874,   141816.528000-90d;
1875,   141953.148000-90d;
1876,   142265.028000-90d;
1877,   142411.584000-90d;
1878,   142414.482000-90d;
1879,   142457.124000-90d;
1880,   142588.914000-90d;
1881,   142663.848000-90d;
1882,   142742.646000-90d;
1883,   142824.756000-90d;
1884,   142894.308000-90d;
1885,   142879.266000-90d;
1886,   142986.492000-90d;
1887,   143149.332000-90d;
1888,   143154.300000-90d;
1889,   143082.126000-90d;
1890,   143058.804000-90d;
1891,   143112.762000-90d;
1892,   143030.928000-90d;
1893,   142876.506000-90d;
1894,   142867.536000-90d;
1895,   142830.138000-90d;
1896,   142660.260000-90d;
1897,   142417.380000-90d;
1898,   142053.060000-90d;
1899,   142063.686000-90d;
1900,   141631.332000-90d;
1901,   141404.460000-90d;
1902,   141008.400000-90d;
1903,   140599.092000-90d;
1904,   140248.848000-90d;
1905,   140203.998000-90d;
1906,   139779.372000-90d;
1907,   139761.018000-90d;
1908,   140077.728000-90d;
1909,   140344.482000-90d;
1910,   140469.372000-90d;
1911,   140600.886000-90d;
1912,   140634.834000-90d;
1913,   140599.506000-90d;
1914,   140607.234000-90d;
1915,   140608.338000-90d;
1916,   140642.562000-90d;
1917,   140633.868000-90d;
1918,   140471.028000-90d;
1919,   140469.924000-90d;
1920,   140633.454000-90d;
1921,   140705.628000-90d;
1922,   140769.522000-90d;
1923,   140882.682000-90d;
1924,   140913.594000-90d;
1925,   140989.080000-90d;
1926,   140989.080000-90d;
1927,   141098.928000-90d;
1928,   141105.414000-90d;
1929,   141134.118000-90d;
1930,   141153.438000-90d;
1931,   141142.812000-90d;
1932,   141162.270000-90d;
1933,   141300.546000-90d;
1934,   141516.240000-90d;
1935,   141559.572000-90d;
1936,   141696.330000-90d;
1937,   141855.030000-90d;
1938,   141898.086000-90d;
1939,   142028.220000-90d;
1940,   142043.262000-90d;
1941,   141880.698000-90d;
1942,   141855.030000-90d;
1943,   141803.694000-90d;
1944,   141841.506000-90d;
1945,   141681.840000-90d;
1946,   141594.762000-90d;
1947,   141195.942000-90d;
1948,   140894.964000-90d;
1949,   140334.132000-90d;
1950,   140243.466000-90d;
1951,   140349.450000-90d;
1952,   140374.152000-90d;
1953,   140467.302000-90d;
1954,   140562.936000-90d;
1955,   140642.562000-90d;
1956,   140591.088000-90d;
1957,   140664.504000-90d;
1958,   140744.406000-90d;
1959,   140641.872000-90d;
1960,   140728.398000-90d;
1961,   140815.752000-90d;
1962,   140882.544000-90d;
1963,   141035.172000-90d;
1964,   141236.100000-90d;
1965,   141424.746000-90d;
1966,   141683.910000-90d;
1967,   141911.196000-90d;
1968,   142130.892000-90d;
1969,   142407.306000-90d;
1970,   142582.704000-90d;
1971,   142766.658000-90d;
1972,   142949.646000-90d;
1973,   143181.762000-90d;
1974,   143340.876000-90d;
1975,   143443.410000-90d;
1976,   143455.830000-90d;
1977,   143581.962000-90d;
1978,   143528.556000-90d;
1979,   143621.844000-90d;
1980,   143789.238000-90d;
1981,   143679.528000-90d;
1982,   143608.458000-90d;
1983,   143751.564000-90d;
1984,   143684.496000-90d;
1985,   143653.032000-90d;
1986,   143587.068000-90d;
1987,   143587.068000-90d;
1988,   143614.806000-90d;
1989,   143587.068000-90d;
1990,   143515.722000-90d;
1991,   143413.878000-90d;
1992,   143413.878000-90d;
1993,   143400.354000-90d;
1994,   143248.002000-90d;
1995,   143101.584000-90d;
1996,   143025.546000-90d;
1997,   142826.826000-90d;
1998,   142681.926000-90d;
1999,   142447.050000-90d;
2000,   142199.892000-90d;
2001,   141980.196000-90d;
2002,   141706.404000-90d;
2003,   141580.272000-90d;
2004,   141499.542000-90d;
2005,   141831.432000-90d;
2006,   141793.344000-90d;
2007,   141681.840000-90d;
2008,   141528.108000-90d;
2009,   141360.576000-90d;
2010,   141287.988000-90d;
2011,   141162.270000-90d;
2012,   141162.270000-90d;
2013,   141149.160000-90d;
2014,   141024.960000-90d;
2015,   141098.928000-90d;
2016,   141087.336000-90d;
2017,   141065.256000-90d;
2018,   141152.886000-90d;
2019,   141179.520000-90d;
2020,   141162.270000-90d;
2021,   141283.710000-90d;
2022,   141335.460000-90d;
2023,   141412.188000-90d;
2024,   141487.812000-90d;
2025,   141461.316000-90d;
2026,   141508.650000-90d;
2027,   141543.288000-90d;
2028,   141629.676000-90d;
2029,   141727.932000-90d;
2030,   141837.780000-90d;
2031,   141855.030000-90d;
2032,   141899.604000-90d;
2033,   142015.248000-90d;
2034,   141975.918000-90d;
2035,   142025.460000-90d;
2036,   141933.828000-90d;
2037,   141878.490000-90d;
2038,   141791.136000-90d;
2039,   141632.988000-90d;
2040,   141524.658000-90d;
2041,   141460.488000-90d;
2042,   141320.832000-90d;
2043,   141022.752000-90d;
2044,   140763.726000-90d;
2045,   140356.764000-90d;
2046,   140035.914000-90d;
2047,   140102.154000-90d;
2048,   140088.216000-90d;
2049,   140136.102000-90d;
2050,   140260.992000-90d;
2051,   140322.816000-90d;
2052,   140342.274000-90d;
2053,   140391.126000-90d;
2054,   140469.372000-90d;
2055,   140469.372000-90d;
2056,   140491.176000-90d;
2057,   140625.864000-90d;
2058,   140638.008000-90d;
2059,   140740.266000-90d;
2060,   140904.486000-90d;
2061,   141071.604000-90d;
2062,   141309.930000-90d;
2063,   141493.194000-90d;
2064,   141593.520000-90d;
2065,   141690.810000-90d;
2066,   141804.936000-90d;
2067,   141855.030000-90d;
2068,   141905.814000-90d;
2069,   142040.226000-90d;
2070,   142070.586000-90d;
2071,   142028.220000-90d;
2072,   142171.050000-90d;
2073,   142125.096000-90d;
2074,   142182.918000-90d;
2075,   142249.020000-90d;
2076,   142387.434000-90d;
2077,   142368.942000-90d;
2078,   142303.668000-90d;
2079,   142382.328000-90d;
2080,   142303.392000-90d;
2081,   142192.578000-90d;
2082,   142178.226000-90d;
2083,   142151.454000-90d;
2084,   142083.006000-90d;
2085,   142165.254000-90d;
2086,   142104.120000-90d;
2087,   141904.434000-90d;
2088,   141842.748000-90d;
2089,   141706.128000-90d;
2090,   141571.026000-90d;
2091,   141630.366000-90d;
2092,   141566.058000-90d;
2093,   141673.560000-90d;
2094,   141525.486000-90d;
2095,   141280.950000-90d;
2096,   141133.428000-90d;
2097,   141189.594000-90d;
2098,   140951.958000-90d;
2099,   140931.258000-90d;
2100,   141192.078000-90d;
2101,   141491.262000-90d;
2102,   141452.760000-90d;
2103,   141355.194000-90d;
2104,   141271.014000-90d;
2105,   141157.992000-90d;
2106,   141138.258000-90d;
2107,   141113.004000-90d;
2108,   141044.694000-90d;
2109,   140989.080000-90d;
2110,   140742.612000-90d;
2111,   140784.012000-90d;
2112,   140815.752000-90d;
2113,   140829.276000-90d;
2114,   141037.932000-90d;
2115,   141008.676000-90d;
2116,   140893.446000-90d;
2117,   140815.752000-90d;
2118,   140719.290000-90d;
2119,   140815.752000-90d;
2120,   140861.292000-90d;
2121,   140828.172000-90d;
2122,   140987.148000-90d;
2123,   140961.618000-90d;
2124,   140982.180000-90d;
2125,   141037.932000-90d;
2126,   141068.982000-90d;
2127,   141099.756000-90d;
2128,   140992.254000-90d;
2129,   141190.146000-90d;
2130,   141393.006000-90d;
2131,   141351.882000-90d;
2132,   141221.058000-90d;
2133,   141066.222000-90d;
2134,   140885.580000-90d;
2135,   140617.308000-90d;
2136,   140350.416000-90d;
2137,   140395.266000-90d;
2138,   140182.470000-90d;
2139,   139923.582000-90d;
2140,   139604.388000-90d;
2141,   139016.232000-90d;
2142,   138872.160000-90d;
2143,   139020.510000-90d;
2144,   139099.446000-90d;
2145,   139241.586000-90d;
2146,   139306.170000-90d;
2147,   139452.726000-90d;
2148,   139575.684000-90d;
2149,   139683.600000-90d;
2150,   139792.896000-90d;
2151,   139828.500000-90d;
2152,   140048.472000-90d;
2153,   140256.576000-90d;
2154,   140542.098000-90d;
2155,   140518.500000-90d;
2156,   140716.944000-90d;
2157,   140745.372000-90d;
2158,   140976.384000-90d;
2159,   140968.380000-90d;
2160,   141135.360000-90d;
2161,   141439.512000-90d;
2162,   141528.384000-90d;
2163,   141422.676000-90d;
2164,   141398.388000-90d;
2165,   141534.180000-90d;
2166,   141585.792000-90d;
2167,   141678.528000-90d;
2168,   141699.780000-90d;
2169,   141547.566000-90d;
2170,   141572.544000-90d;
2171,   141851.166000-90d;
2172,   142127.856000-90d;
2173,   141879.732000-90d;
2174,   141900.570000-90d;
2175,   141799.830000-90d;
2176,   141904.158000-90d;
2177,   141894.774000-90d;
2178,   141839.988000-90d;
2179,   141819.012000-90d;
2180,   141794.034000-90d;
2181,   141643.614000-90d;
2182,   141522.726000-90d;
2183,   141367.752000-90d;
2184,   141264.528000-90d;
2185,   141068.430000-90d;
2186,   140702.040000-90d;
2187,   140382.984000-90d;
2188,   140299.356000-90d;
2189,   139973.676000-90d;
2190,   139513.170000-90d;
2191,   139198.530000-90d;
2192,   138872.022000-90d;
2193,   138509.358000-90d;
2194,   138638.526000-90d;
2195,   138624.864000-90d;
2196,   138813.510000-90d;
2197,   139225.164000-90d;
2198,   139173.690000-90d;
2199,   139261.734000-90d;
2200,   139089.648000-90d;
2201,   139057.218000-90d;
2202,   138999.258000-90d;
2203,   139111.176000-90d;
2204,   139091.028000-90d;
2205,   139166.376000-90d;
2206,   139059.288000-90d;
2207,   139107.726000-90d;
2208,   139177.692000-90d;
2209,   139360.542000-90d;
2210,   139248.348000-90d;
2211,   139438.098000-90d;
2212,   139222.404000-90d;
2213,   139362.888000-90d;
2214,   139487.778000-90d;
2215,   139493.850000-90d;
2216,   139461.972000-90d;
2217,   139408.566000-90d;
2218,   139417.536000-90d;
2219,   139397.802000-90d;
2220,   139546.428000-90d;
2221,   139542.288000-90d;
2222,   139456.176000-90d;
2223,   139700.574000-90d;
2224,   139841.334000-90d;
2225,   139883.562000-90d;
2226,   139882.044000-90d;
2227,   139753.014000-90d;
2228,   139784.478000-90d;
2229,   139870.038000-90d;
2230,   139857.066000-90d;
2231,   139798.692000-90d;
2232,   139895.844000-90d;
2233,   139894.050000-90d;
2234,   139708.992000-90d;
2235,   139188.318000-90d;
2236,   138888.996000-90d;
2237,   138458.436000-90d;
2238,   138243.846000-90d;
2239,   138291.042000-90d;
2240,   138368.046000-90d;
2241,   138458.712000-90d;
2242,   138564.558000-90d;
2243,   138734.712000-90d;
2244,   138872.436000-90d;
2245,   138937.158000-90d;
2246,   139083.714000-90d;
2247,   139226.406000-90d;
2248,   139382.070000-90d;
2249,   139481.568000-90d;
2250,   139731.072000-90d;
2251,   139926.756000-90d;
2252,   140109.054000-90d;
2253,   140321.712000-90d;
2254,   140691.552000-90d;
2255,   140747.028000-90d;
2256,   141149.436000-90d;
2257,   141342.222000-90d;
2258,   141343.878000-90d;
2259,   141454.692000-90d;
2260,   141472.080000-90d;
2261,   141415.914000-90d;
2262,   141698.676000-90d;
2263,   141665.970000-90d;
2264,   141730.830000-90d;
2265,   141725.724000-90d;
2266,   141633.816000-90d;
2267,   141635.610000-90d;
2268,   141785.892000-90d;
2269,   141868.416000-90d;
2270,   141919.614000-90d;
2271,   142061.202000-90d;
2272,   141972.606000-90d;
2273,   141907.194000-90d;
2274,   142029.048000-90d;
2275,   141911.886000-90d;
2276,   141905.814000-90d;
2277,   141867.036000-90d;
2278,   141690.396000-90d;
2279,   141739.248000-90d;
2280,   141677.562000-90d;
2281,   141490.848000-90d;
2282,   141336.288000-90d;
2283,   141059.046000-90d;
2284,   140671.128000-90d;
2285,   140344.758000-90d;
2286,   139805.178000-90d;
2287,   139690.776000-90d;
2288,   139452.864000-90d;
2289,   139356.540000-90d;
2290,   139177.968000-90d;
2291,   138949.716000-90d;
2292,   138933.846000-90d;
2293,   139340.532000-90d;
2294,   139425.402000-90d;
2295,   139515.102000-90d;
2296,   139477.290000-90d;
2297,   139433.820000-90d;
2298,   139252.074000-90d;
2299,   139248.072000-90d;
2300,   139019.682000-90d;
2301,   139101.102000-90d;
2302,   138986.838000-90d;
2303,   139004.640000-90d;
2304,   139139.328000-90d;
2305,   139250.556000-90d;
2306,   139274.706000-90d;
2307,   139292.922000-90d;
2308,   139396.284000-90d;
2309,   139555.674000-90d;
2310,   139492.608000-90d;
2311,   139444.998000-90d;
2312,   139434.786000-90d;
2313,   139414.086000-90d;
2314,   139477.566000-90d;
2315,   139508.754000-90d;
2316,   139464.870000-90d;
2317,   139652.550000-90d;
2318,   139822.152000-90d;
2319,   139889.772000-90d;
2320,   139949.802000-90d;
2321,   140101.188000-90d;
2322,   140054.130000-90d;
2323,   140018.802000-90d;
2324,   140295.354000-90d;
2325,   140296.182000-90d;
2326,   140289.006000-90d;
2327,   140108.502000-90d;
2328,   140095.806000-90d;
2329,   139934.898000-90d;
2330,   139794.276000-90d;
2331,   139531.524000-90d;
2332,   139081.644000-90d;
2333,   138647.220000-90d;
2334,   138619.482000-90d;
2335,   138862.362000-90d;
2336,   138823.584000-90d;
2337,   138964.482000-90d;
2338,   139159.476000-90d;
2339,   139239.654000-90d;
2340,   139148.574000-90d;
2341,   139142.364000-90d;
2342,   139191.354000-90d;
2343,   139362.336000-90d;
2344,   139609.494000-90d;
2345,   139807.386000-90d;
2346,   139956.840000-90d;
2347,   140087.526000-90d;
2348,   140342.412000-90d;
2349,   140374.566000-90d;
2350,   140467.854000-90d;
2351,   140695.968000-90d;
2352,   140980.800000-90d;
2353,   141107.622000-90d;
2354,   141183.246000-90d;
2355,   141368.856000-90d;
2356,   141463.938000-90d;
2357,   141677.286000-90d;
2358,   141876.144000-90d;
2359,   141978.816000-90d;
2360,   141967.500000-90d;
2361,   141950.802000-90d;
2362,   141939.210000-90d;
2363,   142016.766000-90d;
2364,   142229.010000-90d;
2365,   142239.912000-90d;
2366,   142151.730000-90d;
2367,   142224.180000-90d;
2368,   142356.936000-90d;
2369,   142463.610000-90d;
2370,   142521.432000-90d;
2371,   142440.426000-90d;
2372,   142451.328000-90d;
2373,   142337.616000-90d;
2374,   142363.560000-90d;
2375,   142390.056000-90d;
2376,   142256.196000-90d;
2377,   142172.154000-90d;
2378,   142019.112000-90d;
2379,   141752.772000-90d;
2380,   141489.330000-90d;
2381,   141215.262000-90d;
2382,   141066.084000-90d;
2383,   140836.866000-90d;
2384,   140879.646000-90d;
2385,   140512.290000-90d;
2386,   140461.368000-90d;
2387,   140284.452000-90d;
2388,   140281.554000-90d;
2389,   140490.624000-90d;
2390,   140563.488000-90d;
2391,   140589.570000-90d;
2392,   140469.510000-90d;
2393,   140462.196000-90d;
2394,   140334.270000-90d;
2395,   140049.852000-90d;
2396,   139816.770000-90d;
2397,   139646.754000-90d;
2398,   139738.800000-90d;
2399,   139932.276000-90d;
2400,   139758.948000-90d;
2401,   139708.578000-90d;
2402,   139462.248000-90d;
2403,   139390.902000-90d;
2404,   139457.832000-90d;
2405,   139623.156000-90d;
2406,   139705.680000-90d;
2407,   139854.444000-90d;
2408,   139788.756000-90d;
2409,   139762.950000-90d;
2410,   140047.230000-90d;
2411,   140238.084000-90d;
2412,   140448.534000-90d;
2413,   140482.482000-90d;
2414,   140488.140000-90d;
2415,   140518.500000-90d;
2416,   140480.826000-90d;
2417,   140671.680000-90d;
2418,   140867.502000-90d;
2419,   140844.318000-90d;
2420,   140933.466000-90d;
2421,   140828.172000-90d;
2422,   140783.736000-90d;
2423,   140785.668000-90d;
2424,   140688.654000-90d;
2425,   140681.202000-90d;
2426,   140745.786000-90d;
2427,   140489.658000-90d;
2428,   140051.094000-90d;
2429,   139622.742000-90d;
2430,   139171.206000-90d;
2431,   139085.508000-90d;
2432,   139173.966000-90d;
2433,   139295.406000-90d;
2434,   139541.184000-90d;
2435,   139565.610000-90d;
2436,   139620.672000-90d;
2437,   139405.668000-90d;
2438,   139463.904000-90d;
2439,   139631.436000-90d;
2440,   139949.940000-90d;
2441,   140366.700000-90d;
2442,   140245.674000-90d;
2443,   140286.522000-90d;
2444,   140708.388000-90d;
2445,   141190.974000-90d;
2446,   141467.802000-90d;
2447,   141762.432000-90d;
2448,   142113.504000-90d;
2449,   142455.054000-90d;
2450,   142483.482000-90d;
2451,   142177.950000-90d;
2452,   142423.176000-90d;
2453,   142485.828000-90d;
2454,   142601.886000-90d;
2455,   142749.408000-90d;
2456,   142779.906000-90d;
2457,   142704.006000-90d;
2458,   142760.586000-90d;
2459,   142588.776000-90d;
2460,   142406.202000-90d;
2461,   142429.662000-90d;
2462,   142720.428000-90d;
2463,   142670.610000-90d;
2464,   142680.270000-90d;
2465,   142565.868000-90d;
2466,   142554.828000-90d;
2467,   142496.178000-90d;
2468,   142402.476000-90d;
2469,   142372.116000-90d;
2470,   142287.384000-90d;
2471,   142204.584000-90d;
2472,   141914.784000-90d;
2473,   141556.674000-90d;
2474,   141333.528000-90d;
2475,   140936.640000-90d;
2476,   140625.588000-90d;
2477,   140884.200000-90d;
2478,   140465.370000-90d;
2479,   139819.668000-90d;
2480,   139501.026000-90d;
2481,   139632.126000-90d;
2482,   139378.482000-90d;
2483,   139135.050000-90d;
2484,   139286.574000-90d;
2485,   139630.332000-90d;
2486,   139434.786000-90d;
2487,   139467.906000-90d;
2488,   139306.170000-90d;
2489,   139278.294000-90d;
2490,   139137.396000-90d;
2491,   139024.926000-90d;
2492,   138954.132000-90d;
2493,   138890.514000-90d;
2494,   138864.708000-90d;
2495,   138859.188000-90d;
2496,   138818.478000-90d;
2497,   138812.130000-90d;
2498,   138682.548000-90d;
2499,   138741.474000-90d;
2500,   138831.864000-90d;
2501,   138994.842000-90d;
2502,   138919.494000-90d;
2503,   138694.554000-90d;
2504,   139000.776000-90d;
2505,   138833.382000-90d;
2506,   138705.870000-90d;
2507,   138815.580000-90d;
2508,   138929.430000-90d;
2509,   139036.380000-90d;
2510,   139126.356000-90d;
2511,   139389.522000-90d;
2512,   139526.832000-90d;
2513,   139586.448000-90d;
2514,   139893.774000-90d;
2515,   140071.380000-90d;
2516,   140105.604000-90d;
2517,   140061.444000-90d;
2518,   140110.296000-90d;
2519,   139834.020000-90d;
2520,   139911.990000-90d;
2521,   139959.876000-90d;
2522,   140137.482000-90d;
2523,   139765.986000-90d;
2524,   139508.340000-90d;
2525,   139130.358000-90d;
2526,   138793.086000-90d;
2527,   138836.556000-90d;
2528,   138932.742000-90d;
2529,   139083.714000-90d;
2530,   139043.694000-90d;
2531,   139121.664000-90d;
2532,   139186.110000-90d;
2533,   139301.892000-90d;
2534,   139349.226000-90d;
2535,   139466.802000-90d;
2536,   139792.068000-90d;
2537,   139941.798000-90d;
2538,   140136.654000-90d;
2539,   140189.922000-90d;
2540,   140319.642000-90d;
2541,   140650.704000-90d;
2542,   141157.440000-90d;
2543,   141429.024000-90d;
2544,   141591.174000-90d;
2545,   141555.984000-90d;
2546,   141546.462000-90d;
2547,   141660.864000-90d;
2548,   141748.356000-90d;
2549,   141772.920000-90d;
2550,   142017.180000-90d;
2551,   142110.744000-90d;
2552,   141989.994000-90d;
2553,   141960.738000-90d;
2554,   141989.580000-90d;
2555,   142102.740000-90d;
2556,   142070.310000-90d;
2557,   142002.000000-90d;
2558,   141999.930000-90d;
2559,   141919.614000-90d;
2560,   141891.324000-90d;
2561,   141952.320000-90d;
2562,   142038.708000-90d;
2563,   142012.902000-90d;
2564,   141861.930000-90d;
2565,   141904.296000-90d;
2566,   141792.654000-90d;
2567,   141656.586000-90d;
2568,   141572.682000-90d;
2569,   141512.238000-90d;
2570,   141307.998000-90d;
2571,   141158.268000-90d;
2572,   140934.432000-90d;
2573,   140751.168000-90d;
2574,   140294.526000-90d;
2575,   139789.032000-90d;
2576,   139395.180000-90d;
2577,   139500.336000-90d;
2578,   139500.750000-90d;
2579,   139380.690000-90d;
2580,   139793.862000-90d;
2581,   140131.134000-90d;
2582,   140019.216000-90d;
2583,   140122.992000-90d;
2584,   140069.034000-90d;
2585,   139844.922000-90d;
2586,   139872.108000-90d;
2587,   139736.868000-90d;
2588,   139604.388000-90d;
2589,   139601.490000-90d;
2590,   139598.454000-90d;
2591,   139574.994000-90d;
2592,   139520.484000-90d;
2593,   139663.590000-90d;
2594,   139617.774000-90d;
2595,   139762.398000-90d;
2596,   139891.152000-90d;
2597,   140111.124000-90d;
2598,   140171.844000-90d;
2599,   140122.992000-90d;
2600,   140040.192000-90d;
2601,   139949.802000-90d;
2602,   139949.802000-90d;
2603,   139984.578000-90d;
2604,   140147.694000-90d;
2605,   140307.774000-90d;
2606,   140311.638000-90d;
2607,   140365.458000-90d;
2608,   140543.892000-90d;
2609,   140713.632000-90d;
2610,   140723.568000-90d;
2611,   140793.672000-90d;
2612,   140815.752000-90d;
2613,   140692.794000-90d;
2614,   140566.524000-90d;
2615,   140392.368000-90d;
2616,   140386.986000-90d;
2617,   140313.156000-90d;
2618,   140547.204000-90d;
2619,   140556.174000-90d;
2620,   139972.296000-90d;
2621,   139654.344000-90d;
2622,   139404.840000-90d;
2623,   139250.280000-90d;
2624,   139373.928000-90d;
2625,   139622.742000-90d;
2626,   139681.806000-90d;
2627,   139753.980000-90d;
2628,   139779.372000-90d;
2629,   139799.106000-90d;
2630,   139771.506000-90d;
2631,   139853.892000-90d;
2632,   139974.504000-90d;
2633,   140005.692000-90d;
2634,   140062.686000-90d;
2635,   140057.442000-90d;
2636,   140154.456000-90d;
2637,   140380.500000-90d;
2638,   140636.766000-90d;
2639,   140797.812000-90d;
2640,   140890.134000-90d;
2641,   141051.318000-90d;
2642,   141308.688000-90d;
2643,   141437.856000-90d;
2644,   141457.038000-90d;
2645,   141480.498000-90d;
2646,   141773.334000-90d;
2647,   141850.200000-90d;
2648,   142111.434000-90d;
2649,   142102.188000-90d;
2650,   142229.010000-90d;
2651,   142201.824000-90d;
2652,   142253.160000-90d;
2653,   142363.698000-90d;
2654,   142248.882000-90d;
2655,   142229.700000-90d;
2656,   142404.960000-90d;
2657,   142531.644000-90d;
2658,   142476.996000-90d;
2659,   142354.590000-90d;
2660,   142254.264000-90d;
2661,   142100.808000-90d;
2662,   142101.084000-90d;
2663,   142212.864000-90d;
2664,   142184.298000-90d;
2665,   142089.768000-90d;
2666,   141911.748000-90d;
2667,   141763.674000-90d;
2668,   141629.124000-90d;
2669,   141508.650000-90d;
2670,   141336.288000-90d;
2671,   140993.910000-90d;
2672,   140824.308000-90d;
2673,   140680.374000-90d;
2674,   140250.090000-90d;
2675,   140003.898000-90d;
2676,   140287.350000-90d;
2677,   140301.150000-90d;
2678,   140251.608000-90d;
2679,   140130.720000-90d;
2680,   140146.314000-90d;
2681,   140283.624000-90d;
2682,   140454.744000-90d;
2683,   140310.258000-90d;
2684,   140332.338000-90d;
2685,   140427.972000-90d;
2686,   140429.904000-90d;
2687,   140469.372000-90d;
2688,   140614.134000-90d;
2689,   140645.460000-90d;
2690,   140685.342000-90d;
2691,   140701.902000-90d;
2692,   140918.562000-90d;
2693,   141050.766000-90d;
2694,   141023.166000-90d;
2695,   140844.318000-90d;
2696,   141160.476000-90d;
2697,   141474.150000-90d;
2698,   141145.158000-90d;
2699,   140963.964000-90d;
2700,   141205.188000-90d;
2701,   141335.460000-90d;
2702,   141352.020000-90d;
2703,   141239.550000-90d;
2704,   141372.030000-90d;
2705,   141781.890000-90d;
2706,   141813.630000-90d;
2707,   141948.042000-90d;
2708,   141998.826000-90d;
2709,   142026.978000-90d;
2710,   141976.608000-90d;
2711,   141749.598000-90d;
2712,   141571.716000-90d;
2713,   141669.420000-90d;
2714,   141530.040000-90d;
2715,   141274.326000-90d;
2716,   140869.572000-90d;
2717,   140483.034000-90d;
2718,   140099.394000-90d;
2719,   139767.090000-90d;
2720,   139853.754000-90d;
2721,   139914.198000-90d;
2722,   139712.994000-90d;
2723,   139658.760000-90d;
2724,   139666.488000-90d;
2725,   139883.700000-90d;
2726,   140118.024000-90d;
2727,   140165.358000-90d;
2728,   140279.484000-90d;
2729,   140396.922000-90d;
2730,   140586.672000-90d;
2731,   140845.008000-90d;
2732,   141064.014000-90d;
2733,   141185.178000-90d;
2734,   141504.924000-90d;
2735,   141747.528000-90d;
2736,   142037.742000-90d;
2737,   142174.362000-90d;
2738,   142355.556000-90d;
2739,   142387.020000-90d;
2740,   142585.602000-90d;
2741,   142652.532000-90d;
2742,   142645.770000-90d;
2743,   142765.416000-90d;
2744,   142863.810000-90d;
2745,   142730.364000-90d;
2746,   142665.090000-90d;
2747,   142682.754000-90d;
2748,   142721.118000-90d;
2749,   142716.012000-90d;
2750,   142634.178000-90d;
2751,   142679.166000-90d;
2752,   142798.398000-90d;
2753,   142848.768000-90d;
2754,   142786.944000-90d;
2755,   142894.308000-90d;
2756,   142894.308000-90d;
2757,   142776.318000-90d;
2758,   142696.416000-90d;
2759,   142820.478000-90d;
2760,   142894.308000-90d;
2761,   142785.978000-90d;
2762,   142762.104000-90d;
2763,   142740.714000-90d;
2764,   142894.308000-90d;
2765,   142694.898000-90d;
2766,   142581.738000-90d;
2767,   142514.670000-90d;
2768,   142331.958000-90d;
2769,   142179.744000-90d;
2770,   142157.112000-90d;
2771,   142033.878000-90d;
2772,   142343.274000-90d;
2773,   142389.366000-90d;
2774,   142274.136000-90d;
2775,   142201.410000-90d;
2776,   142056.786000-90d;
2777,   142141.104000-90d;
2778,   142201.410000-90d;
2779,   142325.196000-90d;
2780,   142257.300000-90d;
2781,   142386.468000-90d;
2782,   142485.276000-90d;
2783,   142575.804000-90d;
2784,   142554.966000-90d;
2785,   142555.242000-90d;
2786,   142612.236000-90d;
2787,   142666.746000-90d;
2788,   142730.916000-90d;
2789,   142790.670000-90d;
2790,   142726.362000-90d;
2791,   142731.330000-90d;
2792,   142727.604000-90d;
2793,   142807.506000-90d;
2794,   142721.118000-90d;
2795,   142664.262000-90d;
2796,   142721.118000-90d;
2797,   142837.866000-90d;
2798,   142855.806000-90d;
2799,   142798.812000-90d;
2800,   142893.756000-90d;
2801,   142894.308000-90d;
2802,   142907.004000-90d;
2803,   143011.746000-90d;
2804,   143059.632000-90d;
2805,   143024.442000-90d;
2806,   142951.578000-90d;
2807,   142894.308000-90d;
2808,   142798.536000-90d;
2809,   142661.916000-90d;
2810,   142566.834000-90d;
2811,   142338.444000-90d;
2812,   141907.194000-90d;
2813,   141357.816000-90d;
2814,   140712.390000-90d;
2815,   140750.616000-90d;
2816,   140927.256000-90d;
2817,   141185.592000-90d;
2818,   141453.726000-90d;
2819,   141564.678000-90d;
2820,   141573.096000-90d;
2821,   141736.488000-90d;
2822,   141682.392000-90d;
2823,   141681.840000-90d;
2824,   141704.472000-90d;
2825,   141843.024000-90d;
2826,   141856.686000-90d;
2827,   141995.790000-90d;
2828,   142161.390000-90d;
2829,   142501.422000-90d;
2830,   142395.852000-90d;
2831,   142072.380000-90d;
2832,   142196.718000-90d;
2833,   142305.876000-90d;
2834,   142391.436000-90d;
2835,   142443.324000-90d;
2836,   142521.846000-90d;
2837,   142598.298000-90d;
2838,   142736.850000-90d;
2839,   142821.582000-90d;
2840,   142881.060000-90d;
2841,   142853.184000-90d;
2842,   142991.874000-90d;
2843,   143042.520000-90d;
2844,   143043.624000-90d;
2845,   143102.136000-90d;
2846,   143089.026000-90d;
2847,   143082.954000-90d;
2848,   143090.544000-90d;
2849,   143039.070000-90d;
2850,   142999.602000-90d;
2851,   143039.760000-90d;
2852,   142932.948000-90d;
2853,   142875.264000-90d;
2854,   142762.104000-90d;
2855,   142732.434000-90d;
2856,   142555.104000-90d;
2857,   142399.164000-90d;
2858,   142211.760000-90d;
2859,   141912.576000-90d;
2860,   141371.064000-90d;
2861,   141165.582000-90d;
2862,   140774.490000-90d;
2863,   140261.130000-90d;
2864,   139858.446000-90d;
2865,   139458.246000-90d;
2866,   139190.526000-90d;
2867,   139307.826000-90d;
2868,   139687.050000-90d;
2869,   139935.588000-90d;
2870,   139927.998000-90d;
2871,   139967.742000-90d;
2872,   139953.942000-90d;
2873,   140028.600000-90d;
2874,   139833.330000-90d;
2875,   139744.320000-90d;
2876,   139775.232000-90d;
2877,   139792.896000-90d;
2878,   139695.330000-90d;
2879,   139758.672000-90d;