0, 141303.582+150d
1,   141681.840000+150d;
2,   141681.840000+150d;
3,   141887.598000+150d;
4,   142026.150000+150d;
5,   142172.982000+150d;
6,   142113.780000+150d;
7,   141970.674000+150d;
8,   142105.086000+150d;
9,   142263.372000+150d;
10,   142201.410000+150d;
11,   142141.104000+150d;
12,   142094.460000+150d;
13,   142069.482000+150d;
14,   142201.410000+150d;
15,   142201.410000+150d;
16,   142284.210000+150d;
17,   142326.024000+150d;
18,   142201.410000+150d;
19,   142099.704000+150d;
20,   142028.220000+150d;
21,   142028.220000+150d;
22,   142028.220000+150d;
23,   142028.220000+150d;
24,   141988.062000+150d;
25,   141859.860000+150d;
26,   141687.360000+150d;
27,   141613.668000+150d;
28,   141681.840000+150d;
29,   141653.412000+150d;
30,   141582.204000+150d;
31,   141669.420000+150d;
32,   141855.030000+150d;
33,   141982.818000+150d;
34,   142028.220000+150d;
35,   141942.660000+150d;
36,   141884.148000+150d;
37,   142028.220000+150d;
38,   141924.996000+150d;
39,   141903.330000+150d;
40,   142000.482000+150d;
41,   141855.030000+150d;
42,   141855.030000+150d;
43,   141855.030000+150d;
44,   141843.576000+150d;
45,   141659.622000+150d;
46,   141613.944000+150d;
47,   141546.324000+150d;
48,   141518.448000+150d;
49,   141633.816000+150d;
50,   141675.216000+150d;
51,   141835.158000+150d;
52,   141855.030000+150d;
53,   141963.360000+150d;
54,   142028.220000+150d;
55,   142028.220000+150d;
56,   142193.268000+150d;
57,   142177.536000+150d;
58,   142333.338000+150d;
59,   142482.378000+150d;
60,   142551.930000+150d;
61,   142623.414000+150d;
62,   142681.788000+150d;
63,   142548.204000+150d;
64,   142399.854000+150d;
65,   142376.256000+150d;
66,   142326.024000+150d;
67,   141832.674000+150d;
68,   141552.948000+150d;
69,   141312.552000+150d;
70,   140798.778000+150d;
71,   140543.340000+150d;
72,   140538.372000+150d;
73,   140620.482000+150d;
74,   140650.704000+150d;
75,   140611.098000+150d;
76,   140578.392000+150d;
77,   140750.340000+150d;
78,   140808.438000+150d;
79,   140668.368000+150d;
80,   140706.594000+150d;
81,   140918.424000+150d;
82,   140989.080000+150d;
83,   141005.226000+150d;
84,   141002.604000+150d;
85,   141144.468000+150d;
86,   141335.874000+150d;
87,   141689.982000+150d;
88,   141799.554000+150d;
89,   141919.062000+150d;
90,   142018.974000+150d;
91,   142075.002000+150d;
92,   142404.132000+150d;
93,   142399.440000+150d;
94,   142374.600000+150d;
95,   142511.358000+150d;
96,   142547.928000+150d;
97,   142675.164000+150d;
98,   142892.238000+150d;
99,   142973.520000+150d;
100,   142551.378000+150d;
101,   142623.138000+150d;
102,   142721.118000+150d;
103,   142705.524000+150d;
104,   142725.396000+150d;
105,   142874.160000+150d;
106,   142967.172000+150d;
107,   143013.540000+150d;
108,   143067.498000+150d;
109,   143067.498000+150d;
110,   143017.956000+150d;
111,   143007.192000+150d;
112,   143012.850000+150d;
113,   142996.704000+150d;
114,   143035.206000+150d;
115,   142857.600000+150d;
116,   142789.152000+150d;
117,   142687.032000+150d;
118,   142550.550000+150d;
119,   142374.600000+150d;
120,   142253.850000+150d;
121,   142139.034000+150d;
122,   141923.064000+150d;
123,   141727.794000+150d;
124,   141513.618000+150d;
125,   141309.240000+150d;
126,   141335.460000+150d;
127,   141500.646000+150d;
128,   141766.710000+150d;
129,   141871.176000+150d;
130,   141923.202000+150d;
131,   141827.292000+150d;
132,   141840.264000+150d;
133,   141856.134000+150d;
134,   141889.254000+150d;
135,   141721.998000+150d;
136,   141548.118000+150d;
137,   141450.414000+150d;
138,   141429.024000+150d;
139,   141335.460000+150d;
140,   141335.460000+150d;
141,   141237.066000+150d;
142,   141153.714000+150d;
143,   141140.328000+150d;
144,   141162.270000+150d;
145,   141332.010000+150d;
146,   141484.500000+150d;
147,   141231.270000+150d;
148,   141234.720000+150d;
149,   141390.660000+150d;
150,   141335.460000+150d;
151,   141440.340000+150d;
152,   141508.374000+150d;
153,   141415.638000+150d;
154,   141484.086000+150d;
155,   141508.650000+150d;
156,   141561.504000+150d;
157,   141595.590000+150d;
158,   141571.992000+150d;
159,   141510.306000+150d;
160,   141371.340000+150d;
161,   141352.710000+150d;
162,   141350.502000+150d;
163,   141236.652000+150d;
164,   141154.128000+150d;
165,   140930.706000+150d;
166,   140654.982000+150d;
167,   140404.236000+150d;
168,   140374.704000+150d;
169,   140625.864000+150d;
170,   140643.804000+150d;
171,   140811.060000+150d;
172,   140741.370000+150d;
173,   140679.546000+150d;
174,   140796.570000+150d;
175,   140763.036000+150d;
176,   140764.278000+150d;
177,   140668.230000+150d;
178,   140668.092000+150d;
179,   140683.272000+150d;
180,   140829.000000+150d;
181,   140946.714000+150d;
182,   141045.522000+150d;
183,   141089.130000+150d;
184,   141162.270000+150d;
185,   141283.572000+150d;
186,   141335.460000+150d;
187,   141443.928000+150d;
188,   141701.160000+150d;
189,   141862.758000+150d;
190,   141853.512000+150d;
191,   142073.484000+150d;
192,   142185.954000+150d;
193,   142335.960000+150d;
194,   142490.382000+150d;
195,   142603.818000+150d;
196,   142468.164000+150d;
197,   142627.416000+150d;
198,   142802.262000+150d;
199,   142761.552000+150d;
200,   142721.118000+150d;
201,   142717.668000+150d;
202,   142526.814000+150d;
203,   142374.600000+150d;
204,   142374.600000+150d;
205,   142409.376000+150d;
206,   142390.194000+150d;
207,   142304.496000+150d;
208,   142201.410000+150d;
209,   142201.410000+150d;
210,   142104.258000+150d;
211,   142169.256000+150d;
212,   142103.844000+150d;
213,   142028.220000+150d;
214,   142011.108000+150d;
215,   141969.570000+150d;
216,   142028.220000+150d;
217,   141875.040000+150d;
218,   141739.248000+150d;
219,   141632.160000+150d;
220,   141583.584000+150d;
221,   141235.548000+150d;
222,   141048.972000+150d;
223,   141272.946000+150d;
224,   141344.568000+150d;
225,   141297.648000+150d;
226,   141133.704000+150d;
227,   141277.086000+150d;
228,   141411.222000+150d;
229,   141244.380000+150d;
230,   141191.802000+150d;
231,   141263.148000+150d;
232,   141366.924000+150d;
233,   141316.692000+150d;
234,   141249.072000+150d;
235,   141404.322000+150d;
236,   141575.442000+150d;
237,   141650.790000+150d;
238,   141672.732000+150d;
239,   141681.840000+150d;
240,   141787.272000+150d;
241,   142003.104000+150d;
242,   142046.160000+150d;
243,   142078.038000+150d;
244,   142259.232000+150d;
245,   142375.290000+150d;
246,   142396.542000+150d;
247,   142593.054000+150d;
248,   142586.292000+150d;
249,   142385.088000+150d;
250,   142374.738000+150d;
251,   142540.200000+150d;
252,   142566.144000+150d;
253,   142652.118000+150d;
254,   142652.394000+150d;
255,   142679.166000+150d;
256,   142706.214000+150d;
257,   142545.858000+150d;
258,   142368.528000+150d;
259,   142188.990000+150d;
260,   142125.096000+150d;
261,   141908.712000+150d;
262,   141245.484000+150d;
263,   140786.220000+150d;
264,   140605.854000+150d;
265,   140854.944000+150d;
266,   140974.728000+150d;
267,   140980.110000+150d;
268,   140989.080000+150d;
269,   140989.080000+150d;
270,   140972.796000+150d;
271,   141012.264000+150d;
272,   140980.110000+150d;
273,   140815.752000+150d;
274,   140896.758000+150d;
275,   140934.984000+150d;
276,   140989.080000+150d;
277,   140974.452000+150d;
278,   141051.456000+150d;
279,   141146.676000+150d;
280,   141169.446000+150d;
281,   141365.406000+150d;
282,   141485.466000+150d;
283,   141610.080000+150d;
284,   141748.494000+150d;
285,   142089.906000+150d;
286,   142387.296000+150d;
287,   142523.916000+150d;
288,   142769.556000+150d;
289,   142703.316000+150d;
290,   142547.928000+150d;
291,   142549.308000+150d;
292,   142571.664000+150d;
293,   142799.916000+150d;
294,   143075.916000+150d;
295,   143078.262000+150d;
296,   143054.940000+150d;
297,   142978.902000+150d;
298,   142912.524000+150d;
299,   143060.874000+150d;
300,   143067.498000+150d;
301,   143068.740000+150d;
302,   143181.210000+150d;
303,   143081.850000+150d;
304,   143049.144000+150d;
305,   143108.622000+150d;
306,   143067.774000+150d;
307,   143052.318000+150d;
308,   143030.928000+150d;
309,   142912.386000+150d;
310,   142899.966000+150d;
311,   142902.588000+150d;
312,   142915.008000+150d;
313,   142912.386000+150d;
314,   142885.338000+150d;
315,   142794.120000+150d;
316,   142671.852000+150d;
317,   142558.692000+150d;
318,   142491.072000+150d;
319,   142370.874000+150d;
320,   142233.426000+150d;
321,   142145.106000+150d;
322,   142281.312000+150d;
323,   142201.410000+150d;
324,   142201.410000+150d;
325,   142086.042000+150d;
326,   141861.102000+150d;
327,   141899.052000+150d;
328,   141770.988000+150d;
329,   141824.394000+150d;
330,   141855.030000+150d;
331,   141804.936000+150d;
332,   141681.840000+150d;
333,   141617.118000+150d;
334,   141558.054000+150d;
335,   141444.066000+150d;
336,   141454.830000+150d;
337,   141343.188000+150d;
338,   141251.280000+150d;
339,   141335.460000+150d;
340,   141371.478000+150d;
341,   141421.296000+150d;
342,   141469.044000+150d;
343,   141523.968000+150d;
344,   141664.176000+150d;
345,   141754.290000+150d;
346,   141696.192000+150d;
347,   141773.748000+150d;
348,   141832.398000+150d;
349,   141957.564000+150d;
350,   141940.452000+150d;
351,   141855.030000+150d;
352,   141778.302000+150d;
353,   141782.028000+150d;
354,   141606.768000+150d;
355,   141495.816000+150d;
356,   141377.826000+150d;
357,   140967.276000+150d;
358,   140600.058000+150d;
359,   140518.638000+150d;
360,   140815.752000+150d;
361,   140966.448000+150d;
362,   141010.746000+150d;
363,   141103.482000+150d;
364,   141214.158000+150d;
365,   141350.916000+150d;
366,   141335.460000+150d;
367,   141377.964000+150d;
368,   141353.676000+150d;
369,   141393.144000+150d;
370,   141374.928000+150d;
371,   141337.392000+150d;
372,   141392.868000+150d;
373,   141450.966000+150d;
374,   141602.352000+150d;
375,   141717.030000+150d;
376,   141844.542000+150d;
377,   142042.434000+150d;
378,   142028.220000+150d;
379,   142104.258000+150d;
380,   142227.768000+150d;
381,   142373.634000+150d;
382,   142530.678000+150d;
383,   142631.556000+150d;
384,   142687.722000+150d;
385,   142749.546000+150d;
386,   142787.910000+150d;
387,   142954.200000+150d;
388,   142935.570000+150d;
389,   142924.806000+150d;
390,   142994.772000+150d;
391,   142949.784000+150d;
392,   143035.068000+150d;
393,   143032.308000+150d;
394,   142947.438000+150d;
395,   143013.264000+150d;
396,   143034.792000+150d;
397,   143034.240000+150d;
398,   142961.652000+150d;
399,   142862.706000+150d;
400,   142778.664000+150d;
401,   142690.344000+150d;
402,   142600.368000+150d;
403,   142512.876000+150d;
404,   142281.036000+150d;
405,   142075.002000+150d;
406,   141949.560000+150d;
407,   141518.862000+150d;
408,   141180.900000+150d;
409,   140873.160000+150d;
410,   140604.060000+150d;
411,   140075.244000+150d;
412,   139778.130000+150d;
413,   139376.136000+150d;
414,   139430.232000+150d;
415,   139538.700000+150d;
416,   139838.022000+150d;
417,   140122.992000+150d;
418,   140067.102000+150d;
419,   140083.938000+150d;
420,   140059.098000+150d;
421,   140033.706000+150d;
422,   140011.074000+150d;
423,   140075.796000+150d;
424,   139982.508000+150d;
425,   139875.972000+150d;
426,   139792.206000+150d;
427,   140012.592000+150d;
428,   139950.768000+150d;
429,   140009.556000+150d;
430,   140060.892000+150d;
431,   140226.768000+150d;
432,   140240.430000+150d;
433,   140240.706000+150d;
434,   140283.762000+150d;
435,   140229.942000+150d;
436,   140408.238000+150d;
437,   140346.966000+150d;
438,   140300.322000+150d;
439,   140324.058000+150d;
440,   140440.392000+150d;
441,   140561.004000+150d;
442,   140758.068000+150d;
443,   140865.708000+150d;
444,   141032.688000+150d;
445,   140842.524000+150d;
446,   140845.974000+150d;
447,   140933.052000+150d;
448,   140837.142000+150d;
449,   140851.770000+150d;
450,   140703.558000+150d;
451,   140326.818000+150d;
452,   140075.106000+150d;
453,   139968.018000+150d;
454,   139586.034000+150d;
455,   139108.830000+150d;
456,   138928.878000+150d;
457,   139203.774000+150d;
458,   139267.668000+150d;
459,   139324.938000+150d;
460,   139365.372000+150d;
461,   139441.824000+150d;
462,   139460.454000+150d;
463,   139486.260000+150d;
464,   139660.554000+150d;
465,   139781.580000+150d;
466,   139920.684000+150d;
467,   140138.172000+150d;
468,   140324.748000+150d;
469,   140516.568000+150d;
470,   140615.928000+150d;
471,   141025.650000+150d;
472,   141227.544000+150d;
473,   141402.666000+150d;
474,   141717.306000+150d;
475,   141975.504000+150d;
476,   142030.152000+150d;
477,   142102.326000+150d;
478,   142190.646000+150d;
479,   142340.100000+150d;
480,   142480.446000+150d;
481,   142438.494000+150d;
482,   142399.026000+150d;
483,   142349.070000+150d;
484,   142387.710000+150d;
485,   142523.502000+150d;
486,   142684.824000+150d;
487,   142516.740000+150d;
488,   142521.570000+150d;
489,   142604.370000+150d;
490,   142604.646000+150d;
491,   142618.998000+150d;
492,   142626.174000+150d;
493,   142677.648000+150d;
494,   142547.928000+150d;
495,   142549.584000+150d;
496,   142496.868000+150d;
497,   142425.936000+150d;
498,   142336.098000+150d;
499,   142235.496000+150d;
500,   142185.540000+150d;
501,   141831.156000+150d;
502,   141549.912000+150d;
503,   141116.178000+150d;
504,   140874.126000+150d;
505,   140422.728000+150d;
506,   140011.902000+150d;
507,   139652.274000+150d;
508,   139324.248000+150d;
509,   139223.232000+150d;
510,   139026.444000+150d;
511,   138888.030000+150d;
512,   139103.034000+150d;
513,   139133.532000+150d;
514,   139238.688000+150d;
515,   139349.364000+150d;
516,   139380.276000+150d;
517,   139242.552000+150d;
518,   139125.390000+150d;
519,   138970.140000+150d;
520,   138947.370000+150d;
521,   138874.920000+150d;
522,   138796.950000+150d;
523,   138830.208000+150d;
524,   138945.714000+150d;
525,   138952.476000+150d;
526,   139224.060000+150d;
527,   139032.930000+150d;
528,   139098.480000+150d;
529,   139180.866000+150d;
530,   139217.298000+150d;
531,   139003.122000+150d;
532,   139024.098000+150d;
533,   139027.134000+150d;
534,   139027.134000+150d;
535,   139074.468000+150d;
536,   139201.152000+150d;
537,   139327.422000+150d;
538,   139472.046000+150d;
539,   139590.174000+150d;
540,   139603.422000+150d;
541,   139603.422000+150d;
542,   139723.344000+150d;
543,   139806.834000+150d;
544,   139623.156000+150d;
545,   139329.078000+150d;
546,   139233.306000+150d;
547,   139043.970000+150d;
548,   138966.138000+150d;
549,   139083.714000+150d;
550,   139083.714000+150d;
551,   139083.714000+150d;
552,   139083.714000+150d;
553,   139083.714000+150d;
554,   139083.714000+150d;
555,   139083.714000+150d;
556,   139083.714000+150d;
557,   139083.714000+150d;
558,   139083.714000+150d;
559,   139083.714000+150d;
560,   139083.714000+150d;
561,   139083.714000+150d;
562,   139083.714000+150d;
563,   139083.714000+150d;
564,   139083.714000+150d;
565,   139083.714000+150d;
566,   139083.714000+150d;
567,   139083.714000+150d;
568,   139083.714000+150d;
569,   139083.714000+150d;
570,   139083.714000+150d;
571,   139083.714000+150d;
572,   139083.714000+150d;
573,   139083.714000+150d;
574,   139083.714000+150d;
575,   139083.714000+150d;
576,   139083.714000+150d;
577,   139083.714000+150d;
578,   139083.714000+150d;
579,   139083.714000+150d;
580,   139083.714000+150d;
581,   139083.714000+150d;
582,   139083.714000+150d;
583,   139083.714000+150d;
584,   139083.714000+150d;
585,   139083.714000+150d;
586,   139083.714000+150d;
587,   139083.714000+150d;
588,   139083.714000+150d;
589,   139083.714000+150d;
590,   139083.714000+150d;
591,   139083.714000+150d;
592,   139083.714000+150d;
593,   139083.714000+150d;
594,   139083.714000+150d;
595,   139083.714000+150d;
596,   139083.714000+150d;
597,   139083.714000+150d;
598,   139083.714000+150d;
599,   139083.714000+150d;
600,   139083.714000+150d;
601,   139083.714000+150d;
602,   139083.714000+150d;
603,   139083.714000+150d;
604,   139816.908000+150d;
605,   140073.036000+150d;
606,   140218.764000+150d;
607,   140142.726000+150d;
608,   139776.612000+150d;
609,   139757.568000+150d;
610,   139626.882000+150d;
611,   139597.902000+150d;
612,   139524.072000+150d;
613,   139044.108000+150d;
614,   138573.942000+150d;
615,   138714.702000+150d;
616,   138946.818000+150d;
617,   138961.584000+150d;
618,   138929.292000+150d;
619,   139099.998000+150d;
620,   139063.842000+150d;
621,   139227.510000+150d;
622,   139240.896000+150d;
623,   139268.220000+150d;
624,   139347.432000+150d;
625,   139600.800000+150d;
626,   139614.186000+150d;
627,   139668.006000+150d;
628,   139811.940000+150d;
629,   139906.608000+150d;
630,   140182.884000+150d;
631,   140395.680000+150d;
632,   140555.484000+150d;
633,   140787.462000+150d;
634,   140971.416000+150d;
635,   141203.256000+150d;
636,   141437.856000+150d;
637,   141555.294000+150d;
638,   141624.570000+150d;
639,   141634.644000+150d;
640,   141585.102000+150d;
641,   141758.706000+150d;
642,   141792.654000+150d;
643,   141829.224000+150d;
644,   141968.052000+150d;
645,   142103.982000+150d;
646,   142398.750000+150d;
647,   142171.602000+150d;
648,   142070.862000+150d;
649,   142292.904000+150d;
650,   142141.518000+150d;
651,   142168.428000+150d;
652,   142166.772000+150d;
653,   142111.986000+150d;
654,   141964.602000+150d;
655,   141901.536000+150d;
656,   141776.508000+150d;
657,   141751.254000+150d;
658,   141754.980000+150d;
659,   141677.976000+150d;
660,   141268.668000+150d;
661,   141210.432000+150d;
662,   140747.580000+150d;
663,   140599.644000+150d;
664,   140184.264000+150d;
665,   139844.508000+150d;
666,   139708.440000+150d;
667,   139523.106000+150d;
668,   139455.624000+150d;
669,   139484.328000+150d;
670,   139447.206000+150d;
671,   139934.760000+150d;
672,   140161.356000+150d;
673,   140282.658000+150d;
674,   140131.272000+150d;
675,   140006.244000+150d;
676,   140022.666000+150d;
677,   139853.478000+150d;
678,   139700.988000+150d;
679,   139507.098000+150d;
680,   139717.410000+150d;
681,   139925.652000+150d;
682,   139903.986000+150d;
683,   140057.166000+150d;
684,   140132.514000+150d;
685,   140410.998000+150d;
686,   140443.566000+150d;
687,   140369.184000+150d;
688,   140423.556000+150d;
689,   140310.948000+150d;
690,   140155.008000+150d;
691,   140035.362000+150d;
692,   139909.506000+150d;
693,   140081.178000+150d;
694,   140133.618000+150d;
695,   140208.276000+150d;
696,   140173.086000+150d;
697,   140274.792000+150d;
698,   140463.300000+150d;
699,   140524.020000+150d;
700,   140708.940000+150d;
701,   140728.674000+150d;
702,   140880.336000+150d;
703,   140739.852000+150d;
704,   140341.308000+150d;
705,   140098.842000+150d;
706,   139988.442000+150d;
707,   139722.516000+150d;
708,   139650.894000+150d;
709,   139196.460000+150d;
710,   138698.694000+150d;
711,   138707.112000+150d;
712,   138919.356000+150d;
713,   138980.076000+150d;
714,   139071.984000+150d;
715,   139204.740000+150d;
716,   139250.556000+150d;
717,   139213.710000+150d;
718,   139269.738000+150d;
719,   139403.460000+150d;
720,   139401.942000+150d;
721,   139611.840000+150d;
722,   139703.472000+150d;
723,   139840.368000+150d;
724,   140040.054000+150d;
725,   140158.044000+150d;
726,   140252.436000+150d;
727,   140526.780000+150d;
728,   140809.680000+150d;
729,   140885.994000+150d;
730,   140924.496000+150d;
731,   141043.176000+150d;
732,   141264.390000+150d;
733,   141385.416000+150d;
734,   141538.872000+150d;
735,   141683.220000+150d;
736,   141791.826000+150d;
737,   141682.254000+150d;
738,   141527.280000+150d;
739,   141791.136000+150d;
740,   142079.280000+150d;
741,   142155.042000+150d;
742,   141980.334000+150d;
743,   141959.496000+150d;
744,   141898.776000+150d;
745,   142002.690000+150d;
746,   142058.580000+150d;
747,   142029.186000+150d;
748,   142146.348000+150d;
749,   142329.888000+150d;
750,   142207.068000+150d;
751,   142182.918000+150d;
752,   142131.444000+150d;
753,   141930.930000+150d;
754,   141789.480000+150d;
755,   141681.840000+150d;
756,   141442.686000+150d;
757,   141189.594000+150d;
758,   140938.020000+150d;
759,   140898.552000+150d;
760,   140321.160000+150d;
761,   140168.118000+150d;
762,   139954.080000+150d;
763,   140071.932000+150d;
764,   139738.938000+150d;
765,   139549.326000+150d;
766,   139601.490000+150d;
767,   139964.844000+150d;
768,   140226.078000+150d;
769,   140265.132000+150d;
770,   140277.138000+150d;
771,   140321.436000+150d;
772,   140422.314000+150d;
773,   140314.674000+150d;
774,   140137.758000+150d;
775,   140146.728000+150d;
776,   140085.318000+150d;
777,   140228.562000+150d;
778,   140159.148000+150d;
779,   140177.502000+150d;
780,   140124.234000+150d;
781,   140214.072000+150d;
782,   140311.224000+150d;
783,   140344.758000+150d;
784,   140330.544000+150d;
785,   140249.400000+150d;
786,   140236.152000+150d;
787,   140421.900000+150d;
788,   140568.042000+150d;
789,   140654.706000+150d;
790,   140497.110000+150d;
791,   140467.440000+150d;
792,   140469.372000+150d;
793,   140494.350000+150d;
794,   140679.684000+150d;
795,   140725.914000+150d;
796,   140860.464000+150d;
797,   140946.576000+150d;
798,   141080.850000+150d;
799,   140918.700000+150d;
800,   140923.254000+150d;
801,   140945.886000+150d;
802,   140782.218000+150d;
803,   140642.562000+150d;
804,   140614.272000+150d;
805,   140142.450000+150d;
806,   139641.648000+150d;
807,   139208.328000+150d;
808,   139356.540000+150d;
809,   139407.600000+150d;
810,   139446.930000+150d;
811,   139592.520000+150d;
812,   139770.954000+150d;
813,   139820.772000+150d;
814,   139963.602000+150d;
815,   140197.236000+150d;
816,   140183.436000+150d;
817,   140270.928000+150d;
818,   140536.440000+150d;
819,   140649.048000+150d;
820,   140778.078000+150d;
821,   140785.530000+150d;
822,   140909.040000+150d;
823,   141125.010000+150d;
824,   141283.710000+150d;
825,   141508.650000+150d;
826,   141650.238000+150d;
827,   141778.578000+150d;
828,   141779.268000+150d;
829,   141967.500000+150d;
830,   142124.544000+150d;
831,   142212.588000+150d;
832,   142221.420000+150d;
833,   142220.454000+150d;
834,   142283.106000+150d;
835,   142339.134000+150d;
836,   142320.090000+150d;
837,   142400.406000+150d;
838,   142458.918000+150d;
839,   142464.024000+150d;
840,   142399.302000+150d;
841,   142352.106000+150d;
842,   142321.056000+150d;
843,   142374.600000+150d;
844,   142426.212000+150d;
845,   142485.552000+150d;
846,   142409.514000+150d;
847,   142369.080000+150d;
848,   142372.116000+150d;
849,   142359.006000+150d;
850,   142371.288000+150d;
851,   142358.730000+150d;
852,   142250.538000+150d;
853,   142139.586000+150d;
854,   141894.222000+150d;
855,   141750.012000+150d;
856,   141918.372000+150d;
857,   142006.968000+150d;
858,   141949.422000+150d;
859,   141855.030000+150d;
860,   141686.118000+150d;
861,   141780.648000+150d;
862,   141681.978000+150d;
863,   141615.324000+150d;
864,   141863.172000+150d;
865,   142028.220000+150d;
866,   142023.390000+150d;
867,   141876.144000+150d;
868,   141779.406000+150d;
869,   141566.886000+150d;
870,   141412.188000+150d;
871,   141351.054000+150d;
872,   141188.904000+150d;
873,   141052.560000+150d;
874,   141030.204000+150d;
875,   141062.082000+150d;
876,   140989.080000+150d;
877,   140940.918000+150d;
878,   141112.314000+150d;
879,   141293.508000+150d;
880,   141325.386000+150d;
881,   141316.140000+150d;
882,   141335.460000+150d;
883,   141411.774000+150d;
884,   141474.978000+150d;
885,   141501.474000+150d;
886,   141494.160000+150d;
887,   141554.880000+150d;
888,   141640.302000+150d;
889,   141628.848000+150d;
890,   141766.434000+150d;
891,   141839.712000+150d;
892,   141799.278000+150d;
893,   141715.650000+150d;
894,   141855.030000+150d;
895,   141753.600000+150d;
896,   141659.622000+150d;
897,   141513.894000+150d;
898,   141514.308000+150d;
899,   141349.260000+150d;
900,   141110.520000+150d;
901,   140682.996000+150d;
902,   140579.910000+150d;
903,   140636.628000+150d;
904,   140824.446000+150d;
905,   140954.442000+150d;
906,   140990.460000+150d;
907,   141004.122000+150d;
908,   141109.140000+150d;
909,   141209.604000+150d;
910,   141374.376000+150d;
911,   141488.364000+150d;
912,   141508.650000+150d;
913,   141598.902000+150d;
914,   141645.408000+150d;
915,   141799.554000+150d;
916,   141989.718000+150d;
917,   142189.266000+150d;
918,   142189.128000+150d;
919,   142262.268000+150d;
920,   142324.920000+150d;
921,   142294.146000+150d;
922,   142490.520000+150d;
923,   142627.692000+150d;
924,   142630.590000+150d;
925,   142688.688000+150d;
926,   142704.144000+150d;
927,   142721.118000+150d;
928,   142802.676000+150d;
929,   142876.920000+150d;
930,   143057.700000+150d;
931,   143095.650000+150d;
932,   143067.498000+150d;
933,   143183.832000+150d;
934,   143146.020000+150d;
935,   143123.526000+150d;
936,   143234.340000+150d;
937,   143228.406000+150d;
938,   143223.852000+150d;
939,   143067.498000+150d;
940,   142973.106000+150d;
941,   143049.834000+150d;
942,   143073.708000+150d;
943,   143095.098000+150d;
944,   143067.498000+150d;
945,   143053.974000+150d;
946,   142844.076000+150d;
947,   142826.826000+150d;
948,   142814.268000+150d;
949,   142718.634000+150d;
950,   142569.594000+150d;
951,   142547.928000+150d;
952,   142547.928000+150d;
953,   142565.178000+150d;
954,   142481.826000+150d;
955,   142372.116000+150d;
956,   142220.868000+150d;
957,   142239.360000+150d;
958,   142181.124000+150d;
959,   142273.584000+150d;
960,   142308.498000+150d;
961,   142194.372000+150d;
962,   142080.660000+150d;
963,   142022.148000+150d;
964,   141865.242000+150d;
965,   141855.030000+150d;
966,   141738.834000+150d;
967,   141540.528000+150d;
968,   141523.968000+150d;
969,   141508.650000+150d;
970,   141591.450000+150d;
971,   141749.046000+150d;
972,   141844.542000+150d;
973,   141714.546000+150d;
974,   141681.840000+150d;
975,   141771.126000+150d;
976,   141735.936000+150d;
977,   141691.776000+150d;
978,   141597.108000+150d;
979,   141508.650000+150d;
980,   141497.748000+150d;
981,   141385.830000+150d;
982,   141335.460000+150d;
983,   141393.282000+150d;
984,   141423.918000+150d;
985,   141494.712000+150d;
986,   141572.682000+150d;
987,   141508.650000+150d;
988,   141638.232000+150d;
989,   141607.320000+150d;
990,   141620.016000+150d;
991,   141508.650000+150d;
992,   141517.068000+150d;
993,   141292.128000+150d;
994,   141153.438000+150d;
995,   141056.976000+150d;
996,   140874.540000+150d;
997,   140643.666000+150d;
998,   140234.220000+150d;
999,   140024.874000+150d;
1000,   140052.612000+150d;
1001,   139928.826000+150d;
1002,   140019.216000+150d;
1003,   140107.260000+150d;
1004,   140159.424000+150d;
1005,   140178.192000+150d;
1006,   140277.966000+150d;
1007,   140245.122000+150d;
1008,   140264.442000+150d;
1009,   140364.768000+150d;
1010,   140485.104000+150d;
1011,   140601.438000+150d;
1012,   140700.936000+150d;
1013,   140854.944000+150d;
1014,   141063.048000+150d;
1015,   141138.258000+150d;
1016,   141309.792000+150d;
1017,   141303.306000+150d;
1018,   141463.662000+150d;
1019,   141709.716000+150d;
1020,   141731.520000+150d;
1021,   141806.316000+150d;
1022,   141967.086000+150d;
1023,   141937.140000+150d;
1024,   141836.814000+150d;
1025,   141885.252000+150d;
1026,   141913.266000+150d;
1027,   141896.568000+150d;
1028,   142064.376000+150d;
1029,   141980.196000+150d;
1030,   141864.414000+150d;
1031,   142023.666000+150d;
1032,   142185.954000+150d;
1033,   142141.932000+150d;
1034,   142112.538000+150d;
1035,   141953.010000+150d;
1036,   141906.780000+150d;
1037,   141985.992000+150d;
1038,   141949.974000+150d;
1039,   142028.220000+150d;
1040,   141838.608000+150d;
1041,   141777.888000+150d;
1042,   141677.838000+150d;
1043,   141741.180000+150d;
1044,   141560.262000+150d;
1045,   141495.264000+150d;
1046,   141305.514000+150d;
1047,   140792.982000+150d;
1048,   140357.730000+150d;
1049,   140088.078000+150d;
1050,   139926.894000+150d;
1051,   139748.046000+150d;
1052,   139663.590000+150d;
1053,   139592.520000+150d;
1054,   139500.198000+150d;
1055,   139595.694000+150d;
1056,   139911.162000+150d;
1057,   140107.260000+150d;
1058,   140027.082000+150d;
1059,   140155.008000+150d;
1060,   140000.724000+150d;
1061,   140076.348000+150d;
1062,   140025.288000+150d;
1063,   140050.542000+150d;
1064,   139900.950000+150d;
1065,   139861.758000+150d;
1066,   139840.506000+150d;
1067,   139879.698000+150d;
1068,   139905.228000+150d;
1069,   139950.768000+150d;
1070,   139943.040000+150d;
1071,   140013.696000+150d;
1072,   139744.320000+150d;
1073,   139769.022000+150d;
1074,   139745.148000+150d;
1075,   139780.752000+150d;
1076,   139785.306000+150d;
1077,   139822.428000+150d;
1078,   139921.788000+150d;
1079,   140068.896000+150d;
1080,   140153.490000+150d;
1081,   140254.920000+150d;
1082,   140484.690000+150d;
1083,   140598.126000+150d;
1084,   140566.248000+150d;
1085,   140550.102000+150d;
1086,   140574.114000+150d;
1087,   140631.936000+150d;
1088,   140561.694000+150d;
1089,   140386.296000+150d;
1090,   140301.840000+150d;
1091,   140088.768000+150d;
1092,   140094.288000+150d;
1093,   139728.036000+150d;
1094,   139045.350000+150d;
1095,   138848.424000+150d;
1096,   138887.340000+150d;
1097,   139115.868000+150d;
1098,   139062.738000+150d;
1099,   139175.760000+150d;
1100,   139248.624000+150d;
1101,   139327.698000+150d;
1102,   139430.232000+150d;
1103,   139435.338000+150d;
1104,   139427.610000+150d;
1105,   139613.496000+150d;
1106,   140006.934000+150d;
1107,   140119.266000+150d;
1108,   140403.546000+150d;
1109,   140587.638000+150d;
1110,   140893.032000+150d;
1111,   141112.314000+150d;
1112,   141391.212000+150d;
1113,   141828.810000+150d;
1114,   141926.100000+150d;
1115,   141854.064000+150d;
1116,   142166.082000+150d;
1117,   142333.338000+150d;
1118,   142474.098000+150d;
1119,   142382.052000+150d;
1120,   142473.132000+150d;
1121,   142516.464000+150d;
1122,   142528.194000+150d;
1123,   142460.022000+150d;
1124,   142473.822000+150d;
1125,   142547.928000+150d;
1126,   142412.688000+150d;
1127,   142675.026000+150d;
1128,   142894.308000+150d;
1129,   142786.530000+150d;
1130,   142719.048000+150d;
1131,   142742.508000+150d;
1132,   142713.390000+150d;
1133,   142620.240000+150d;
1134,   142514.532000+150d;
1135,   142341.204000+150d;
1136,   142369.908000+150d;
1137,   142177.398000+150d;
1138,   142099.704000+150d;
1139,   141855.030000+150d;
1140,   141532.248000+150d;
1141,   141116.316000+150d;
1142,   141029.652000+150d;
1143,   140575.770000+150d;
1144,   140255.748000+150d;
1145,   140008.728000+150d;
1146,   139659.036000+150d;
1147,   139521.450000+150d;
1148,   139539.804000+150d;
1149,   139567.266000+150d;
1150,   139796.346000+150d;
1151,   139957.668000+150d;
1152,   140170.464000+150d;
1153,   140160.942000+150d;
1154,   140345.448000+150d;
1155,   140173.914000+150d;
1156,   140097.324000+150d;
1157,   140122.992000+150d;
1158,   139607.838000+150d;
1159,   139812.492000+150d;
1160,   139664.694000+150d;
1161,   139553.466000+150d;
1162,   139507.512000+150d;
1163,   139629.504000+150d;
1164,   139671.042000+150d;
1165,   139758.258000+150d;
1166,   139755.774000+150d;
1167,   139750.668000+150d;
1168,   139498.956000+150d;
1169,   139455.486000+150d;
1170,   139487.226000+150d;
1171,   139362.060000+150d;
1172,   139412.292000+150d;
1173,   139603.422000+150d;
1174,   139658.208000+150d;
1175,   139771.782000+150d;
1176,   139913.232000+150d;
1177,   140101.326000+150d;
1178,   140157.768000+150d;
1179,   140179.572000+150d;
1180,   140129.616000+150d;
1181,   140005.278000+150d;
1182,   139951.596000+150d;
1183,   139974.228000+150d;
1184,   139839.816000+150d;
1185,   139740.180000+150d;
1186,   139425.954000+150d;
1187,   139042.590000+150d;
1188,   138693.450000+150d;
1189,   138892.032000+150d;
1190,   139013.472000+150d;
1191,   139195.908000+150d;
1192,   139454.382000+150d;
1193,   139480.602000+150d;
1194,   139624.398000+150d;
1195,   139639.992000+150d;
1196,   139725.138000+150d;
1197,   139795.104000+150d;
1198,   139890.876000+150d;
1199,   139949.940000+150d;
1200,   140146.314000+150d;
1201,   140069.724000+150d;
1202,   140212.830000+150d;
1203,   140602.542000+150d;
1204,   140808.300000+150d;
1205,   140728.812000+150d;
1206,   140906.832000+150d;
1207,   141105.414000+150d;
1208,   141238.032000+150d;
1209,   141352.020000+150d;
1210,   141430.404000+150d;
1211,   141572.406000+150d;
1212,   141830.052000+150d;
1213,   141928.308000+150d;
1214,   141335.460000+150d;
1215,   141438.408000+150d;
1216,   141421.296000+150d;
1217,   141600.144000+150d;
1218,   141372.858000+150d;
1219,   141343.188000+150d;
1220,   141343.602000+150d;
1221,   141335.460000+150d;
1222,   141282.054000+150d;
1223,   141119.628000+150d;
1224,   141068.292000+150d;
1225,   140984.664000+150d;
1226,   140851.218000+150d;
1227,   140942.298000+150d;
1228,   140840.040000+150d;
1229,   140815.062000+150d;
1230,   140791.464000+150d;
1231,   140613.030000+150d;
1232,   140331.510000+150d;
1233,   140239.050000+150d;
1234,   139911.300000+150d;
1235,   139669.524000+150d;
1236,   139423.194000+150d;
1237,   139075.710000+150d;
1238,   138891.342000+150d;
1239,   138794.328000+150d;
1240,   138528.954000+150d;
1241,   138390.954000+150d;
1242,   138401.304000+150d;
1243,   138577.116000+150d;
1244,   138946.404000+150d;
1245,   139183.212000+150d;
1246,   139477.566000+150d;
1247,   139450.518000+150d;
1248,   139448.724000+150d;
1249,   139429.542000+150d;
1250,   139197.012000+150d;
1251,   139083.714000+150d;
1252,   139160.028000+150d;
1253,   139131.186000+150d;
1254,   139026.582000+150d;
1255,   139103.034000+150d;
1256,   139095.720000+150d;
1257,   139083.714000+150d;
1258,   139106.622000+150d;
1259,   139147.056000+150d;
1260,   139274.016000+150d;
1261,   139155.888000+150d;
1262,   139220.748000+150d;
1263,   139094.064000+150d;
1264,   138871.056000+150d;
1265,   138848.286000+150d;
1266,   139021.476000+150d;
1267,   139030.998000+150d;
1268,   139089.648000+150d;
1269,   139240.896000+150d;
1270,   139202.808000+150d;
1271,   139487.364000+150d;
1272,   139761.846000+150d;
1273,   139869.210000+150d;
1274,   139708.854000+150d;
1275,   139940.418000+150d;
1276,   139944.282000+150d;
1277,   139961.118000+150d;
1278,   140099.532000+150d;
1279,   139904.400000+150d;
1280,   139902.330000+150d;
1281,   139961.670000+150d;
1282,   139400.976000+150d;
1283,   138997.602000+150d;
1284,   138598.506000+150d;
1285,   138786.462000+150d;
1286,   138812.544000+150d;
1287,   138972.072000+150d;
1288,   138951.924000+150d;
1289,   138982.560000+150d;
1290,   139172.724000+150d;
1291,   139157.820000+150d;
1292,   139281.606000+150d;
1293,   139361.232000+150d;
1294,   139354.332000+150d;
1295,   139514.826000+150d;
1296,   139569.336000+150d;
1297,   139613.082000+150d;
1298,   139716.030000+150d;
1299,   140070.000000+150d;
1300,   140248.710000+150d;
1301,   140381.466000+150d;
1302,   140574.528000+150d;
1303,   140752.272000+150d;
1304,   140735.298000+150d;
1305,   140893.170000+150d;
1306,   141010.746000+150d;
1307,   141019.026000+150d;
1308,   141247.830000+150d;
1309,   141439.788000+150d;
1310,   141413.430000+150d;
1311,   141307.584000+150d;
1312,   141361.542000+150d;
1313,   141376.446000+150d;
1314,   141316.416000+150d;
1315,   141309.792000+150d;
1316,   141473.184000+150d;
1317,   141483.534000+150d;
1318,   141393.558000+150d;
1319,   141296.820000+150d;
1320,   141167.928000+150d;
1321,   141308.136000+150d;
1322,   141295.992000+150d;
1323,   141086.370000+150d;
1324,   141008.814000+150d;
1325,   140960.100000+150d;
1326,   140812.440000+150d;
1327,   140696.244000+150d;
1328,   140641.872000+150d;
1329,   140584.464000+150d;
1330,   140206.896000+150d;
1331,   139896.810000+150d;
1332,   139594.866000+150d;
1333,   139024.926000+150d;
1334,   138645.426000+150d;
1335,   138543.306000+150d;
1336,   138390.954000+150d;
1337,   138465.474000+150d;
1338,   138277.104000+150d;
1339,   138570.216000+150d;
1340,   139234.686000+150d;
1341,   139251.384000+150d;
1342,   139105.104000+150d;
1343,   139173.138000+150d;
1344,   139239.654000+150d;
1345,   139209.708000+150d;
1346,   139059.288000+150d;
1347,   139095.720000+150d;
1348,   139224.336000+150d;
1349,   139365.096000+150d;
1350,   139419.330000+150d;
1351,   139454.796000+150d;
1352,   139490.124000+150d;
1353,   139702.368000+150d;
1354,   139802.694000+150d;
1355,   139884.390000+150d;
1356,   139912.818000+150d;
1357,   139722.516000+150d;
1358,   139558.986000+150d;
1359,   140848.044000+150d;
1360,   140932.362000+150d;
1361,   140944.506000+150d;
1362,   140918.562000+150d;
1363,   140815.752000+150d;
1364,   140815.752000+150d;
1365,   140833.278000+150d;
1366,   140879.370000+150d;
1367,   140893.308000+150d;
1368,   140851.356000+150d;
1369,   140847.906000+150d;
1370,   140844.456000+150d;
1371,   140782.356000+150d;
1372,   140565.558000+150d;
1373,   140339.928000+150d;
1374,   140115.678000+150d;
1375,   139745.424000+150d;
1376,   139816.632000+150d;
1377,   139949.802000+150d;
1378,   139995.066000+150d;
1379,   140003.484000+150d;
1380,   140015.352000+150d;
1381,   140133.480000+150d;
1382,   140327.508000+150d;
1383,   140426.316000+150d;
1384,   140394.024000+150d;
1385,   140676.234000+150d;
1386,   140799.606000+150d;
1387,   141035.172000+150d;
1388,   141133.290000+150d;
1389,   141248.244000+150d;
1390,   141334.632000+150d;
1391,   141440.064000+150d;
1392,   141335.184000+150d;
1393,   141563.022000+150d;
1394,   141957.150000+150d;
1395,   142000.344000+150d;
1396,   141882.768000+150d;
1397,   141901.950000+150d;
1398,   141890.634000+150d;
1399,   141910.782000+150d;
1400,   142112.814000+150d;
1401,   142213.140000+150d;
1402,   142206.102000+150d;
1403,   142252.470000+150d;
1404,   141906.090000+150d;
1405,   141855.030000+150d;
1406,   141952.596000+150d;
1407,   141994.686000+150d;
1408,   142103.154000+150d;
1409,   142022.700000+150d;
1410,   141855.030000+150d;
1411,   141855.030000+150d;
1412,   141855.030000+150d;
1413,   141917.958000+150d;
1414,   142021.458000+150d;
1415,   142036.914000+150d;
1416,   142033.050000+150d;
1417,   142039.260000+150d;
1418,   142097.910000+150d;
1419,   142186.920000+150d;
1420,   142155.870000+150d;
1421,   142009.176000+150d;
1422,   141873.246000+150d;
1423,   141818.046000+150d;
1424,   141777.336000+150d;
1425,   141858.204000+150d;
1426,   141614.772000+150d;
1427,   141484.500000+150d;
1428,   141290.748000+150d;
1429,   141103.620000+150d;
1430,   140929.050000+150d;
1431,   141059.874000+150d;
1432,   141189.732000+150d;
1433,   141056.700000+150d;
1434,   140906.694000+150d;
1435,   140781.252000+150d;
1436,   140526.228000+150d;
1437,   140401.752000+150d;
1438,   140412.792000+150d;
1439,   140165.082000+150d;
1440,   140174.742000+150d;
1441,   140357.730000+150d;
1442,   140566.938000+150d;
1443,   140491.314000+150d;
1444,   140402.442000+150d;
1445,   140433.768000+150d;
1446,   140455.020000+150d;
1447,   140375.118000+150d;
1448,   140375.532000+150d;
1449,   140218.626000+150d;
1450,   140280.864000+150d;
1451,   140376.084000+150d;
1452,   140442.738000+150d;
1453,   140360.214000+150d;
1454,   140423.832000+150d;
1455,   140483.448000+150d;
1456,   140469.372000+150d;
1457,   140421.210000+150d;
1458,   140371.392000+150d;
1459,   140319.918000+150d;
1460,   140278.932000+150d;
1461,   140271.204000+150d;
1462,   140246.640000+150d;
1463,   140296.182000+150d;
1464,   140219.316000+150d;
1465,   140037.570000+150d;
1466,   139770.678000+150d;
1467,   139459.764000+150d;
1468,   139594.038000+150d;
1469,   139406.082000+150d;
1470,   139053.354000+150d;
1471,   138890.514000+150d;
1472,   138993.186000+150d;
1473,   139064.118000+150d;
1474,   139171.758000+150d;
1475,   139256.904000+150d;
1476,   139300.098000+150d;
1477,   139518.276000+150d;
1478,   139649.790000+150d;
1479,   139604.940000+150d;
1480,   139605.216000+150d;
1481,   139658.898000+150d;
1482,   139542.288000+150d;
1483,   139775.922000+150d;
1484,   140042.676000+150d;
1485,   139976.988000+150d;
1486,   140122.992000+150d;
1487,   140273.550000+150d;
1488,   140499.594000+150d;
1489,   140468.958000+150d;
1490,   140521.812000+150d;
1491,   140618.550000+150d;
1492,   140728.122000+150d;
1493,   140903.244000+150d;
1494,   141020.268000+150d;
1495,   141074.778000+150d;
1496,   141096.858000+150d;
1497,   141003.018000+150d;
1498,   141120.456000+150d;
1499,   141035.034000+150d;
1500,   141065.946000+150d;
1501,   141220.782000+150d;
1502,   141323.454000+150d;
1503,   141343.740000+150d;
1504,   141406.806000+150d;
1505,   141431.094000+150d;
1506,   141397.698000+150d;
1507,   141309.378000+150d;
1508,   141233.478000+150d;
1509,   141240.930000+150d;
1510,   141184.764000+150d;
1511,   141086.922000+150d;
1512,   140829.690000+150d;
1513,   140920.356000+150d;
1514,   140717.082000+150d;
1515,   140427.834000+150d;
1516,   140492.418000+150d;
1517,   140348.760000+150d;
1518,   140090.424000+150d;
1519,   140079.522000+150d;
1520,   139912.542000+150d;
1521,   139639.716000+150d;
1522,   139294.992000+150d;
1523,   139055.286000+150d;
1524,   139091.304000+150d;
1525,   139245.036000+150d;
1526,   139292.094000+150d;
1527,   139468.734000+150d;
1528,   139358.196000+150d;
1529,   139289.886000+150d;
1530,   139212.744000+150d;
1531,   139254.834000+150d;
1532,   139230.822000+150d;
1533,   139125.390000+150d;
1534,   139051.284000+150d;
1535,   138860.016000+150d;
1536,   138809.370000+150d;
1537,   138993.462000+150d;
1538,   138878.370000+150d;
1539,   139071.846000+150d;
1540,   139152.714000+150d;
1541,   139244.070000+150d;
1542,   139343.016000+150d;
1543,   139336.668000+150d;
1544,   139188.042000+150d;
1545,   139315.830000+150d;
1546,   139097.238000+150d;
1547,   139117.800000+150d;
1548,   139198.116000+150d;
1549,   139232.616000+150d;
1550,   139174.656000+150d;
1551,   139258.836000+150d;
1552,   139301.616000+150d;
1553,   139409.256000+150d;
1554,   139578.168000+150d;
1555,   139771.368000+150d;
1556,   139787.514000+150d;
1557,   139837.746000+150d;
1558,   139976.574000+150d;
1559,   139938.624000+150d;
1560,   139857.480000+150d;
1561,   139861.620000+150d;
1562,   139554.018000+150d;
1563,   139273.878000+150d;
1564,   138986.010000+150d;
1565,   138778.734000+150d;
1566,   138376.878000+150d;
1567,   138151.524000+150d;
1568,   138213.762000+150d;
1569,   138538.890000+150d;
1570,   138595.194000+150d;
1571,   138658.260000+150d;
1572,   138621.276000+150d;
1573,   138580.980000+150d;
1574,   138524.952000+150d;
1575,   138594.228000+150d;
1576,   138608.856000+150d;
1577,   138796.950000+150d;
1578,   138883.752000+150d;
1579,   139024.098000+150d;
1580,   139302.582000+150d;
1581,   139517.586000+150d;
1582,   139709.820000+150d;
1583,   140107.260000+150d;
1584,   140391.402000+150d;
1585,   140525.538000+150d;
1586,   140638.698000+150d;
1587,   140922.564000+150d;
1588,   140831.070000+150d;
1589,   140768.280000+150d;
1590,   140956.374000+150d;
1591,   141168.894000+150d;
1592,   141191.250000+150d;
1593,   141245.898000+150d;
1594,   141221.472000+150d;
1595,   141285.918000+150d;
1596,   141248.796000+150d;
1597,   141376.722000+150d;
1598,   141474.564000+150d;
1599,   141338.910000+150d;
1600,   141131.634000+150d;
1601,   141138.258000+150d;
1602,   141199.254000+150d;
1603,   141134.532000+150d;
1604,   141154.542000+150d;
1605,   141100.308000+150d;
1606,   140963.412000+150d;
1607,   140971.692000+150d;
1608,   140830.932000+150d;
1609,   140526.366000+150d;
1610,   140541.822000+150d;
1611,   140331.786000+150d;
1612,   140029.566000+150d;
1613,   139851.132000+150d;
1614,   139585.620000+150d;
1615,   139498.956000+150d;
1616,   139089.648000+150d;
1617,   138799.020000+150d;
1618,   138530.886000+150d;
1619,   138637.146000+150d;
1620,   138565.524000+150d;
1621,   138390.954000+150d;
1622,   138421.038000+150d;
1623,   139137.672000+150d;
1624,   139282.986000+150d;
1625,   139352.814000+150d;
1626,   139500.750000+150d;
1627,   139392.006000+150d;
1628,   139296.096000+150d;
1629,   139366.890000+150d;
1630,   139407.048000+150d;
1631,   139657.380000+150d;
1632,   139899.294000+150d;
1633,   139592.658000+150d;
1634,   139807.110000+150d;
1635,   139978.506000+150d;
1636,   140157.768000+150d;
1637,   140335.512000+150d;
1638,   140535.474000+150d;
1639,   140557.002000+150d;
1640,   140608.752000+150d;
1641,   140618.412000+150d;
1642,   140315.502000+150d;
1643,   140279.346000+150d;
1644,   140173.638000+150d;
1645,   139965.534000+150d;
1646,   139991.754000+150d;
1647,   140197.512000+150d;
1648,   140452.122000+150d;
1649,   140480.826000+150d;
1650,   140631.108000+150d;
1651,   140815.752000+150d;
1652,   140871.642000+150d;
1653,   141146.676000+150d;
1654,   141161.856000+150d;
1655,   141178.416000+150d;
1656,   141045.384000+150d;
1657,   140768.004000+150d;
1658,   140602.542000+150d;
1659,   140296.182000+150d;
1660,   140076.762000+150d;
1661,   139741.698000+150d;
1662,   139458.660000+150d;
1663,   138978.144000+150d;
1664,   138772.800000+150d;
1665,   139052.388000+150d;
1666,   139030.446000+150d;
1667,   138947.094000+150d;
1668,   138813.786000+150d;
1669,   138918.942000+150d;
1670,   138910.524000+150d;
1671,   138891.066000+150d;
1672,   138846.906000+150d;
1673,   138926.808000+150d;
1674,   139015.542000+150d;
1675,   139202.670000+150d;
1676,   139382.622000+150d;
1677,   139373.928000+150d;
1678,   139490.262000+150d;
1679,   139786.134000+150d;
1680,   140275.758000+150d;
1681,   140342.136000+150d;
1682,   140469.786000+150d;
1683,   140534.784000+150d;
1684,   140751.720000+150d;
1685,   140582.118000+150d;
1686,   140488.968000+150d;
1687,   140640.354000+150d;
1688,   140703.972000+150d;
1689,   140663.124000+150d;
1690,   140911.248000+150d;
1691,   141043.452000+150d;
1692,   141189.594000+150d;
1693,   141126.252000+150d;
1694,   141143.502000+150d;
1695,   141090.372000+150d;
1696,   141111.624000+150d;
1697,   141003.570000+150d;
1698,   141172.068000+150d;
1699,   141133.152000+150d;
1700,   141104.862000+150d;
1701,   141100.860000+150d;
1702,   141004.122000+150d;
1703,   141020.406000+150d;
1704,   140836.176000+150d;
1705,   140866.812000+150d;
1706,   140830.380000+150d;
1707,   140543.340000+150d;
1708,   140081.454000+150d;
1709,   139804.350000+150d;
1710,   139678.908000+150d;
1711,   139425.126000+150d;
1712,   138814.200000+150d;
1713,   138573.252000+150d;
1714,   138465.888000+150d;
1715,   138322.368000+150d;
1716,   138457.194000+150d;
1717,   138596.298000+150d;
1718,   138953.442000+150d;
1719,   139586.310000+150d;
1720,   139776.612000+150d;
1721,   139773.852000+150d;
1722,   139688.292000+150d;
1723,   139626.468000+150d;
1724,   139546.014000+150d;
1725,   139603.422000+150d;
1726,   139731.348000+150d;
1727,   139660.830000+150d;
1728,   139733.004000+150d;
1729,   139790.550000+150d;
1730,   139656.276000+150d;
1731,   139978.368000+150d;
1732,   139994.652000+150d;
1733,   140103.948000+150d;
1734,   140276.034000+150d;
1735,   140473.512000+150d;
1736,   140389.884000+150d;
1737,   140319.918000+150d;
1738,   140269.962000+150d;
1739,   140285.280000+150d;
1740,   140277.552000+150d;
1741,   140589.432000+150d;
1742,   140656.500000+150d;
1743,   140564.178000+150d;
1744,   140491.866000+150d;
1745,   140555.760000+150d;
1746,   140783.184000+150d;
1747,   140962.032000+150d;
1748,   140933.880000+150d;
1749,   140842.800000+150d;
1750,   141025.788000+150d;
1751,   141108.450000+150d;
1752,   141094.788000+150d;
1753,   140960.376000+150d;
1754,   140780.562000+150d;
1755,   140791.464000+150d;
1756,   140706.318000+150d;
1757,   139943.040000+150d;
1758,   139641.648000+150d;
1759,   139480.464000+150d;
1760,   139407.324000+150d;
1761,   139534.422000+150d;
1762,   139454.382000+150d;
1763,   139624.812000+150d;
1764,   139724.034000+150d;
1765,   139540.770000+150d;
1766,   139414.638000+150d;
1767,   139585.206000+150d;
1768,   139375.170000+150d;
1769,   139476.876000+150d;
1770,   139685.394000+150d;
1771,   139859.136000+150d;
1772,   139789.446000+150d;
1773,   140041.020000+150d;
1774,   140178.882000+150d;
1775,   140359.938000+150d;
1776,   140873.022000+150d;
1777,   140757.930000+150d;
1778,   140893.446000+150d;
1779,   141105.276000+150d;
1780,   141152.748000+150d;
1781,   141256.938000+150d;
1782,   141354.090000+150d;
1783,   141484.776000+150d;
1784,   141658.932000+150d;
1785,   141493.332000+150d;
1786,   141430.266000+150d;
1787,   141519.414000+150d;
1788,   141467.664000+150d;
1789,   141329.250000+150d;
1790,   141439.788000+150d;
1791,   141576.408000+150d;
1792,   141602.214000+150d;
1793,   141665.004000+150d;
1794,   141472.632000+150d;
1795,   141508.788000+150d;
1796,   141509.616000+150d;
1797,   141356.160000+150d;
1798,   141303.030000+150d;
1799,   141327.180000+150d;
1800,   141154.128000+150d;
1801,   141285.504000+150d;
1802,   141042.624000+150d;
1803,   140790.774000+150d;
1804,   140848.734000+150d;
1805,   140601.576000+150d;
1806,   140152.248000+150d;
1807,   139821.048000+150d;
1808,   139615.152000+150d;
1809,   139331.838000+150d;
1810,   138938.124000+150d;
1811,   138832.554000+150d;
1812,   139019.544000+150d;
1813,   139146.642000+150d;
1814,   139517.724000+150d;
1815,   139816.080000+150d;
1816,   139850.304000+150d;
1817,   139783.512000+150d;
1818,   139812.906000+150d;
1819,   140096.910000+150d;
1820,   140184.540000+150d;
1821,   139834.158000+150d;
1822,   139969.260000+150d;
1823,   139996.308000+150d;
1824,   139997.964000+150d;
1825,   140080.902000+150d;
1826,   140211.174000+150d;
1827,   140232.564000+150d;
1828,   140053.302000+150d;
1829,   140041.296000+150d;
1830,   140104.914000+150d;
1831,   140216.694000+150d;
1832,   140153.766000+150d;
1833,   140070.828000+150d;
1834,   140140.104000+150d;
1835,   140100.084000+150d;
1836,   140325.162000+150d;
1837,   140374.980000+150d;
1838,   140429.904000+150d;
1839,   140702.040000+150d;
1840,   140831.622000+150d;
1841,   141028.410000+150d;
1842,   141189.594000+150d;
1843,   141339.600000+150d;
1844,   141354.366000+150d;
1845,   141244.656000+150d;
1846,   141341.808000+150d;
1847,   141382.104000+150d;
1848,   141335.460000+150d;
1849,   141286.884000+150d;
1850,   141278.328000+150d;
1851,   141230.580000+150d;
1852,   141166.548000+150d;
1853,   140894.964000+150d;
1854,   140623.380000+150d;
1855,   140064.894000+150d;
1856,   139518.828000+150d;
1857,   139455.348000+150d;
1858,   139433.958000+150d;
1859,   139663.314000+150d;
1860,   139888.530000+150d;
1861,   139728.312000+150d;
1862,   139637.646000+150d;
1863,   139506.546000+150d;
1864,   139440.168000+150d;
1865,   139667.040000+150d;
1866,   139777.302000+150d;
1867,   139860.792000+150d;
1868,   139821.600000+150d;
1869,   139980.852000+150d;
1870,   140461.920000+150d;
1871,   140578.254000+150d;
1872,   140883.510000+150d;
1873,   140954.580000+150d;
1874,   141348.570000+150d;
1875,   141634.506000+150d;
1876,   141602.214000+150d;
1877,   141656.172000+150d;
1878,   141918.648000+150d;
1879,   142024.080000+150d;
1880,   142083.144000+150d;
1881,   142133.652000+150d;
1882,   142201.410000+150d;
1883,   142255.092000+150d;
1884,   142294.422000+150d;
1885,   142367.010000+150d;
1886,   142405.236000+150d;
1887,   142390.884000+150d;
1888,   142484.172000+150d;
1889,   142721.118000+150d;
1890,   142676.130000+150d;
1891,   142598.436000+150d;
1892,   142625.070000+150d;
1893,   142711.872000+150d;
1894,   142610.166000+150d;
1895,   142424.832000+150d;
1896,   142374.600000+150d;
1897,   142356.246000+150d;
1898,   142204.170000+150d;
1899,   142021.182000+150d;
1900,   141689.292000+150d;
1901,   141701.574000+150d;
1902,   141198.702000+150d;
1903,   141042.486000+150d;
1904,   140661.882000+150d;
1905,   140314.950000+150d;
1906,   140009.142000+150d;
1907,   139962.222000+150d;
1908,   139589.346000+150d;
1909,   139558.158000+150d;
1910,   139850.166000+150d;
1911,   140111.814000+150d;
1912,   140229.252000+150d;
1913,   140383.260000+150d;
1914,   140461.644000+150d;
1915,   140397.198000+150d;
1916,   140341.860000+150d;
1917,   140318.262000+150d;
1918,   140420.934000+150d;
1919,   140420.106000+150d;
1920,   140254.092000+150d;
1921,   140274.102000+150d;
1922,   140393.610000+150d;
1923,   140469.372000+150d;
1924,   140469.372000+150d;
1925,   140631.798000+150d;
1926,   140642.562000+150d;
1927,   140737.920000+150d;
1928,   140784.564000+150d;
1929,   140874.264000+150d;
1930,   140955.960000+150d;
1931,   140959.824000+150d;
1932,   140989.080000+150d;
1933,   140954.856000+150d;
1934,   140970.450000+150d;
1935,   141143.640000+150d;
1936,   141379.620000+150d;
1937,   141335.460000+150d;
1938,   141470.010000+150d;
1939,   141635.334000+150d;
1940,   141664.590000+150d;
1941,   141681.840000+150d;
1942,   141736.902000+150d;
1943,   141576.408000+150d;
1944,   141528.108000+150d;
1945,   141508.650000+150d;
1946,   141506.442000+150d;
1947,   141352.020000+150d;
1948,   141227.130000+150d;
1949,   140953.752000+150d;
1950,   140630.418000+150d;
1951,   140074.554000+150d;
1952,   139981.128000+150d;
1953,   140048.610000+150d;
1954,   140079.108000+150d;
1955,   140120.922000+150d;
1956,   140246.778000+150d;
1957,   140296.182000+150d;
1958,   140278.932000+150d;
1959,   140342.826000+150d;
1960,   140398.026000+150d;
1961,   140296.182000+150d;
1962,   140404.926000+150d;
1963,   140490.210000+150d;
1964,   140536.164000+150d;
1965,   140701.074000+150d;
1966,   140878.128000+150d;
1967,   141033.102000+150d;
1968,   141362.646000+150d;
1969,   141571.716000+150d;
1970,   141756.498000+150d;
1971,   142013.178000+150d;
1972,   142203.480000+150d;
1973,   142372.254000+150d;
1974,   142565.868000+150d;
1975,   142784.598000+150d;
1976,   142907.970000+150d;
1977,   143041.002000+150d;
1978,   143029.686000+150d;
1979,   143194.734000+150d;
1980,   143056.734000+150d;
1981,   143117.868000+150d;
1982,   143269.668000+150d;
1983,   143147.262000+150d;
1984,   143144.916000+150d;
1985,   143240.688000+150d;
1986,   143210.604000+150d;
1987,   143217.642000+150d;
1988,   143153.472000+150d;
1989,   143067.636000+150d;
1990,   143153.058000+150d;
1991,   143067.498000+150d;
1992,   143067.222000+150d;
1993,   142949.646000+150d;
1994,   142918.872000+150d;
1995,   142903.140000+150d;
1996,   142772.316000+150d;
1997,   142598.850000+150d;
1998,   142487.208000+150d;
1999,   142288.626000+150d;
2000,   142197.960000+150d;
2001,   141984.060000+150d;
2002,   141729.864000+150d;
2003,   141500.922000+150d;
2004,   141255.420000+150d;
2005,   141147.918000+150d;
2006,   141033.240000+150d;
2007,   141406.116000+150d;
2008,   141352.710000+150d;
2009,   141321.246000+150d;
2010,   141167.790000+150d;
2011,   141005.088000+150d;
2012,   140889.582000+150d;
2013,   140815.752000+150d;
2014,   140799.192000+150d;
2015,   140802.780000+150d;
2016,   140656.362000+150d;
2017,   140657.052000+150d;
2018,   140715.702000+150d;
2019,   140783.322000+150d;
2020,   140815.752000+150d;
2021,   140815.752000+150d;
2022,   140830.380000+150d;
2023,   140948.094000+150d;
2024,   141003.846000+150d;
2025,   141127.908000+150d;
2026,   141144.882000+150d;
2027,   141134.808000+150d;
2028,   141177.864000+150d;
2029,   141192.768000+150d;
2030,   141258.042000+150d;
2031,   141364.578000+150d;
2032,   141491.262000+150d;
2033,   141508.650000+150d;
2034,   141583.170000+150d;
2035,   141681.840000+150d;
2036,   141612.150000+150d;
2037,   141679.080000+150d;
2038,   141592.002000+150d;
2039,   141634.920000+150d;
2040,   141523.140000+150d;
2041,   141348.570000+150d;
2042,   141218.712000+150d;
2043,   141153.576000+150d;
2044,   140996.118000+150d;
2045,   140815.752000+150d;
2046,   140559.348000+150d;
2047,   140183.574000+150d;
2048,   139840.920000+150d;
2049,   139883.838000+150d;
2050,   139879.146000+150d;
2051,   139932.828000+150d;
2052,   139994.514000+150d;
2053,   140077.866000+150d;
2054,   140078.556000+150d;
2055,   140122.992000+150d;
2056,   140162.598000+150d;
2057,   140150.730000+150d;
2058,   140253.678000+150d;
2059,   140296.182000+150d;
2060,   140366.286000+150d;
2061,   140446.050000+150d;
2062,   140570.112000+150d;
2063,   140725.224000+150d;
2064,   140949.750000+150d;
2065,   141098.514000+150d;
2066,   141189.870000+150d;
2067,   141321.936000+150d;
2068,   141382.656000+150d;
2069,   141443.376000+150d;
2070,   141502.578000+150d;
2071,   141665.970000+150d;
2072,   141677.424000+150d;
2073,   141707.922000+150d;
2074,   141850.200000+150d;
2075,   141839.712000+150d;
2076,   141872.004000+150d;
2077,   141941.556000+150d;
2078,   142070.448000+150d;
2079,   142005.312000+150d;
2080,   141993.444000+150d;
2081,   142062.444000+150d;
2082,   141919.752000+150d;
2083,   141853.650000+150d;
2084,   141839.712000+150d;
2085,   141761.880000+150d;
2086,   141737.730000+150d;
2087,   141855.030000+150d;
2088,   141691.500000+150d;
2089,   141537.630000+150d;
2090,   141455.658000+150d;
2091,   141344.430000+150d;
2092,   141208.776000+150d;
2093,   141266.736000+150d;
2094,   141173.586000+150d;
2095,   141339.048000+150d;
2096,   141264.804000+150d;
2097,   140977.902000+150d;
2098,   140797.122000+150d;
2099,   140870.400000+150d;
2100,   140596.194000+150d;
2101,   140567.490000+150d;
2102,   140856.324000+150d;
2103,   141152.472000+150d;
2104,   141096.582000+150d;
2105,   141006.330000+150d;
2106,   140931.534000+150d;
2107,   140815.752000+150d;
2108,   140827.896000+150d;
2109,   140815.752000+150d;
2110,   140730.192000+150d;
2111,   140642.562000+150d;
2112,   140442.876000+150d;
2113,   140362.698000+150d;
2114,   140469.372000+150d;
2115,   140469.372000+150d;
2116,   140648.220000+150d;
2117,   140684.238000+150d;
2118,   140490.072000+150d;
2119,   140458.470000+150d;
2120,   140306.670000+150d;
2121,   140395.128000+150d;
2122,   140483.034000+150d;
2123,   140469.372000+150d;
2124,   140534.370000+150d;
2125,   140577.978000+150d;
2126,   140566.938000+150d;
2127,   140672.094000+150d;
2128,   140662.710000+150d;
2129,   140701.350000+150d;
2130,   140642.562000+150d;
2131,   140874.816000+150d;
2132,   141056.838000+150d;
2133,   140979.420000+150d;
2134,   140797.398000+150d;
2135,   140696.244000+150d;
2136,   140551.206000+150d;
2137,   140276.034000+150d;
2138,   139972.572000+150d;
2139,   140013.834000+150d;
2140,   139789.722000+150d;
2141,   139597.074000+150d;
2142,   139305.894000+150d;
2143,   138756.378000+150d;
2144,   138696.900000+150d;
2145,   138811.854000+150d;
2146,   138864.708000+150d;
2147,   138993.048000+150d;
2148,   139085.646000+150d;
2149,   139252.488000+150d;
2150,   139346.328000+150d;
2151,   139474.806000+150d;
2152,   139546.842000+150d;
2153,   139603.422000+150d;
2154,   139777.716000+150d;
2155,   140011.626000+150d;
2156,   140248.710000+150d;
2157,   140198.892000+150d;
2158,   140483.724000+150d;
2159,   140456.538000+150d;
2160,   140625.312000+150d;
2161,   140626.002000+150d;
2162,   140773.524000+150d;
2163,   141028.824000+150d;
2164,   141122.112000+150d;
2165,   140991.978000+150d;
2166,   141002.604000+150d;
2167,   141108.312000+150d;
2168,   141184.350000+150d;
2169,   141302.616000+150d;
2170,   141196.218000+150d;
2171,   141089.406000+150d;
2172,   141160.338000+150d;
2173,   141473.598000+150d;
2174,   141741.456000+150d;
2175,   141445.308000+150d;
2176,   141464.352000+150d;
2177,   141360.576000+150d;
2178,   141474.426000+150d;
2179,   141508.650000+150d;
2180,   141376.170000+150d;
2181,   141451.380000+150d;
2182,   141480.498000+150d;
2183,   141247.002000+150d;
2184,   141069.534000+150d;
2185,   140993.082000+150d;
2186,   140871.918000+150d;
2187,   140683.272000+150d;
2188,   140349.726000+150d;
2189,   140005.278000+150d;
2190,   139981.266000+150d;
2191,   139646.340000+150d;
2192,   139262.010000+150d;
2193,   139049.076000+150d;
2194,   138739.404000+150d;
2195,   138355.902000+150d;
2196,   138502.596000+150d;
2197,   138528.126000+150d;
2198,   138707.112000+150d;
2199,   139050.180000+150d;
2200,   139033.758000+150d;
2201,   139092.132000+150d;
2202,   138959.514000+150d;
2203,   138950.682000+150d;
2204,   138949.578000+150d;
2205,   139020.096000+150d;
2206,   138985.734000+150d;
2207,   139099.998000+150d;
2208,   139017.060000+150d;
2209,   139054.458000+150d;
2210,   139089.096000+150d;
2211,   139199.496000+150d;
2212,   139174.380000+150d;
2213,   139308.102000+150d;
2214,   139115.178000+150d;
2215,   139225.302000+150d;
2216,   139395.870000+150d;
2217,   139375.170000+150d;
2218,   139302.720000+150d;
2219,   139272.636000+150d;
2220,   139319.418000+150d;
2221,   139333.218000+150d;
2222,   139448.586000+150d;
2223,   139430.646000+150d;
2224,   139416.984000+150d;
2225,   139609.770000+150d;
2226,   139751.496000+150d;
2227,   139737.420000+150d;
2228,   139739.904000+150d;
2229,   139594.452000+150d;
2230,   139638.750000+150d;
2231,   139788.894000+150d;
2232,   139730.520000+150d;
2233,   139671.180000+150d;
2234,   139798.692000+150d;
2235,   139776.612000+150d;
2236,   139543.392000+150d;
2237,   139032.378000+150d;
2238,   138738.852000+150d;
2239,   138330.234000+150d;
2240,   138170.844000+150d;
2241,   138191.820000+150d;
2242,   138260.544000+150d;
2243,   138307.464000+150d;
2244,   138420.486000+150d;
2245,   138574.080000+150d;
2246,   138737.334000+150d;
2247,   138820.548000+150d;
2248,   138910.524000+150d;
2249,   139053.216000+150d;
2250,   139185.144000+150d;
2251,   139292.508000+150d;
2252,   139506.132000+150d;
2253,   139675.734000+150d;
2254,   139806.558000+150d;
2255,   140066.274000+150d;
2256,   140372.772000+150d;
2257,   140451.708000+150d;
2258,   140803.332000+150d;
2259,   140954.442000+150d;
2260,   140932.776000+150d;
2261,   140974.452000+150d;
2262,   141042.900000+150d;
2263,   140933.052000+150d;
2264,   141245.622000+150d;
2265,   141210.432000+150d;
2266,   141316.692000+150d;
2267,   141308.274000+150d;
2268,   141174.414000+150d;
2269,   141098.376000+150d;
2270,   141362.232000+150d;
2271,   141371.340000+150d;
2272,   141415.224000+150d;
2273,   141589.794000+150d;
2274,   141439.098000+150d;
2275,   141428.334000+150d;
2276,   141537.492000+150d;
2277,   141446.688000+150d;
2278,   141396.870000+150d;
2279,   141393.144000+150d;
2280,   141218.574000+150d;
2281,   141328.974000+150d;
2282,   141257.628000+150d;
2283,   141060.564000+150d;
2284,   140928.774000+150d;
2285,   140724.948000+150d;
2286,   140325.990000+150d;
2287,   140037.984000+150d;
2288,   139535.802000+150d;
2289,   139454.934000+150d;
2290,   139274.844000+150d;
2291,   139160.028000+150d;
2292,   139004.778000+150d;
2293,   138812.268000+150d;
2294,   138832.002000+150d;
2295,   139192.458000+150d;
2296,   139295.958000+150d;
2297,   139360.818000+150d;
2298,   139316.106000+150d;
2299,   139277.190000+150d;
2300,   139174.518000+150d;
2301,   139104.690000+150d;
2302,   138982.974000+150d;
2303,   139018.440000+150d;
2304,   138901.416000+150d;
2305,   138918.942000+150d;
2306,   139042.038000+150d;
2307,   139152.714000+150d;
2308,   139105.932000+150d;
2309,   139225.440000+150d;
2310,   139297.752000+150d;
2311,   139398.216000+150d;
2312,   139341.360000+150d;
2313,   139288.230000+150d;
2314,   139291.128000+150d;
2315,   139258.422000+150d;
2316,   139383.726000+150d;
2317,   139369.374000+150d;
2318,   139342.602000+150d;
2319,   139513.584000+150d;
2320,   139686.084000+150d;
2321,   139773.852000+150d;
2322,   139869.210000+150d;
2323,   139942.488000+150d;
2324,   139899.846000+150d;
2325,   139933.242000+150d;
2326,   140160.804000+150d;
2327,   140137.068000+150d;
2328,   140140.104000+150d;
2329,   139963.878000+150d;
2330,   139946.766000+150d;
2331,   139780.338000+150d;
2332,   139610.460000+150d;
2333,   139358.334000+150d;
2334,   138952.752000+150d;
2335,   138512.946000+150d;
2336,   138526.470000+150d;
2337,   138694.416000+150d;
2338,   138698.142000+150d;
2339,   138844.284000+150d;
2340,   139004.640000+150d;
2341,   139099.860000+150d;
2342,   138975.384000+150d;
2343,   138958.824000+150d;
2344,   139021.200000+150d;
2345,   139194.804000+150d;
2346,   139402.494000+150d;
2347,   139639.854000+150d;
2348,   139739.904000+150d;
2349,   139864.656000+150d;
2350,   140119.128000+150d;
2351,   140162.598000+150d;
2352,   140214.486000+150d;
2353,   140419.416000+150d;
2354,   140718.462000+150d;
2355,   140802.504000+150d;
2356,   140836.866000+150d;
2357,   140960.376000+150d;
2358,   141002.604000+150d;
2359,   141286.194000+150d;
2360,   141450.552000+150d;
2361,   141531.420000+150d;
2362,   141531.696000+150d;
2363,   141542.736000+150d;
2364,   141480.222000+150d;
2365,   141579.030000+150d;
2366,   141764.640000+150d;
2367,   141759.672000+150d;
2368,   141724.758000+150d;
2369,   141807.282000+150d;
2370,   141886.080000+150d;
2371,   142012.350000+150d;
2372,   142077.072000+150d;
2373,   141976.884000+150d;
2374,   142003.932000+150d;
2375,   141896.292000+150d;
2376,   141928.584000+150d;
2377,   141963.498000+150d;
2378,   141782.580000+150d;
2379,   141713.718000+150d;
2380,   141612.840000+150d;
2381,   141403.908000+150d;
2382,   141139.776000+150d;
2383,   140831.898000+150d;
2384,   140700.384000+150d;
2385,   140522.364000+150d;
2386,   140516.430000+150d;
2387,   140168.118000+150d;
2388,   140142.588000+150d;
2389,   139906.884000+150d;
2390,   139930.206000+150d;
2391,   140143.554000+150d;
2392,   140199.168000+150d;
2393,   140205.792000+150d;
2394,   140097.600000+150d;
2395,   140097.876000+150d;
2396,   139991.616000+150d;
2397,   139762.536000+150d;
2398,   139531.938000+150d;
2399,   139354.470000+150d;
2400,   139489.710000+150d;
2401,   139685.946000+150d;
2402,   139585.068000+150d;
2403,   139537.182000+150d;
2404,   139316.106000+150d;
2405,   139271.394000+150d;
2406,   139323.144000+150d;
2407,   139511.928000+150d;
2408,   139580.652000+150d;
2409,   139758.534000+150d;
2410,   139683.600000+150d;
2411,   139643.166000+150d;
2412,   139863.138000+150d;
2413,   140022.804000+150d;
2414,   140273.826000+150d;
2415,   140282.244000+150d;
2416,   140309.568000+150d;
2417,   140298.942000+150d;
2418,   140297.838000+150d;
2419,   140481.654000+150d;
2420,   140809.680000+150d;
2421,   140807.058000+150d;
2422,   140917.182000+150d;
2423,   140832.036000+150d;
2424,   140783.736000+150d;
2425,   140811.474000+150d;
2426,   140678.028000+150d;
2427,   140612.754000+150d;
2428,   140690.586000+150d;
2429,   140401.752000+150d;
2430,   139974.642000+150d;
2431,   139585.344000+150d;
2432,   139174.104000+150d;
2433,   139119.594000+150d;
2434,   139163.616000+150d;
2435,   139307.688000+150d;
2436,   139454.796000+150d;
2437,   139490.538000+150d;
2438,   139559.676000+150d;
2439,   139365.234000+150d;
2440,   139421.814000+150d;
2441,   139597.350000+150d;
2442,   139969.260000+150d;
2443,   140292.456000+150d;
2444,   140223.318000+150d;
2445,   140286.522000+150d;
2446,   140651.946000+150d;
2447,   141067.740000+150d;
2448,   141329.112000+150d;
2449,   141651.204000+150d;
2450,   142013.316000+150d;
2451,   142288.764000+150d;
2452,   142305.186000+150d;
2453,   141983.922000+150d;
2454,   142239.360000+150d;
2455,   142280.208000+150d;
2456,   142367.700000+150d;
2457,   142518.672000+150d;
2458,   142525.986000+150d;
2459,   142388.262000+150d;
2460,   142487.484000+150d;
2461,   142242.396000+150d;
2462,   142059.684000+150d;
2463,   142096.530000+150d;
2464,   142374.048000+150d;
2465,   142311.672000+150d;
2466,   142332.786000+150d;
2467,   142241.430000+150d;
2468,   142217.418000+150d;
2469,   142172.292000+150d;
2470,   142079.832000+150d;
2471,   142066.722000+150d;
2472,   142015.800000+150d;
2473,   141908.574000+150d;
2474,   141638.370000+150d;
2475,   141307.446000+150d;
2476,   141123.354000+150d;
2477,   140786.220000+150d;
2478,   140508.702000+150d;
2479,   140771.040000+150d;
2480,   140427.144000+150d;
2481,   139800.072000+150d;
2482,   139512.894000+150d;
2483,   139684.704000+150d;
2484,   139477.842000+150d;
2485,   139188.732000+150d;
2486,   139336.944000+150d;
2487,   139729.140000+150d;
2488,   139489.020000+150d;
2489,   139499.094000+150d;
2490,   139421.814000+150d;
2491,   139359.714000+150d;
2492,   139268.910000+150d;
2493,   139184.178000+150d;
2494,   139057.494000+150d;
2495,   139037.898000+150d;
2496,   139049.214000+150d;
2497,   138998.706000+150d;
2498,   138988.770000+150d;
2499,   139023.132000+150d;
2500,   138868.158000+150d;
2501,   138881.682000+150d;
2502,   138984.492000+150d;
2503,   139115.178000+150d;
2504,   139088.820000+150d;
2505,   138872.850000+150d;
2506,   139062.600000+150d;
2507,   138879.750000+150d;
2508,   138750.306000+150d;
2509,   138847.458000+150d;
2510,   138939.780000+150d;
2511,   139049.628000+150d;
2512,   139164.444000+150d;
2513,   139406.634000+150d;
2514,   139542.426000+150d;
2515,   139644.132000+150d;
2516,   139938.348000+150d;
2517,   140059.374000+150d;
2518,   140051.922000+150d;
2519,   140014.386000+150d;
2520,   140061.168000+150d;
2521,   139829.190000+150d;
2522,   139911.438000+150d;
2523,   139936.968000+150d;
2524,   140098.290000+150d;
2525,   139748.046000+150d;
2526,   139458.384000+150d;
2527,   139089.096000+150d;
2528,   138771.558000+150d;
2529,   138755.136000+150d;
2530,   138812.820000+150d;
2531,   138910.524000+150d;
2532,   138877.404000+150d;
2533,   138966.414000+150d;
2534,   139047.558000+150d;
2535,   139131.462000+150d;
2536,   139182.246000+150d;
2537,   139320.936000+150d;
2538,   139615.428000+150d;
2539,   139749.150000+150d;
2540,   139980.714000+150d;
2541,   139948.974000+150d;
2542,   140103.534000+150d;
2543,   140426.868000+150d;
2544,   140916.216000+150d;
2545,   141116.454000+150d;
2546,   141260.388000+150d;
2547,   141158.682000+150d;
2548,   141126.528000+150d;
2549,   141295.302000+150d;
2550,   141344.154000+150d;
2551,   141382.104000+150d;
2552,   141673.422000+150d;
2553,   141784.926000+150d;
2554,   141586.758000+150d;
2555,   141536.802000+150d;
2556,   141609.804000+150d;
2557,   141662.244000+150d;
2558,   141667.764000+150d;
2559,   141562.194000+150d;
2560,   141552.258000+150d;
2561,   141508.650000+150d;
2562,   141482.430000+150d;
2563,   141508.650000+150d;
2564,   141560.400000+150d;
2565,   141620.706000+150d;
2566,   141473.184000+150d;
2567,   141471.666000+150d;
2568,   141402.666000+150d;
2569,   141195.942000+150d;
2570,   141162.270000+150d;
2571,   141148.746000+150d;
2572,   140933.466000+150d;
2573,   140808.024000+150d;
2574,   140601.576000+150d;
2575,   140404.788000+150d;
2576,   139981.128000+150d;
2577,   139576.374000+150d;
2578,   139211.778000+150d;
2579,   139281.882000+150d;
2580,   139315.416000+150d;
2581,   139305.342000+150d;
2582,   139615.428000+150d;
2583,   139927.446000+150d;
2584,   139809.318000+150d;
2585,   139935.588000+150d;
2586,   139817.736000+150d;
2587,   139661.244000+150d;
2588,   139664.556000+150d;
2589,   139545.324000+150d;
2590,   139362.060000+150d;
2591,   139428.300000+150d;
2592,   139415.604000+150d;
2593,   139406.082000+150d;
2594,   139406.082000+150d;
2595,   139476.600000+150d;
2596,   139432.026000+150d;
2597,   139565.886000+150d;
2598,   139681.392000+150d;
2599,   139908.126000+150d;
2600,   139973.952000+150d;
2601,   139949.802000+150d;
2602,   139838.436000+150d;
2603,   139757.568000+150d;
2604,   139789.722000+150d;
2605,   139825.326000+150d;
2606,   139978.506000+150d;
2607,   140148.936000+150d;
2608,   140148.660000+150d;
2609,   140192.268000+150d;
2610,   140375.394000+150d;
2611,   140541.546000+150d;
2612,   140521.812000+150d;
2613,   140620.482000+150d;
2614,   140625.036000+150d;
2615,   140500.008000+150d;
2616,   140373.186000+150d;
2617,   140194.890000+150d;
2618,   140170.188000+150d;
2619,   140115.126000+150d;
2620,   140278.932000+150d;
2621,   140308.188000+150d;
2622,   139737.558000+150d;
2623,   139433.958000+150d;
2624,   139190.940000+150d;
2625,   139077.090000+150d;
2626,   139135.740000+150d;
2627,   139474.116000+150d;
2628,   139541.736000+150d;
2629,   139603.422000+150d;
2630,   139634.472000+150d;
2631,   139662.348000+150d;
2632,   139632.402000+150d;
2633,   139730.520000+150d;
2634,   139832.088000+150d;
2635,   139899.432000+150d;
2636,   139923.996000+150d;
2637,   139929.102000+150d;
2638,   139997.688000+150d;
2639,   140207.310000+150d;
2640,   140463.438000+150d;
2641,   140623.794000+150d;
2642,   140727.984000+150d;
2643,   140871.504000+150d;
2644,   141073.674000+150d;
2645,   141195.942000+150d;
2646,   141236.100000+150d;
2647,   141257.214000+150d;
2648,   141557.502000+150d;
2649,   141743.388000+150d;
2650,   141975.090000+150d;
2651,   141957.012000+150d;
2652,   142055.820000+150d;
2653,   142083.420000+150d;
2654,   142171.878000+150d;
2655,   142159.734000+150d;
2656,   142055.268000+150d;
2657,   142064.790000+150d;
2658,   142207.620000+150d;
2659,   142328.784000+150d;
2660,   142201.410000+150d;
2661,   142164.012000+150d;
2662,   142080.246000+150d;
2663,   141989.166000+150d;
2664,   141928.722000+150d;
2665,   142039.674000+150d;
2666,   142027.944000+150d;
2667,   141936.450000+150d;
2668,   141767.400000+150d;
2669,   141665.832000+150d;
2670,   141522.450000+150d;
2671,   141369.960000+150d;
2672,   141163.098000+150d;
2673,   140858.256000+150d;
2674,   140681.064000+150d;
2675,   140537.958000+150d;
2676,   140165.772000+150d;
2677,   139881.768000+150d;
2678,   140240.292000+150d;
2679,   140280.174000+150d;
2680,   140132.652000+150d;
2681,   140055.372000+150d;
2682,   140092.494000+150d;
2683,   140212.692000+150d;
2684,   140358.972000+150d;
2685,   140281.830000+150d;
2686,   140314.536000+150d;
2687,   140400.096000+150d;
2688,   140408.790000+150d;
2689,   140469.372000+150d;
2690,   140524.020000+150d;
2691,   140558.658000+150d;
2692,   140576.046000+150d;
2693,   140617.032000+150d;
2694,   140828.724000+150d;
2695,   140926.152000+150d;
2696,   140946.714000+150d;
2697,   140825.826000+150d;
2698,   141077.400000+150d;
2699,   141326.214000+150d;
2700,   140987.562000+150d;
2701,   140854.254000+150d;
2702,   141031.998000+150d;
2703,   141162.270000+150d;
2704,   141253.764000+150d;
2705,   141162.270000+150d;
2706,   141303.582000+150d;
2707,   141691.776000+150d;
2708,   141681.840000+150d;
2709,   141809.628000+150d;
2710,   141808.386000+150d;
2711,   141853.788000+150d;
2712,   141767.538000+150d;
2713,   141576.408000+150d;
2714,   141431.784000+150d;
2715,   141496.230000+150d;
2716,   141356.850000+150d;
2717,   141117.420000+150d;
2718,   140703.834000+150d;
2719,   140390.574000+150d;
2720,   140039.916000+150d;
2721,   139694.640000+150d;
2722,   139802.970000+150d;
2723,   139785.582000+150d;
2724,   139642.752000+150d;
2725,   139590.174000+150d;
2726,   139590.450000+150d;
2727,   139765.710000+150d;
2728,   139986.096000+150d;
2729,   139977.954000+150d;
2730,   140106.294000+150d;
2731,   140244.708000+150d;
2732,   140396.094000+150d;
2733,   140689.068000+150d;
2734,   140901.036000+150d;
2735,   141011.988000+150d;
2736,   141257.766000+150d;
2737,   141480.912000+150d;
2738,   141718.824000+150d;
2739,   141928.032000+150d;
2740,   142032.498000+150d;
2741,   142150.902000+150d;
2742,   142266.822000+150d;
2743,   142375.152000+150d;
2744,   142330.440000+150d;
2745,   142488.174000+150d;
2746,   142521.156000+150d;
2747,   142374.600000+150d;
2748,   142368.804000+150d;
2749,   142374.600000+150d;
2750,   142374.600000+150d;
2751,   142394.610000+150d;
2752,   142375.152000+150d;
2753,   142426.488000+150d;
2754,   142569.318000+150d;
2755,   142547.928000+150d;
2756,   142499.352000+150d;
2757,   142547.928000+150d;
2758,   142547.928000+150d;
2759,   142547.928000+150d;
2760,   142415.172000+150d;
2761,   142525.020000+150d;
2762,   142636.386000+150d;
2763,   142534.404000+150d;
2764,   142418.208000+150d;
2765,   142475.064000+150d;
2766,   142565.178000+150d;
2767,   142449.258000+150d;
2768,   142313.328000+150d;
2769,   142243.086000+150d;
2770,   142080.522000+150d;
2771,   141855.168000+150d;
2772,   141839.574000+150d;
2773,   141717.720000+150d;
2774,   142007.796000+150d;
2775,   142042.986000+150d;
2776,   141974.262000+150d;
2777,   141855.030000+150d;
2778,   141725.862000+150d;
2779,   141833.778000+150d;
2780,   141904.020000+150d;
2781,   142027.392000+150d;
2782,   141921.408000+150d;
2783,   142044.780000+150d;
2784,   142201.410000+150d;
2785,   142246.950000+150d;
2786,   142241.016000+150d;
2787,   142312.224000+150d;
2788,   142363.560000+150d;
2789,   142433.250000+150d;
2790,   142489.830000+150d;
2791,   142547.928000+150d;
2792,   142506.252000+150d;
2793,   142490.244000+150d;
2794,   142409.100000+150d;
2795,   142515.360000+150d;
2796,   142419.726000+150d;
2797,   142374.600000+150d;
2798,   142468.026000+150d;
2799,   142526.814000+150d;
2800,   142547.928000+150d;
2801,   142547.928000+150d;
2802,   142657.224000+150d;
2803,   142721.118000+150d;
2804,   142711.872000+150d;
2805,   142721.118000+150d;
2806,   142761.000000+150d;
2807,   142721.118000+150d;
2808,   142721.118000+150d;
2809,   142672.404000+150d;
2810,   142466.232000+150d;
2811,   142325.610000+150d;
2812,   142273.998000+150d;
2813,   142042.848000+150d;
2814,   141623.466000+150d;
2815,   141081.126000+150d;
2816,   140499.870000+150d;
2817,   140556.450000+150d;
2818,   140702.040000+150d;
2819,   140953.476000+150d;
2820,   141280.260000+150d;
2821,   141359.196000+150d;
2822,   141350.502000+150d;
2823,   141483.258000+150d;
2824,   141493.470000+150d;
2825,   141508.374000+150d;
2826,   141514.584000+150d;
2827,   141635.886000+150d;
2828,   141666.108000+150d;
2829,   141808.524000+150d;
2830,   141976.884000+150d;
2831,   142276.620000+150d;
2832,   142171.878000+150d;
2833,   141872.142000+150d;
2834,   141866.208000+150d;
2835,   142099.290000+150d;
2836,   142105.638000+150d;
2837,   142178.088000+150d;
2838,   142236.048000+150d;
2839,   142339.824000+150d;
2840,   142425.108000+150d;
2841,   142475.202000+150d;
2842,   142550.274000+150d;
2843,   142530.264000+150d;
2844,   142654.050000+150d;
2845,   142681.788000+150d;
2846,   142687.722000+150d;
2847,   142738.368000+150d;
2848,   142742.646000+150d;
2849,   142736.574000+150d;
2850,   142721.118000+150d;
2851,   142691.586000+150d;
2852,   142629.900000+150d;
2853,   142655.568000+150d;
2854,   142605.336000+150d;
2855,   142547.928000+150d;
2856,   142415.724000+150d;
2857,   142386.054000+150d;
2858,   142261.578000+150d;
2859,   142070.724000+150d;
2860,   141931.620000+150d;
2861,   141686.118000+150d;
2862,   141128.598000+150d;
2863,   140968.794000+150d;
2864,   140542.788000+150d;
2865,   140130.168000+150d;
2866,   139745.148000+150d;
2867,   139383.450000+150d;
2868,   139134.222000+150d;
2869,   139272.222000+150d;
2870,   139601.214000+150d;
2871,   139761.294000+150d;
2872,   139855.686000+150d;
2873,   139826.982000+150d;
2874,   139885.356000+150d;
2875,   139930.482000+150d;
2876,   139732.452000+150d;
2877,   139727.622000+150d;
2878,   139725.000000+150d;
2879,   139742.664000+150d;