Time,COOLSYS1:VAV_OTHER_COOLC:Design Water Volume Flow Rate [m3/s],COOLSYS1:VAV_POD_1_COOLC:Design Water Volume Flow Rate [m3/s],COOLSYS1:VAV_POD_2_COOLC:Design Water Volume Flow Rate [m3/s],COOLSYS1:VAV_POD_3_COOLC:Design Water Volume Flow Rate [m3/s]
00:15:00,5.676427E-03,6.921326E-03,7.041683E-03,6.794660E-03
00:30:00,5.641622E-03,6.921326E-03,7.041683E-03,6.794660E-03
00:45:00,5.614060E-03,6.921326E-03,7.041683E-03,6.794660E-03
01:00:00,5.591522E-03,6.921326E-03,7.041683E-03,6.794660E-03
01:15:00,5.569970E-03,6.921326E-03,7.041683E-03,6.794660E-03
01:30:00,5.549366E-03,6.921326E-03,7.041683E-03,6.794660E-03
01:45:00,5.529589E-03,6.921326E-03,7.041683E-03,6.794660E-03
02:00:00,5.510604E-03,6.921326E-03,7.041683E-03,6.794660E-03
02:15:00,5.492471E-03,6.921326E-03,7.041683E-03,6.794660E-03
02:30:00,5.475169E-03,6.921326E-03,7.041683E-03,6.794660E-03
02:45:00,5.458472E-03,6.921326E-03,7.041683E-03,6.794660E-03
03:00:00,5.442367E-03,6.921326E-03,7.041683E-03,6.794660E-03
03:15:00,5.426843E-03,6.921326E-03,7.041683E-03,6.794660E-03
03:30:00,5.411885E-03,6.921326E-03,7.041683E-03,6.794660E-03
03:45:00,5.397392E-03,6.921326E-03,7.041683E-03,6.794660E-03
04:00:00,5.383343E-03,6.921326E-03,7.041683E-03,6.794660E-03
04:15:00,5.369808E-03,6.921326E-03,7.041683E-03,6.794660E-03
04:30:00,5.356776E-03,6.921326E-03,7.041683E-03,6.794660E-03
04:45:00,5.344306E-03,6.921326E-03,7.041683E-03,6.794660E-03
05:00:00,5.333829E-03,6.921326E-03,7.041683E-03,6.794660E-03
05:15:00,5.328455E-03,6.921326E-03,7.041683E-03,6.794660E-03
05:30:00,5.331543E-03,6.921326E-03,7.041683E-03,6.794660E-03
05:45:00,5.343886E-03,6.921326E-03,7.041683E-03,6.794660E-03
06:00:00,5.365395E-03,6.921326E-03,7.041683E-03,6.794660E-03
06:15:00,5.397370E-03,6.921326E-03,7.041683E-03,6.794660E-03
06:30:00,5.494160E-03,6.921326E-03,7.041683E-03,6.794660E-03
06:45:00,5.602741E-03,6.921326E-03,7.041683E-03,6.794660E-03
07:00:00,5.748759E-03,6.921663E-03,7.041683E-03,6.794660E-03
07:15:00,5.968997E-03,6.966291E-03,7.070842E-03,6.830903E-03
07:30:00,6.262179E-03,7.009856E-03,7.112238E-03,6.872260E-03
07:45:00,6.134893E-03,6.975988E-03,7.078383E-03,6.839252E-03
08:00:00,6.165854E-03,6.965356E-03,7.068418E-03,6.829220E-03
08:15:00,6.540554E-03,6.978924E-03,7.082648E-03,6.842853E-03
08:30:00,6.960929E-03,6.998892E-03,7.101981E-03,6.861771E-03
08:45:00,7.568536E-03,7.055977E-03,7.125161E-03,6.884736E-03
09:00:00,8.220495E-03,7.118293E-03,7.151879E-03,6.911376E-03
09:15:00,8.895372E-03,7.184981E-03,7.181645E-03,6.999266E-03
09:30:00,9.585234E-03,7.290067E-03,7.245503E-03,7.419286E-03
09:45:00,9.857910E-03,7.405743E-03,7.313030E-03,7.632486E-03
10:00:00,1.010129E-02,7.578434E-03,7.476229E-03,7.842918E-03
10:15:00,1.032941E-02,7.768308E-03,7.660176E-03,8.068609E-03
10:30:00,1.054338E-02,7.959475E-03,7.851256E-03,8.299452E-03
10:45:00,1.074456E-02,8.150904E-03,8.043362E-03,8.530711E-03
11:00:00,1.093591E-02,8.410170E-03,8.234798E-03,8.760479E-03
11:15:00,1.111560E-02,8.692809E-03,8.493194E-03,9.033091E-03
11:30:00,1.128484E-02,8.979117E-03,8.784447E-03,9.318027E-03
11:45:00,1.144676E-02,9.254325E-03,9.065921E-03,9.593133E-03
12:00:00,1.160552E-02,9.516143E-03,9.335069E-03,9.856026E-03
12:15:00,1.176593E-02,9.763130E-03,9.589416E-03,1.010803E-02
12:30:00,1.193374E-02,1.000144E-02,9.832465E-03,1.034926E-02
12:45:00,1.211832E-02,1.023334E-02,1.007074E-02,1.058176E-02
13:00:00,1.231534E-02,1.045859E-02,1.030149E-02,1.080690E-02
13:15:00,1.252182E-02,1.067688E-02,1.052424E-02,1.102423E-02
13:30:00,1.273345E-02,1.088852E-02,1.073924E-02,1.123399E-02
13:45:00,1.294402E-02,1.109253E-02,1.094623E-02,1.143595E-02
14:00:00,1.314735E-02,1.128474E-02,1.114100E-02,1.162601E-02
14:15:00,1.333866E-02,1.145866E-02,1.131703E-02,1.179784E-02
14:30:00,1.351478E-02,1.161102E-02,1.147098E-02,1.194822E-02
14:45:00,1.367489E-02,1.174068E-02,1.160168E-02,1.207607E-02
15:00:00,1.381958E-02,1.184789E-02,1.170916E-02,1.218152E-02
15:15:00,1.388700E-02,1.192796E-02,1.178904E-02,1.226020E-02
15:30:00,1.393119E-02,1.198020E-02,1.184099E-02,1.231175E-02
15:45:00,1.395478E-02,1.200776E-02,1.186826E-02,1.233931E-02
16:00:00,1.395906E-02,1.201246E-02,1.187283E-02,1.234476E-02
16:15:00,1.388752E-02,1.199639E-02,1.185683E-02,1.233012E-02
16:30:00,1.379425E-02,1.195990E-02,1.182146E-02,1.229618E-02
16:45:00,1.374274E-02,1.191338E-02,1.177653E-02,1.225268E-02
17:00:00,1.367585E-02,1.186213E-02,1.172724E-02,1.220473E-02
17:15:00,1.345533E-02,1.172781E-02,1.159398E-02,1.207546E-02
17:30:00,1.320062E-02,1.158249E-02,1.149109E-02,1.196681E-02
17:45:00,1.296974E-02,1.143934E-02,1.138268E-02,1.186106E-02
18:00:00,1.270351E-02,1.131574E-02,1.125914E-02,1.174069E-02
18:15:00,1.239389E-02,1.116785E-02,1.111121E-02,1.159659E-02
18:30:00,1.203898E-02,1.098332E-02,1.092667E-02,1.141670E-02
18:45:00,1.176936E-02,1.081152E-02,1.075562E-02,1.124935E-02
19:00:00,1.147224E-02,1.058834E-02,1.053268E-02,1.103130E-02
19:15:00,1.115452E-02,1.030678E-02,1.025075E-02,1.075638E-02
19:30:00,1.083374E-02,9.994705E-03,9.937726E-03,1.045067E-02
19:45:00,1.052375E-02,9.675213E-03,9.616888E-03,1.013715E-02
20:00:00,1.023384E-02,9.364840E-03,9.304682E-03,9.832100E-03
20:15:00,9.784201E-03,8.962337E-03,8.911000E-03,9.448494E-03
20:30:00,9.380324E-03,8.584826E-03,8.543245E-03,9.090216E-03
20:45:00,8.989500E-03,8.256525E-03,8.227536E-03,8.778884E-03
21:00:00,8.600945E-03,7.961397E-03,7.947828E-03,8.505929E-03
21:15:00,7.765217E-03,7.562085E-03,7.614947E-03,7.987311E-03
21:30:00,7.039871E-03,7.289651E-03,7.403147E-03,7.483824E-03
21:45:00,6.489768E-03,7.128408E-03,7.241966E-03,7.074472E-03
22:00:00,6.127052E-03,6.990658E-03,7.109971E-03,6.864527E-03
22:15:00,6.004170E-03,6.951123E-03,7.069799E-03,6.825511E-03
22:30:00,5.957580E-03,6.926390E-03,7.045212E-03,6.799256E-03
22:45:00,5.912141E-03,6.921326E-03,7.041683E-03,6.794660E-03
23:00:00,5.868872E-03,6.921326E-03,7.041683E-03,6.794660E-03
23:15:00,5.827541E-03,6.921326E-03,7.041683E-03,6.794660E-03
23:30:00,5.787956E-03,6.921326E-03,7.041683E-03,6.794660E-03
23:45:00,5.749614E-03,6.921326E-03,7.041683E-03,6.794660E-03
24:00:00,5.712404E-03,6.921326E-03,7.041683E-03,6.794660E-03

Time,HEATSYS1:BATHROOMS_ZN_1_FLR_1 VAV BOX REHEAT COIL:Design Water Volume Flow Rate [m3/s],HEATSYS1:BATHROOMS_ZN_1_FLR_2 VAV BOX REHEAT COIL:Design Water Volume Flow Rate [m3/s],HEATSYS1:CORNER_CLASS_1_POD_1_ZN_1_FLR_1 VAV BOX REHEAT COIL:Design Water Volume Flow Rate [m3/s],HEATSYS1:CORNER_CLASS_1_POD_1_ZN_1_FLR_2 VAV BOX REHEAT COIL:Design Water Volume Flow Rate [m3/s],HEATSYS1:CORNER_CLASS_1_POD_2_ZN_1_FLR_1 VAV BOX REHEAT COIL:Design Water Volume Flow Rate [m3/s],HEATSYS1:CORNER_CLASS_1_POD_2_ZN_1_FLR_2 VAV BOX REHEAT COIL:Design Water Volume Flow Rate [m3/s],HEATSYS1:CORNER_CLASS_1_POD_3_ZN_1_FLR_1 VAV BOX REHEAT COIL:Design Water Volume Flow Rate [m3/s],HEATSYS1:CORNER_CLASS_1_POD_3_ZN_1_FLR_2 VAV BOX REHEAT COIL:Design Water Volume Flow Rate [m3/s],HEATSYS1:CORNER_CLASS_2_POD_1_ZN_1_FLR_1 VAV BOX REHEAT COIL:Design Water Volume Flow Rate [m3/s],HEATSYS1:CORNER_CLASS_2_POD_1_ZN_1_FLR_2 VAV BOX REHEAT COIL:Design Water Volume Flow Rate [m3/s],HEATSYS1:CORNER_CLASS_2_POD_2_ZN_1_FLR_1 VAV BOX REHEAT COIL:Design Water Volume Flow Rate [m3/s],HEATSYS1:CORNER_CLASS_2_POD_2_ZN_1_FLR_2 VAV BOX REHEAT COIL:Design Water Volume Flow Rate [m3/s],HEATSYS1:CORNER_CLASS_2_POD_3_ZN_1_FLR_1 VAV BOX REHEAT COIL:Design Water Volume Flow Rate [m3/s],HEATSYS1:CORNER_CLASS_2_POD_3_ZN_1_FLR_2 VAV BOX REHEAT COIL:Design Water Volume Flow Rate [m3/s],HEATSYS1:CORRIDOR_POD_1_ZN_1_FLR_1 VAV BOX REHEAT COIL:Design Water Volume Flow Rate [m3/s],HEATSYS1:CORRIDOR_POD_1_ZN_1_FLR_2 VAV BOX REHEAT COIL:Design Water Volume Flow Rate [m3/s],HEATSYS1:CORRIDOR_POD_2_ZN_1_FLR_1 VAV BOX REHEAT COIL:Design Water Volume Flow Rate [m3/s],HEATSYS1:CORRIDOR_POD_2_ZN_1_FLR_2 VAV BOX REHEAT COIL:Design Water Volume Flow Rate [m3/s],HEATSYS1:CORRIDOR_POD_3_ZN_1_FLR_1 VAV BOX REHEAT COIL:Design Water Volume Flow Rate [m3/s],HEATSYS1:CORRIDOR_POD_3_ZN_1_FLR_2 VAV BOX REHEAT COIL:Design Water Volume Flow Rate [m3/s],HEATSYS1:LIBRARY_MEDIA_CENTER_ZN_1_FLR_2 VAV BOX REHEAT COIL:Design Water Volume Flow Rate [m3/s],HEATSYS1:LOBBY_ZN_1_FLR_1 VAV BOX REHEAT COIL:Design Water Volume Flow Rate [m3/s],HEATSYS1:LOBBY_ZN_1_FLR_2 VAV BOX REHEAT COIL:Design Water Volume Flow Rate [m3/s],HEATSYS1:MAIN_CORRIDOR_ZN_1_FLR_1 VAV BOX REHEAT COIL:Design Water Volume Flow Rate [m3/s],HEATSYS1:MAIN_CORRIDOR_ZN_1_FLR_2 VAV BOX REHEAT COIL:Design Water Volume Flow Rate [m3/s],HEATSYS1:MECH_ZN_1_FLR_1 VAV BOX REHEAT COIL:Design Water Volume Flow Rate [m3/s],HEATSYS1:MECH_ZN_1_FLR_2 VAV BOX REHEAT COIL:Design Water Volume Flow Rate [m3/s],HEATSYS1:MULT_CLASS_1_POD_1_ZN_1_FLR_1 VAV BOX REHEAT COIL:Design Water Volume Flow Rate [m3/s],HEATSYS1:MULT_CLASS_1_POD_1_ZN_1_FLR_2 VAV BOX REHEAT COIL:Design Water Volume Flow Rate [m3/s],HEATSYS1:MULT_CLASS_1_POD_2_ZN_1_FLR_1 VAV BOX REHEAT COIL:Design Water Volume Flow Rate [m3/s],HEATSYS1:MULT_CLASS_1_POD_2_ZN_1_FLR_2 VAV BOX REHEAT COIL:Design Water Volume Flow Rate [m3/s],HEATSYS1:MULT_CLASS_1_POD_3_ZN_1_FLR_1 VAV BOX REHEAT COIL:Design Water Volume Flow Rate [m3/s],HEATSYS1:MULT_CLASS_1_POD_3_ZN_1_FLR_2 VAV BOX REHEAT COIL:Design Water Volume Flow Rate [m3/s],HEATSYS1:MULT_CLASS_2_POD_1_ZN_1_FLR_1 VAV BOX REHEAT COIL:Design Water Volume Flow Rate [m3/s],HEATSYS1:MULT_CLASS_2_POD_1_ZN_1_FLR_2 VAV BOX REHEAT COIL:Design Water Volume Flow Rate [m3/s],HEATSYS1:MULT_CLASS_2_POD_2_ZN_1_FLR_1 VAV BOX REHEAT COIL:Design Water Volume Flow Rate [m3/s],HEATSYS1:MULT_CLASS_2_POD_2_ZN_1_FLR_2 VAV BOX REHEAT COIL:Design Water Volume Flow Rate [m3/s],HEATSYS1:MULT_CLASS_2_POD_3_ZN_1_FLR_1 VAV BOX REHEAT COIL:Design Water Volume Flow Rate [m3/s],HEATSYS1:MULT_CLASS_2_POD_3_ZN_1_FLR_2 VAV BOX REHEAT COIL:Design Water Volume Flow Rate [m3/s],HEATSYS1:OFFICES_ZN_1_FLR_1 VAV BOX REHEAT COIL:Design Water Volume Flow Rate [m3/s],HEATSYS1:OFFICES_ZN_1_FLR_2 VAV BOX REHEAT COIL:Design Water Volume Flow Rate [m3/s],HEATSYS1:VAV_OTHER_HEATC:Design Water Volume Flow Rate [m3/s],HEATSYS1:VAV_POD_1_HEATC:Design Water Volume Flow Rate [m3/s],HEATSYS1:VAV_POD_2_HEATC:Design Water Volume Flow Rate [m3/s],HEATSYS1:VAV_POD_3_HEATC:Design Water Volume Flow Rate [m3/s]
00:15:00,3.764080E-04,4.675786E-04,1.721344E-04,2.258900E-04,1.718736E-04,2.256690E-04,1.719882E-04,2.257675E-04,1.713804E-04,2.256238E-04,1.719037E-04,2.257130E-04,1.727560E-04,2.260038E-04,1.392597E-04,1.428445E-04,1.419355E-04,1.428533E-04,1.419518E-04,1.428616E-04,8.596149E-04,1.492871E-04,9.374211E-05,5.084148E-04,5.098786E-04,9.039953E-05,7.619940E-05,4.502859E-04,7.039202E-04,4.489975E-04,7.016009E-04,4.495178E-04,7.022280E-04,4.467148E-04,7.011736E-04,4.491204E-04,7.018531E-04,4.592918E-04,7.068647E-04,4.385073E-04,6.831119E-04,2.611015E-03,2.475567E-03,2.396600E-03,2.568942E-03
00:30:00,3.764080E-04,4.675786E-04,1.721344E-04,2.261360E-04,1.718736E-04,2.259158E-04,1.719882E-04,2.260161E-04,1.713804E-04,2.258697E-04,1.719037E-04,2.259597E-04,1.727560E-04,2.262524E-04,1.392597E-04,1.428445E-04,1.419355E-04,1.428533E-04,1.419518E-04,1.428616E-04,8.596149E-04,1.499413E-04,9.374211E-05,5.084148E-04,5.098786E-04,9.039953E-05,7.619940E-05,4.502859E-04,7.039202E-04,4.489975E-04,7.016009E-04,4.495178E-04,7.022280E-04,4.467148E-04,7.011736E-04,4.491204E-04,7.018531E-04,4.592918E-04,7.068647E-04,4.385546E-04,6.835444E-04,2.611631E-03,2.475841E-03,2.396867E-03,2.569229E-03
00:45:00,3.764080E-04,4.675786E-04,1.721344E-04,2.263564E-04,1.718736E-04,2.261373E-04,1.719882E-04,2.262392E-04,1.713804E-04,2.260901E-04,1.719037E-04,2.261813E-04,1.727560E-04,2.264754E-04,1.392597E-04,1.428445E-04,1.419355E-04,1.428533E-04,1.419518E-04,1.428616E-04,8.596149E-04,1.505995E-04,9.374211E-05,5.084148E-04,5.098786E-04,9.039953E-05,7.619940E-05,4.502859E-04,7.039202E-04,4.489975E-04,7.016009E-04,4.495178E-04,7.022280E-04,4.467148E-04,7.011736E-04,4.491204E-04,7.018531E-04,4.592918E-04,7.068647E-04,4.386012E-04,6.839069E-04,2.612211E-03,2.476087E-03,2.397106E-03,2.569487E-03
01:00:00,3.764080E-04,4.675786E-04,1.721344E-04,2.265566E-04,1.718736E-04,2.263389E-04,1.719882E-04,2.264421E-04,1.713804E-04,2.262903E-04,1.719037E-04,2.263828E-04,1.727560E-04,2.266781E-04,1.392597E-04,1.428445E-04,1.419355E-04,1.428533E-04,1.419518E-04,1.428616E-04,8.596149E-04,1.512586E-04,9.374211E-05,5.084148E-04,5.098786E-04,9.039953E-05,7.619940E-05,4.502859E-04,7.039202E-04,4.489975E-04,7.016009E-04,4.495178E-04,7.022280E-04,4.467148E-04,7.011736E-04,4.491204E-04,7.018531E-04,4.592918E-04,7.068647E-04,4.386473E-04,6.842185E-04,2.612764E-03,2.476310E-03,2.397323E-03,2.569721E-03
01:15:00,3.764080E-04,4.675786E-04,1.721344E-04,2.267402E-04,1.718736E-04,2.265242E-04,1.719882E-04,2.266285E-04,1.713804E-04,2.264742E-04,1.719037E-04,2.265681E-04,1.727560E-04,2.268644E-04,1.392597E-04,1.428445E-04,1.419355E-04,1.428533E-04,1.419518E-04,1.428616E-04,8.596149E-04,1.519160E-04,9.374211E-05,5.084148E-04,5.098786E-04,9.039953E-05,7.619940E-05,4.502859E-04,7.039202E-04,4.489975E-04,7.016009E-04,4.495178E-04,7.022280E-04,4.467148E-04,7.011736E-04,4.491204E-04,7.018531E-04,4.592918E-04,7.068647E-04,4.386927E-04,6.844924E-04,2.613295E-03,2.476515E-03,2.397523E-03,2.569937E-03
01:30:00,3.764080E-04,4.675786E-04,1.721344E-04,2.269104E-04,1.718736E-04,2.266962E-04,1.719882E-04,2.268014E-04,1.713804E-04,2.266445E-04,1.719037E-04,2.267401E-04,1.727560E-04,2.270371E-04,1.392597E-04,1.428445E-04,1.419355E-04,1.428533E-04,1.419518E-04,1.428616E-04,8.596149E-04,1.525699E-04,9.374211E-05,5.084148E-04,5.098786E-04,9.039953E-05,7.619940E-05,4.502859E-04,7.039202E-04,4.489975E-04,7.016009E-04,4.495178E-04,7.022280E-04,4.467148E-04,7.011736E-04,4.491204E-04,7.018531E-04,4.592918E-04,7.068647E-04,4.387375E-04,6.847378E-04,2.613808E-03,2.476704E-03,2.397708E-03,2.570137E-03
01:45:00,3.764080E-04,4.675786E-04,1.721344E-04,2.270690E-04,1.718736E-04,2.268567E-04,1.719882E-04,2.269628E-04,1.713804E-04,2.268033E-04,1.719037E-04,2.269006E-04,1.727560E-04,2.271983E-04,1.392597E-04,1.428445E-04,1.419355E-04,1.428533E-04,1.419518E-04,1.428616E-04,8.596149E-04,1.532185E-04,9.374211E-05,5.084148E-04,5.098786E-04,9.039953E-05,7.619940E-05,4.502859E-04,7.039202E-04,4.489975E-04,7.016009E-04,4.495178E-04,7.022280E-04,4.467148E-04,7.011736E-04,4.491204E-04,7.018531E-04,4.592918E-04,7.068647E-04,4.387816E-04,6.849609E-04,2.614306E-03,2.476881E-03,2.397881E-03,2.570323E-03
02:00:00,3.764080E-04,4.675786E-04,1.721344E-04,2.272179E-04,1.718736E-04,2.270077E-04,1.719882E-04,2.271146E-04,1.713804E-04,2.269525E-04,1.719037E-04,2.270516E-04,1.727560E-04,2.273500E-04,1.392597E-04,1.428445E-04,1.419355E-04,1.428533E-04,1.419518E-04,1.428616E-04,8.596149E-04,1.538611E-04,9.374211E-05,5.084148E-04,5.098786E-04,9.039953E-05,7.619940E-05,4.502859E-04,7.039202E-04,4.489975E-04,7.016009E-04,4.495178E-04,7.022280E-04,4.467148E-04,7.011736E-04,4.491204E-04,7.018531E-04,4.592918E-04,7.068647E-04,4.388249E-04,6.851664E-04,2.614791E-03,2.477047E-03,2.398044E-03,2.570499E-03
02:15:00,3.764080E-04,4.675786E-04,1.721344E-04,2.273590E-04,1.718736E-04,2.271508E-04,1.719882E-04,2.272585E-04,1.713804E-04,2.270938E-04,1.719037E-04,2.271947E-04,1.727560E-04,2.274938E-04,1.392597E-04,1.428445E-04,1.419355E-04,1.428533E-04,1.419518E-04,1.428616E-04,8.596149E-04,1.544973E-04,9.374211E-05,5.084148E-04,5.098786E-04,9.039953E-05,7.619940E-05,4.502859E-04,7.039202E-04,4.489975E-04,7.016009E-04,4.495178E-04,7.022280E-04,4.467148E-04,7.011736E-04,4.491204E-04,7.018531E-04,4.592918E-04,7.068647E-04,4.388676E-04,6.853582E-04,2.615264E-03,2.477205E-03,2.398199E-03,2.570665E-03
02:30:00,3.764080E-04,4.675786E-04,1.721344E-04,2.274933E-04,1.718736E-04,2.272871E-04,1.719882E-04,2.273957E-04,1.713804E-04,2.272283E-04,1.719037E-04,2.273311E-04,1.727560E-04,2.276310E-04,1.392597E-04,1.428445E-04,1.419355E-04,1.428533E-04,1.419518E-04,1.428616E-04,8.596149E-04,1.551266E-04,9.374211E-05,5.084148E-04,5.098786E-04,9.039953E-05,7.619940E-05,4.502859E-04,7.039202E-04,4.489975E-04,7.016009E-04,4.495178E-04,7.022280E-04,4.467148E-04,7.011736E-04,4.491204E-04,7.018531E-04,4.592918E-04,7.068647E-04,4.389096E-04,6.855387E-04,2.615727E-03,2.477354E-03,2.398346E-03,2.570823E-03
02:45:00,3.764080E-04,4.675786E-04,1.721344E-04,2.276220E-04,1.718736E-04,2.274179E-04,1.719882E-04,2.275272E-04,1.713804E-04,2.273572E-04,1.719037E-04,2.274618E-04,1.727560E-04,2.277625E-04,1.392597E-04,1.428445E-04,1.419355E-04,1.428533E-04,1.419518E-04,1.428616E-04,8.596149E-04,1.557489E-04,9.374211E-05,5.084148E-04,5.098786E-04,9.039953E-05,7.619940E-05,4.502859E-04,7.039202E-04,4.489975E-04,7.016009E-04,4.495178E-04,7.022280E-04,4.467148E-04,7.011736E-04,4.491204E-04,7.018531E-04,4.592918E-04,7.068647E-04,4.389510E-04,6.857101E-04,2.616181E-03,2.477498E-03,2.398487E-03,2.570976E-03
03:00:00,3.764080E-04,4.675786E-04,1.721344E-04,2.277459E-04,1.718736E-04,2.275437E-04,1.719882E-04,2.276539E-04,1.713804E-04,2.274812E-04,1.719037E-04,2.275876E-04,1.727560E-04,2.278892E-04,1.392597E-04,1.428445E-04,1.419355E-04,1.428533E-04,1.419518E-04,1.428616E-04,8.596149E-04,1.563637E-04,9.374211E-05,5.084148E-04,5.098786E-04,9.039953E-05,7.619940E-05,4.502859E-04,7.039202E-04,4.489975E-04,7.016009E-04,4.495178E-04,7.022280E-04,4.467148E-04,7.011736E-04,4.491204E-04,7.018531E-04,4.592918E-04,7.068647E-04,4.389918E-04,6.858739E-04,2.616626E-03,2.477636E-03,2.398622E-03,2.571122E-03
03:15:00,3.764080E-04,4.675786E-04,1.721344E-04,2.278659E-04,1.718736E-04,2.276657E-04,1.719882E-04,2.277769E-04,1.713804E-04,2.276014E-04,1.719037E-04,2.277096E-04,1.727560E-04,2.280121E-04,1.392597E-04,1.428445E-04,1.419355E-04,1.428533E-04,1.419518E-04,1.428616E-04,8.596149E-04,1.569718E-04,9.374211E-05,5.084148E-04,5.098786E-04,9.039953E-05,7.619940E-05,4.502859E-04,7.039202E-04,4.489975E-04,7.016009E-04,4.495178E-04,7.022280E-04,4.467148E-04,7.011736E-04,4.491204E-04,7.018531E-04,4.592918E-04,7.068647E-04,4.390324E-04,6.860319E-04,2.617064E-03,2.477770E-03,2.398754E-03,2.571264E-03
03:30:00,3.764080E-04,4.675786E-04,1.721344E-04,2.279827E-04,1.718736E-04,2.277843E-04,1.719882E-04,2.278965E-04,1.713804E-04,2.277182E-04,1.719037E-04,2.278283E-04,1.727560E-04,2.281318E-04,1.392597E-04,1.428445E-04,1.419355E-04,1.428533E-04,1.419518E-04,1.428616E-04,8.596149E-04,1.575728E-04,9.374211E-05,5.084148E-04,5.098786E-04,9.039953E-05,7.619940E-05,4.502859E-04,7.039202E-04,4.489975E-04,7.016009E-04,4.495178E-04,7.022280E-04,4.467148E-04,7.011736E-04,4.491204E-04,7.018531E-04,4.592918E-04,7.068647E-04,4.390726E-04,6.861848E-04,2.617496E-03,2.477900E-03,2.398882E-03,2.571402E-03
03:45:00,3.764080E-04,4.675786E-04,1.721344E-04,2.280963E-04,1.718736E-04,2.278999E-04,1.719882E-04,2.280130E-04,1.713804E-04,2.278320E-04,1.719037E-04,2.279438E-04,1.727560E-04,2.282484E-04,1.392597E-04,1.428445E-04,1.419355E-04,1.428533E-04,1.419518E-04,1.428616E-04,8.596149E-04,1.581663E-04,9.374211E-05,5.084148E-04,5.098786E-04,9.039953E-05,7.619940E-05,4.502859E-04,7.039202E-04,4.489975E-04,7.016009E-04,4.495178E-04,7.022280E-04,4.467148E-04,7.011736E-04,4.491204E-04,7.018531E-04,4.592918E-04,7.068647E-04,4.391125E-04,6.863334E-04,2.617921E-03,2.478027E-03,2.399007E-03,2.571537E-03
04:00:00,3.764080E-04,4.675786E-04,1.721344E-04,2.282072E-04,1.718736E-04,2.280126E-04,1.719882E-04,2.281267E-04,1.713804E-04,2.279429E-04,1.719037E-04,2.280566E-04,1.727560E-04,2.283622E-04,1.392597E-04,1.428445E-04,1.419355E-04,1.428533E-04,1.419518E-04,1.428616E-04,8.596149E-04,1.587523E-04,9.374211E-05,5.084148E-04,5.098786E-04,9.039953E-05,7.619940E-05,4.502859E-04,7.039202E-04,4.489975E-04,7.016009E-04,4.495178E-04,7.022280E-04,4.467148E-04,7.011736E-04,4.491204E-04,7.018531E-04,4.592918E-04,7.068647E-04,4.391520E-04,6.864780E-04,2.618340E-03,2.478150E-03,2.399128E-03,2.571669E-03
04:15:00,3.764080E-04,4.675786E-04,1.721344E-04,2.283155E-04,1.718736E-04,2.281228E-04,1.719882E-04,2.282379E-04,1.713804E-04,2.280513E-04,1.719037E-04,2.281667E-04,1.727560E-04,2.284734E-04,1.392597E-04,1.428445E-04,1.419355E-04,1.428533E-04,1.419518E-04,1.428616E-04,8.596149E-04,1.593307E-04,9.374211E-05,5.084148E-04,5.098786E-04,9.039953E-05,7.619940E-05,4.502859E-04,7.039202E-04,4.489975E-04,7.016009E-04,4.495178E-04,7.022280E-04,4.467148E-04,7.011736E-04,4.491204E-04,7.018531E-04,4.592918E-04,7.068647E-04,4.391913E-04,6.866188E-04,2.618752E-03,2.478271E-03,2.399247E-03,2.571797E-03
04:30:00,3.764080E-04,4.675786E-04,1.721344E-04,2.284213E-04,1.718736E-04,2.282305E-04,1.719882E-04,2.283466E-04,1.713804E-04,2.281572E-04,1.719037E-04,2.282745E-04,1.727560E-04,2.285822E-04,1.392597E-04,1.428445E-04,1.419355E-04,1.428533E-04,1.419518E-04,1.428616E-04,8.596149E-04,1.599014E-04,9.374211E-05,5.084148E-04,5.098786E-04,9.039953E-05,7.619940E-05,4.502859E-04,7.039202E-04,4.489975E-04,7.016009E-04,4.495178E-04,7.022280E-04,4.467148E-04,7.011736E-04,4.491204E-04,7.018531E-04,4.592918E-04,7.068647E-04,4.392303E-04,6.867561E-04,2.619158E-03,2.478389E-03,2.399363E-03,2.571923E-03
04:45:00,3.764080E-04,4.675786E-04,1.721344E-04,2.285250E-04,1.718736E-04,2.283360E-04,1.719882E-04,2.284531E-04,1.713804E-04,2.282609E-04,1.719037E-04,2.283799E-04,1.727560E-04,2.286888E-04,1.392597E-04,1.428445E-04,1.419355E-04,1.428533E-04,1.419518E-04,1.428616E-04,8.596149E-04,1.604645E-04,9.374211E-05,5.084148E-04,5.098786E-04,9.039953E-05,7.619940E-05,4.502859E-04,7.039202E-04,4.489975E-04,7.016009E-04,4.495178E-04,7.022280E-04,4.467148E-04,7.011736E-04,4.491204E-04,7.018531E-04,4.592918E-04,7.068647E-04,4.392689E-04,6.868899E-04,2.619558E-03,2.478504E-03,2.399477E-03,2.572046E-03
05:00:00,3.764080E-04,4.675786E-04,1.721344E-04,2.286264E-04,1.718736E-04,2.284393E-04,1.719882E-04,2.285575E-04,1.713804E-04,2.283625E-04,1.719037E-04,2.284833E-04,1.727560E-04,2.287932E-04,1.392597E-04,1.428445E-04,1.419355E-04,1.428533E-04,1.419518E-04,1.428616E-04,8.596149E-04,1.610199E-04,9.374211E-05,5.084148E-04,5.098786E-04,9.039953E-05,7.619940E-05,4.502859E-04,7.039202E-04,4.489975E-04,7.016009E-04,4.495178E-04,7.022280E-04,4.467148E-04,7.011736E-04,4.491204E-04,7.018531E-04,4.592918E-04,7.068647E-04,4.393073E-04,6.870203E-04,2.619952E-03,2.478617E-03,2.399589E-03,2.572167E-03
05:15:00,3.764080E-04,4.675786E-04,1.721344E-04,2.287259E-04,1.718736E-04,2.285407E-04,1.719882E-04,2.286598E-04,1.713804E-04,2.284620E-04,1.719037E-04,2.285846E-04,1.727560E-04,2.288956E-04,1.392597E-04,1.428445E-04,1.419355E-04,1.428533E-04,1.419518E-04,1.428616E-04,8.596149E-04,1.615675E-04,9.374211E-05,5.084148E-04,5.098786E-04,9.039953E-05,7.619940E-05,4.502859E-04,7.039202E-04,4.489975E-04,7.016009E-04,4.495178E-04,7.022280E-04,4.467148E-04,7.011736E-04,4.491204E-04,7.018531E-04,4.592918E-04,7.068647E-04,4.393453E-04,6.871471E-04,2.620339E-03,2.478728E-03,2.399698E-03,2.572285E-03
05:30:00,3.764080E-04,4.675786E-04,1.721344E-04,2.288234E-04,1.718736E-04,2.286400E-04,1.719882E-04,2.287602E-04,1.713804E-04,2.285596E-04,1.719037E-04,2.286840E-04,1.727560E-04,2.289961E-04,1.392597E-04,1.428445E-04,1.419355E-04,1.428533E-04,1.419518E-04,1.428616E-04,8.596149E-04,1.621074E-04,9.374211E-05,5.084148E-04,5.098786E-04,9.039953E-05,7.619940E-05,4.502859E-04,7.039202E-04,4.489975E-04,7.016009E-04,4.495178E-04,7.022280E-04,4.467148E-04,7.011736E-04,4.491204E-04,7.018531E-04,4.592918E-04,7.068647E-04,4.393831E-04,6.872704E-04,2.620720E-03,2.478837E-03,2.399805E-03,2.572401E-03
05:45:00,3.764080E-04,4.675786E-04,1.721344E-04,2.289191E-04,1.718736E-04,2.287376E-04,1.719882E-04,2.288587E-04,1.713804E-04,2.286554E-04,1.719037E-04,2.287816E-04,1.727560E-04,2.290947E-04,1.392597E-04,1.428445E-04,1.419355E-04,1.428533E-04,1.419518E-04,1.428616E-04,8.596149E-04,1.626395E-04,9.374211E-05,5.084148E-04,5.098786E-04,9.039953E-05,7.619940E-05,4.502859E-04,7.039202E-04,4.489975E-04,7.016009E-04,4.495178E-04,7.022280E-04,4.467148E-04,7.011736E-04,4.491204E-04,7.018531E-04,4.592918E-04,7.068647E-04,4.394205E-04,6.873902E-04,2.621095E-03,2.478944E-03,2.399910E-03,2.572515E-03
06:00:00,3.764080E-04,4.675786E-04,1.721344E-04,2.290130E-04,1.718736E-04,2.288334E-04,1.719882E-04,2.289554E-04,1.713804E-04,2.287494E-04,1.719037E-04,2.288773E-04,1.727560E-04,2.291915E-04,1.392597E-04,1.428445E-04,1.419355E-04,1.428533E-04,1.419518E-04,1.428616E-04,8.596149E-04,1.631638E-04,9.374211E-05,5.084148E-04,5.098786E-04,9.039953E-05,7.619940E-05,4.502859E-04,7.039202E-04,4.489975E-04,7.016009E-04,4.495178E-04,7.022280E-04,4.467148E-04,7.011736E-04,4.491204E-04,7.018531E-04,4.592918E-04,7.068647E-04,4.394577E-04,6.875067E-04,2.621463E-03,2.479048E-03,2.400014E-03,2.572627E-03
06:15:00,3.764080E-04,4.675786E-04,1.721344E-04,2.291746E-04,1.718736E-04,2.289968E-04,1.719882E-04,2.291198E-04,1.713804E-04,2.289110E-04,1.719037E-04,2.290408E-04,1.727560E-04,2.293559E-04,1.392597E-04,1.428445E-04,1.419355E-04,1.428533E-04,1.419518E-04,1.428616E-04,8.596149E-04,1.637334E-04,1.488901E-04,5.084148E-04,6.105296E-04,9.039953E-05,7.619940E-05,4.502859E-04,7.039202E-04,4.489975E-04,7.016009E-04,4.495178E-04,7.022280E-04,4.467148E-04,7.011736E-04,4.491204E-04,7.018531E-04,4.592918E-04,7.068647E-04,4.396701E-04,6.878077E-04,2.705495E-03,2.479228E-03,2.400190E-03,2.572817E-03
06:30:00,3.764080E-04,4.675786E-04,1.721344E-04,2.291763E-04,1.718736E-04,2.289999E-04,1.719882E-04,2.291230E-04,1.713804E-04,2.289128E-04,1.719037E-04,2.290438E-04,1.727560E-04,2.293592E-04,1.392597E-04,1.809552E-04,1.419355E-04,1.819396E-04,1.419518E-04,1.834164E-04,8.596149E-04,1.641656E-04,2.139661E-04,5.084148E-04,9.207542E-04,9.039953E-05,1.233141E-04,4.502859E-04,7.039202E-04,4.489975E-04,7.016009E-04,4.495178E-04,7.022280E-04,4.467148E-04,7.011736E-04,4.491204E-04,7.018531E-04,4.592918E-04,7.068647E-04,4.396972E-04,6.877585E-04,2.931962E-03,2.500179E-03,2.420992E-03,2.595950E-03
06:45:00,3.764080E-04,4.675786E-04,1.721344E-04,2.289740E-04,1.718736E-04,2.287977E-04,1.719882E-04,2.289194E-04,1.713804E-04,2.287107E-04,1.719037E-04,2.288416E-04,1.727560E-04,2.291555E-04,1.392597E-04,2.483952E-04,1.419355E-04,2.497978E-04,1.419518E-04,2.517887E-04,8.596149E-04,1.644287E-04,2.682476E-04,5.357887E-04,1.180467E-03,9.039953E-05,1.687021E-04,4.502859E-04,7.039202E-04,4.489975E-04,7.016009E-04,4.495178E-04,7.022280E-04,4.467148E-04,7.011736E-04,4.491204E-04,7.018531E-04,4.592918E-04,7.068647E-04,4.397174E-04,6.873817E-04,3.139097E-03,2.537024E-03,2.456883E-03,2.634708E-03
07:00:00,3.764080E-04,4.675786E-04,1.721344E-04,2.285909E-04,1.718736E-04,2.284136E-04,1.719882E-04,2.285326E-04,1.713804E-04,2.283278E-04,1.719037E-04,2.284575E-04,1.727560E-04,2.287685E-04,1.392597E-04,3.103670E-04,1.419355E-04,3.121585E-04,1.419518E-04,3.146021E-04,8.596149E-04,1.645126E-04,3.174687E-04,6.757084E-04,1.417083E-03,9.039953E-05,2.104347E-04,4.502859E-04,7.039202E-04,4.489975E-04,7.016009E-04,4.495178E-04,7.022280E-04,4.467148E-04,7.011736E-04,4.491204E-04,7.018531E-04,4.592918E-04,7.068647E-04,4.397356E-04,6.867214E-04,3.389350E-03,2.570662E-03,2.489653E-03,2.670083E-03
07:15:00,3.764080E-04,4.837972E-04,1.721344E-04,2.237267E-04,1.718736E-04,2.235475E-04,1.719882E-04,2.236625E-04,1.713804E-04,2.234639E-04,1.719037E-04,2.235914E-04,1.727560E-04,2.238983E-04,1.392597E-04,3.677369E-04,1.419355E-04,3.698988E-04,1.432877E-04,3.727554E-04,8.596149E-04,1.611704E-04,3.600603E-04,8.014086E-04,1.627369E-03,9.039953E-05,2.498167E-04,4.502859E-04,7.039202E-04,4.489975E-04,7.016009E-04,4.495178E-04,7.022280E-04,4.467148E-04,7.011736E-04,4.491204E-04,7.018531E-04,4.592918E-04,7.068647E-04,4.284711E-04,6.745547E-04,3.607530E-03,2.596778E-03,2.515129E-03,2.698385E-03
07:30:00,3.764080E-04,5.267861E-04,1.721344E-04,2.187550E-04,1.718736E-04,2.185733E-04,1.719882E-04,2.186835E-04,1.713804E-04,2.184925E-04,1.719037E-04,2.186171E-04,1.727560E-04,2.189190E-04,1.392597E-04,4.227375E-04,1.633263E-04,4.252570E-04,1.672270E-04,4.284999E-04,8.596149E-04,1.576595E-04,4.003348E-04,9.245542E-04,1.826835E-03,9.039953E-05,2.876008E-04,4.502859E-04,7.039202E-04,4.489975E-04,7.016009E-04,4.495178E-04,7.022280E-04,4.467148E-04,7.011736E-04,4.491204E-04,7.018531E-04,4.592918E-04,7.068647E-04,4.171948E-04,6.622189E-04,3.830647E-03,2.621471E-03,2.550678E-03,2.738161E-03
07:45:00,3.764080E-04,4.848429E-04,1.721344E-04,2.136297E-04,1.718736E-04,2.134449E-04,1.719882E-04,2.135496E-04,1.713804E-04,2.133676E-04,1.719037E-04,2.134887E-04,1.727560E-04,2.137848E-04,1.392597E-04,3.741951E-04,1.514418E-04,3.765714E-04,1.546363E-04,3.793437E-04,8.596149E-04,1.539296E-04,3.629015E-04,8.096129E-04,1.645519E-03,9.039953E-05,2.540468E-04,4.502859E-04,7.039202E-04,4.489975E-04,7.016009E-04,4.495178E-04,7.022280E-04,4.467148E-04,7.011736E-04,4.491204E-04,7.018531E-04,4.592918E-04,7.068647E-04,4.057297E-04,6.495623E-04,3.596124E-03,2.589078E-03,2.512874E-03,2.696964E-03
08:00:00,3.764080E-04,4.675786E-04,1.721344E-04,2.085947E-04,1.718736E-04,2.084068E-04,1.719882E-04,2.085063E-04,1.713804E-04,2.083328E-04,1.719037E-04,2.084506E-04,1.727560E-04,2.087410E-04,1.392597E-04,3.470878E-04,1.455419E-04,3.493096E-04,1.484745E-04,3.517959E-04,8.596149E-04,1.501656E-04,3.360453E-04,7.731009E-04,1.525708E-03,9.039953E-05,2.366525E-04,4.502859E-04,7.039202E-04,4.489975E-04,7.016009E-04,4.495178E-04,7.022280E-04,4.467148E-04,7.011736E-04,4.491204E-04,7.018531E-04,4.592918E-04,7.068647E-04,3.944372E-04,6.371458E-04,3.464443E-03,2.568568E-03,2.489773E-03,2.671886E-03
08:15:00,3.764080E-04,4.675786E-04,1.721344E-04,2.037063E-04,1.718736E-04,2.035161E-04,1.719882E-04,2.036113E-04,1.713804E-04,2.034447E-04,1.719037E-04,2.035599E-04,1.727560E-04,2.038457E-04,1.392597E-04,3.306429E-04,1.419355E-04,3.327781E-04,1.441890E-04,3.350920E-04,8.596149E-04,1.464017E-04,3.188513E-04,7.464217E-04,1.450955E-03,9.039953E-05,2.263035E-04,4.502859E-04,7.039202E-04,4.489975E-04,7.016009E-04,4.495178E-04,7.022280E-04,4.467148E-04,7.011736E-04,4.491204E-04,7.018531E-04,4.592918E-04,7.068647E-04,3.831393E-04,6.249667E-04,3.380527E-03,2.554083E-03,2.473769E-03,2.654240E-03
08:30:00,3.764080E-04,4.675786E-04,1.721344E-04,1.989501E-04,1.718736E-04,1.987581E-04,1.719882E-04,1.988502E-04,1.713804E-04,1.986886E-04,1.719037E-04,1.988019E-04,1.727560E-04,1.990843E-04,1.392597E-04,3.188391E-04,1.419355E-04,3.209101E-04,1.419518E-04,3.231037E-04,8.596149E-04,1.426499E-04,3.057545E-04,7.224673E-04,1.394397E-03,9.039953E-05,2.190316E-04,4.502859E-04,7.039202E-04,4.489975E-04,7.016009E-04,4.495178E-04,7.022280E-04,4.467148E-04,7.011736E-04,4.491204E-04,7.018531E-04,4.592918E-04,7.068647E-04,3.718311E-04,6.129948E-04,3.311776E-03,2.542295E-03,2.462322E-03,2.640615E-03
08:45:00,3.764080E-04,4.675786E-04,1.721344E-04,1.986333E-04,1.718736E-04,1.984401E-04,1.719882E-04,1.985298E-04,1.713804E-04,1.983720E-04,1.719037E-04,1.984839E-04,1.727560E-04,1.987636E-04,1.392597E-04,3.109468E-04,1.419355E-04,3.129654E-04,1.419518E-04,3.150708E-04,8.596149E-04,1.421597E-04,2.984509E-04,7.113184E-04,1.359829E-03,9.039953E-05,2.136238E-04,4.502859E-04,7.039202E-04,4.489975E-04,7.016009E-04,4.495178E-04,7.022280E-04,4.467148E-04,7.011736E-04,4.491204E-04,7.018531E-04,4.592918E-04,7.068647E-04,3.717940E-04,6.124645E-04,3.279894E-03,2.537604E-03,2.457751E-03,2.635663E-03
09:00:00,3.764080E-04,4.675786E-04,1.721344E-04,1.983869E-04,1.718736E-04,1.981927E-04,1.719882E-04,1.982806E-04,1.713804E-04,1.981258E-04,1.719037E-04,1.982365E-04,1.727560E-04,1.985142E-04,1.392597E-04,3.048243E-04,1.419355E-04,3.067972E-04,1.419518E-04,3.088344E-04,8.596149E-04,1.416759E-04,2.927148E-04,7.013866E-04,1.332110E-03,9.039953E-05,2.093881E-04,4.502859E-04,7.039202E-04,4.489975E-04,7.016009E-04,4.495178E-04,7.022280E-04,4.467148E-04,7.011736E-04,4.491204E-04,7.018531E-04,4.592918E-04,7.068647E-04,3.717574E-04,6.120457E-04,3.253865E-03,2.533964E-03,2.454202E-03,2.631818E-03
09:15:00,3.764080E-04,4.675786E-04,1.721344E-04,1.981912E-04,1.718736E-04,1.979962E-04,1.719882E-04,1.980826E-04,1.713804E-04,1.979302E-04,1.719037E-04,1.980399E-04,1.727560E-04,1.983160E-04,1.392597E-04,2.998729E-04,1.419355E-04,3.018040E-04,1.419518E-04,3.037860E-04,8.596149E-04,1.411974E-04,2.880206E-04,6.923143E-04,1.308951E-03,9.039953E-05,2.059307E-04,4.502859E-04,7.039202E-04,4.489975E-04,7.016009E-04,4.495178E-04,7.022280E-04,4.467148E-04,7.011736E-04,4.491204E-04,7.018531E-04,4.592918E-04,7.068647E-04,3.717227E-04,6.117083E-04,3.231764E-03,2.531025E-03,2.451333E-03,2.628710E-03
09:30:00,3.764080E-04,4.675786E-04,1.721344E-04,1.980324E-04,1.718736E-04,1.978367E-04,1.719882E-04,1.979219E-04,1.713804E-04,1.977715E-04,1.719037E-04,1.978804E-04,1.727560E-04,1.981551E-04,1.392597E-04,2.957287E-04,1.419355E-04,2.976205E-04,1.419518E-04,2.995563E-04,8.596149E-04,1.407242E-04,2.840436E-04,6.838769E-04,1.288966E-03,9.039953E-05,2.030112E-04,4.502859E-04,7.039202E-04,4.489975E-04,7.016009E-04,4.495178E-04,7.022280E-04,4.467148E-04,7.011736E-04,4.491204E-04,7.018531E-04,4.592918E-04,7.068647E-04,3.716896E-04,6.114302E-04,3.212411E-03,2.528570E-03,2.448935E-03,2.626112E-03
09:45:00,3.764080E-04,4.675786E-04,1.721344E-04,1.979007E-04,1.718736E-04,1.977042E-04,1.719882E-04,1.977885E-04,1.713804E-04,1.976399E-04,1.719037E-04,1.977480E-04,1.727560E-04,1.980215E-04,1.392597E-04,2.921576E-04,1.419355E-04,2.940119E-04,1.419518E-04,2.959078E-04,8.596149E-04,1.402565E-04,2.805840E-04,6.759285E-04,1.271286E-03,9.039953E-05,2.004753E-04,4.502859E-04,7.039202E-04,4.489975E-04,7.016009E-04,4.495178E-04,7.022280E-04,4.467148E-04,7.011736E-04,4.491204E-04,7.018531E-04,4.592918E-04,7.068647E-04,3.716579E-04,6.111955E-04,3.195066E-03,2.526460E-03,2.446872E-03,2.623876E-03
10:00:00,3.764080E-04,4.675786E-04,1.721344E-04,1.977888E-04,1.718736E-04,1.975917E-04,1.719882E-04,1.976751E-04,1.713804E-04,1.975280E-04,1.719037E-04,1.976355E-04,1.727560E-04,1.979080E-04,1.392597E-04,2.890057E-04,1.419355E-04,2.908238E-04,1.419518E-04,2.926844E-04,8.596149E-04,1.397944E-04,2.775083E-04,6.683721E-04,1.255338E-03,9.039953E-05,1.982214E-04,4.502859E-04,7.039202E-04,4.489975E-04,7.016009E-04,4.495178E-04,7.022280E-04,4.467148E-04,7.011736E-04,4.491204E-04,7.018531E-04,4.592918E-04,7.068647E-04,3.716274E-04,6.109929E-04,3.179236E-03,2.524603E-03,2.445054E-03,2.621907E-03
10:15:00,3.764080E-04,4.675786E-04,1.721344E-04,1.976913E-04,1.718736E-04,1.974935E-04,1.719882E-04,1.975761E-04,1.713804E-04,1.974306E-04,1.719037E-04,1.975373E-04,1.727560E-04,1.978089E-04,1.392597E-04,2.861633E-04,1.419355E-04,2.879463E-04,1.419518E-04,2.897749E-04,8.596149E-04,1.393378E-04,2.747201E-04,6.611339E-04,1.240699E-03,9.039953E-05,1.961764E-04,4.502859E-04,7.039202E-04,4.489975E-04,7.016009E-04,4.495178E-04,7.022280E-04,4.467148E-04,7.011736E-04,4.491204E-04,7.018531E-04,4.592918E-04,7.068647E-04,3.715978E-04,6.108137E-04,3.164561E-03,2.522932E-03,2.443417E-03,2.620133E-03
10:30:00,3.764080E-04,4.675786E-04,1.721344E-04,1.976047E-04,1.718736E-04,1.974062E-04,1.719882E-04,1.974882E-04,1.713804E-04,1.973440E-04,1.719037E-04,1.974500E-04,1.727560E-04,1.977208E-04,1.392597E-04,2.835619E-04,1.419355E-04,2.853108E-04,1.419518E-04,2.871099E-04,8.596149E-04,1.388871E-04,2.721592E-04,6.541719E-04,1.227113E-03,9.039953E-05,1.942951E-04,4.502859E-04,7.039202E-04,4.489975E-04,7.016009E-04,4.495178E-04,7.022280E-04,4.467148E-04,7.011736E-04,4.491204E-04,7.018531E-04,4.592918E-04,7.068647E-04,3.715688E-04,6.106524E-04,3.150820E-03,2.521406E-03,2.441920E-03,2.618511E-03
10:45:00,3.764080E-04,4.675786E-04,1.721344E-04,1.975264E-04,1.718736E-04,1.973273E-04,1.719882E-04,1.974086E-04,1.713804E-04,1.972657E-04,1.719037E-04,1.973711E-04,1.727560E-04,1.976412E-04,1.392597E-04,2.811545E-04,1.419355E-04,2.828700E-04,1.419518E-04,2.846417E-04,8.596149E-04,1.384429E-04,2.697837E-04,6.474562E-04,1.214399E-03,9.039953E-05,1.925463E-04,4.502859E-04,7.039202E-04,4.489975E-04,7.016009E-04,4.495178E-04,7.022280E-04,4.467148E-04,7.011736E-04,4.491204E-04,7.018531E-04,4.592918E-04,7.068647E-04,3.715406E-04,6.105051E-04,3.137860E-03,2.519995E-03,2.440536E-03,2.617012E-03
11:00:00,3.764080E-04,4.675786E-04,1.721344E-04,1.974548E-04,1.718736E-04,1.972550E-04,1.719882E-04,1.973357E-04,1.713804E-04,1.971941E-04,1.719037E-04,1.972988E-04,1.727560E-04,1.975681E-04,1.392597E-04,2.789064E-04,1.419355E-04,2.805894E-04,1.419518E-04,2.823354E-04,8.596149E-04,1.380053E-04,2.675626E-04,6.409632E-04,1.202419E-03,9.039953E-05,1.909069E-04,4.502859E-04,7.039202E-04,4.489975E-04,7.016009E-04,4.495178E-04,7.022280E-04,4.467148E-04,7.011736E-04,4.491204E-04,7.018531E-04,4.592918E-04,7.068647E-04,3.715128E-04,6.103689E-04,3.125565E-03,2.518680E-03,2.439245E-03,2.615612E-03
11:15:00,3.764080E-04,4.675786E-04,1.721344E-04,1.973883E-04,1.718736E-04,1.971879E-04,1.719882E-04,1.972680E-04,1.713804E-04,1.971277E-04,1.719037E-04,1.972317E-04,1.727560E-04,1.975004E-04,1.392597E-04,2.767927E-04,1.419355E-04,2.784440E-04,1.419518E-04,2.801658E-04,8.596149E-04,1.375746E-04,2.654731E-04,6.346754E-04,1.191075E-03,9.039953E-05,1.893602E-04,4.502859E-04,7.039202E-04,4.489975E-04,7.016009E-04,4.495178E-04,7.022280E-04,4.467148E-04,7.011736E-04,4.491204E-04,7.018531E-04,4.592918E-04,7.068647E-04,3.714855E-04,6.102419E-04,3.113849E-03,2.517444E-03,2.438031E-03,2.614297E-03
11:30:00,3.764080E-04,4.675786E-04,1.721344E-04,1.973262E-04,1.718736E-04,1.971251E-04,1.719882E-04,1.972047E-04,1.713804E-04,1.970655E-04,1.719037E-04,1.971688E-04,1.727560E-04,1.974370E-04,1.392597E-04,2.747949E-04,1.419355E-04,2.764153E-04,1.419518E-04,2.781141E-04,8.596149E-04,1.371509E-04,2.634979E-04,6.285789E-04,1.180288E-03,9.039953E-05,1.878937E-04,4.502859E-04,7.039202E-04,4.489975E-04,7.016009E-04,4.495178E-04,7.022280E-04,4.467148E-04,7.011736E-04,4.491204E-04,7.018531E-04,4.592918E-04,7.068647E-04,3.714587E-04,6.101224E-04,3.102647E-03,2.516276E-03,2.436883E-03,2.613053E-03
11:45:00,3.764080E-04,4.675786E-04,1.721344E-04,1.972676E-04,1.718736E-04,1.970658E-04,1.719882E-04,1.971450E-04,1.713804E-04,1.970069E-04,1.719037E-04,1.971096E-04,1.727560E-04,1.973771E-04,1.392597E-04,2.728991E-04,1.419355E-04,2.744893E-04,1.419518E-04,2.761661E-04,8.596149E-04,1.367343E-04,2.616241E-04,6.226628E-04,1.170002E-03,9.039953E-05,1.864981E-04,4.502859E-04,7.039202E-04,4.489975E-04,7.016009E-04,4.495178E-04,7.022280E-04,4.467148E-04,7.011736E-04,4.491204E-04,7.018531E-04,4.592918E-04,7.068647E-04,3.714322E-04,6.100092E-04,3.091909E-03,2.515169E-03,2.435794E-03,2.611873E-03
12:00:00,3.764080E-04,4.675786E-04,1.721344E-04,1.972120E-04,1.718736E-04,1.970095E-04,1.719882E-04,1.970882E-04,1.713804E-04,1.969513E-04,1.719037E-04,1.970533E-04,1.727560E-04,1.973203E-04,1.392597E-04,2.710946E-04,1.419355E-04,2.726553E-04,1.419518E-04,2.743112E-04,8.596149E-04,1.363248E-04,2.598415E-04,6.169181E-04,1.160169E-03,9.039953E-05,1.851661E-04,4.502859E-04,7.039202E-04,4.489975E-04,7.016009E-04,4.495178E-04,7.022280E-04,4.467148E-04,7.011736E-04,4.491204E-04,7.018531E-04,4.592918E-04,7.068647E-04,3.714060E-04,6.099014E-04,3.081596E-03,2.514115E-03,2.434758E-03,2.610750E-03
12:15:00,3.764080E-04,4.675786E-04,1.721344E-04,1.971590E-04,1.718736E-04,1.969559E-04,1.719882E-04,1.970341E-04,1.713804E-04,1.968983E-04,1.719037E-04,1.969997E-04,1.727560E-04,1.972661E-04,1.392597E-04,2.693729E-04,1.419355E-04,2.709049E-04,1.419518E-04,2.725408E-04,8.596149E-04,1.359225E-04,2.581421E-04,6.113372E-04,1.150753E-03,9.039953E-05,1.838920E-04,4.502859E-04,7.039202E-04,4.489975E-04,7.016009E-04,4.495178E-04,7.022280E-04,4.467148E-04,7.011736E-04,4.491204E-04,7.018531E-04,4.592918E-04,7.068647E-04,3.713801E-04,6.097984E-04,3.071676E-03,2.513110E-03,2.433769E-03,2.609677E-03
12:30:00,3.764080E-04,4.675786E-04,1.721344E-04,1.971083E-04,1.718736E-04,1.969046E-04,1.719882E-04,1.969824E-04,1.713804E-04,1.968476E-04,1.719037E-04,1.969483E-04,1.727560E-04,1.972143E-04,1.392597E-04,2.677274E-04,1.419355E-04,2.692314E-04,1.419518E-04,2.708481E-04,8.596149E-04,1.355275E-04,2.565192E-04,6.059133E-04,1.141724E-03,9.039953E-05,1.826714E-04,4.502859E-04,7.039202E-04,4.489975E-04,7.016009E-04,4.495178E-04,7.022280E-04,4.467148E-04,7.011736E-04,4.491204E-04,7.018531E-04,4.592918E-04,7.068647E-04,3.713546E-04,6.096996E-04,3.062124E-03,2.512149E-03,2.432823E-03,2.608652E-03
12:45:00,3.764080E-04,4.675786E-04,1.721344E-04,1.970600E-04,1.718736E-04,1.968556E-04,1.719882E-04,1.969330E-04,1.713804E-04,1.967992E-04,1.719037E-04,1.968993E-04,1.727560E-04,1.971648E-04,1.392597E-04,2.661584E-04,1.419355E-04,2.676351E-04,1.419518E-04,2.692335E-04,8.596149E-04,1.351407E-04,2.549730E-04,6.006544E-04,1.133090E-03,9.039953E-05,1.815052E-04,4.502859E-04,7.039202E-04,4.489975E-04,7.016009E-04,4.495178E-04,7.022280E-04,4.467148E-04,7.011736E-04,4.491204E-04,7.018531E-04,4.592918E-04,7.068647E-04,3.713294E-04,6.096052E-04,3.052949E-03,2.511232E-03,2.431920E-03,2.607674E-03
13:00:00,3.764080E-04,4.675786E-04,1.721344E-04,1.970138E-04,1.718736E-04,1.968087E-04,1.719882E-04,1.968857E-04,1.713804E-04,1.967530E-04,1.719037E-04,1.968525E-04,1.727560E-04,1.971175E-04,1.392597E-04,2.646593E-04,1.419355E-04,2.661095E-04,1.419518E-04,2.676904E-04,8.596149E-04,1.347620E-04,2.534969E-04,5.955491E-04,1.124816E-03,9.039953E-05,1.803886E-04,4.502859E-04,7.039202E-04,4.489975E-04,7.016009E-04,4.495178E-04,7.022280E-04,4.467148E-04,7.011736E-04,4.491204E-04,7.018531E-04,4.592918E-04,7.068647E-04,3.713047E-04,6.095148E-04,3.044121E-03,2.510357E-03,2.431058E-03,2.606739E-03
13:15:00,3.764080E-04,4.675786E-04,1.721344E-04,1.969695E-04,1.718736E-04,1.967638E-04,1.719882E-04,1.968404E-04,1.713804E-04,1.967087E-04,1.719037E-04,1.968075E-04,1.727560E-04,1.970721E-04,1.392597E-04,2.632241E-04,1.419355E-04,2.646486E-04,1.419518E-04,2.662126E-04,8.596149E-04,1.343907E-04,2.520849E-04,5.905876E-04,1.116871E-03,9.039953E-05,1.793173E-04,4.502859E-04,7.039202E-04,4.489975E-04,7.016009E-04,4.495178E-04,7.022280E-04,4.467148E-04,7.011736E-04,4.491204E-04,7.018531E-04,4.592918E-04,7.068647E-04,3.712803E-04,6.094280E-04,3.035611E-03,2.509519E-03,2.430232E-03,2.605844E-03
13:30:00,3.764080E-04,4.675786E-04,1.721344E-04,1.969269E-04,1.718736E-04,1.967205E-04,1.719882E-04,1.967968E-04,1.713804E-04,1.966660E-04,1.719037E-04,1.967643E-04,1.727560E-04,1.970284E-04,1.392597E-04,2.618486E-04,1.419355E-04,2.632479E-04,1.419518E-04,2.647958E-04,8.596149E-04,1.340269E-04,2.507328E-04,5.857645E-04,1.109236E-03,9.039953E-05,1.782884E-04,4.502859E-04,7.039202E-04,4.489975E-04,7.016009E-04,4.495178E-04,7.022280E-04,4.467148E-04,7.011736E-04,4.491204E-04,7.018531E-04,4.592918E-04,7.068647E-04,3.712563E-04,6.093443E-04,3.027401E-03,2.508715E-03,2.429440E-03,2.604986E-03
13:45:00,3.764080E-04,4.675786E-04,1.721344E-04,1.968858E-04,1.718736E-04,1.966789E-04,1.719882E-04,1.967547E-04,1.713804E-04,1.966250E-04,1.719037E-04,1.967226E-04,1.727560E-04,1.969863E-04,1.392597E-04,2.605291E-04,1.419355E-04,2.619040E-04,1.419518E-04,2.634363E-04,8.596149E-04,1.336702E-04,2.494369E-04,5.810750E-04,1.101892E-03,9.039953E-05,1.772995E-04,4.502859E-04,7.039202E-04,4.489975E-04,7.016009E-04,4.495178E-04,7.022280E-04,4.467148E-04,7.011736E-04,4.491204E-04,7.018531E-04,4.592918E-04,7.068647E-04,3.712325E-04,6.092636E-04,3.019477E-03,2.507944E-03,2.428680E-03,2.604162E-03
14:00:00,3.764080E-04,4.675786E-04,1.721344E-04,1.968462E-04,1.718736E-04,1.966387E-04,1.719882E-04,1.967142E-04,1.713804E-04,1.965854E-04,1.719037E-04,1.966825E-04,1.727560E-04,1.969457E-04,1.392597E-04,2.592625E-04,1.419355E-04,2.606136E-04,1.419518E-04,2.621310E-04,8.596149E-04,1.333207E-04,2.481940E-04,5.765147E-04,1.094825E-03,9.039953E-05,1.763482E-04,4.502859E-04,7.039202E-04,4.489975E-04,7.016009E-04,4.495178E-04,7.022280E-04,4.467148E-04,7.011736E-04,4.491204E-04,7.018531E-04,4.592918E-04,7.068647E-04,3.712091E-04,6.091857E-04,3.011824E-03,2.507204E-03,2.427950E-03,2.603370E-03
14:15:00,3.764080E-04,4.675786E-04,1.721344E-04,1.968077E-04,1.718736E-04,1.965996E-04,1.719882E-04,1.966747E-04,1.713804E-04,1.965469E-04,1.719037E-04,1.966434E-04,1.727560E-04,1.969062E-04,1.392597E-04,2.580404E-04,1.419355E-04,2.593681E-04,1.419518E-04,2.608710E-04,8.596149E-04,1.329770E-04,2.469958E-04,5.720653E-04,1.087988E-03,9.039953E-05,1.754283E-04,4.502859E-04,7.039202E-04,4.489975E-04,7.016009E-04,4.495178E-04,7.022280E-04,4.467148E-04,7.011736E-04,4.491204E-04,7.018531E-04,4.592918E-04,7.068647E-04,3.711858E-04,6.091097E-04,3.004399E-03,2.506489E-03,2.427245E-03,2.602606E-03
14:30:00,3.764080E-04,4.675786E-04,1.721344E-04,1.967703E-04,1.718736E-04,1.965615E-04,1.719882E-04,1.966363E-04,1.713804E-04,1.965094E-04,1.719037E-04,1.966053E-04,1.727560E-04,1.968677E-04,1.392597E-04,2.568619E-04,1.419355E-04,2.581668E-04,1.419518E-04,2.596557E-04,8.596149E-04,1.326395E-04,2.458416E-04,5.677295E-04,1.081380E-03,9.039953E-05,1.745393E-04,4.502859E-04,7.039202E-04,4.489975E-04,7.016009E-04,4.495178E-04,7.022280E-04,4.467148E-04,7.011736E-04,4.491204E-04,7.018531E-04,4.592918E-04,7.068647E-04,3.711626E-04,6.090357E-04,2.997202E-03,2.505799E-03,2.426565E-03,2.601869E-03
14:45:00,3.764080E-04,4.675786E-04,1.721344E-04,1.967339E-04,1.718736E-04,1.965245E-04,1.719882E-04,1.965990E-04,1.713804E-04,1.964730E-04,1.719037E-04,1.965683E-04,1.727560E-04,1.968303E-04,1.392597E-04,2.557270E-04,1.419355E-04,2.570095E-04,1.419518E-04,2.584849E-04,8.596149E-04,1.323084E-04,2.447311E-04,5.635080E-04,1.075002E-03,9.039953E-05,1.736814E-04,4.502859E-04,7.039202E-04,4.489975E-04,7.016009E-04,4.495178E-04,7.022280E-04,4.467148E-04,7.011736E-04,4.491204E-04,7.018531E-04,4.592918E-04,7.068647E-04,3.711397E-04,6.089637E-04,2.990235E-03,2.505135E-03,2.425909E-03,2.601158E-03
15:00:00,3.764080E-04,4.675786E-04,1.721344E-04,1.966986E-04,1.718736E-04,1.964886E-04,1.719882E-04,1.965628E-04,1.713804E-04,1.964376E-04,1.719037E-04,1.965324E-04,1.727560E-04,1.967940E-04,1.392597E-04,2.546342E-04,1.419355E-04,2.558950E-04,1.419518E-04,2.573572E-04,8.596149E-04,1.319838E-04,2.436627E-04,5.593983E-04,1.068848E-03,9.039953E-05,1.728538E-04,4.502859E-04,7.039202E-04,4.489975E-04,7.016009E-04,4.495178E-04,7.022280E-04,4.467148E-04,7.011736E-04,4.491204E-04,7.018531E-04,4.592918E-04,7.068647E-04,3.711169E-04,6.088937E-04,2.983491E-03,2.504495E-03,2.425277E-03,2.600473E-03
15:15:00,3.764080E-04,4.675786E-04,1.721344E-04,1.966643E-04,1.718736E-04,1.964538E-04,1.719882E-04,1.965276E-04,1.713804E-04,1.964033E-04,1.719037E-04,1.964975E-04,1.727560E-04,1.967588E-04,1.392597E-04,2.535821E-04,1.419355E-04,2.548216E-04,1.419518E-04,2.562713E-04,8.596149E-04,1.316656E-04,2.426351E-04,5.553975E-04,1.062910E-03,9.039953E-05,1.720554E-04,4.502859E-04,7.039202E-04,4.489975E-04,7.016009E-04,4.495178E-04,7.022280E-04,4.467148E-04,7.011736E-04,4.491204E-04,7.018531E-04,4.592918E-04,7.068647E-04,3.710944E-04,6.088257E-04,2.976963E-03,2.503878E-03,2.424669E-03,2.599813E-03
15:30:00,3.764080E-04,4.675786E-04,1.721344E-04,1.966311E-04,1.718736E-04,1.964199E-04,1.719882E-04,1.964935E-04,1.713804E-04,1.963700E-04,1.719037E-04,1.964637E-04,1.727560E-04,1.967246E-04,1.392597E-04,2.525691E-04,1.419355E-04,2.537879E-04,1.419518E-04,2.552254E-04,8.596149E-04,1.313538E-04,2.416466E-04,5.515029E-04,1.057179E-03,9.039953E-05,1.712852E-04,4.502859E-04,7.039202E-04,4.489975E-04,7.016009E-04,4.495178E-04,7.022280E-04,4.467148E-04,7.011736E-04,4.491204E-04,7.018531E-04,4.592918E-04,7.068647E-04,3.710721E-04,6.087597E-04,2.970644E-03,2.503285E-03,2.424082E-03,2.599177E-03
15:45:00,3.764080E-04,4.675786E-04,1.721344E-04,1.965989E-04,1.718736E-04,1.963871E-04,1.719882E-04,1.964604E-04,1.713804E-04,1.963378E-04,1.719037E-04,1.964309E-04,1.727560E-04,1.966914E-04,1.392597E-04,2.515939E-04,1.419355E-04,2.527923E-04,1.419518E-04,2.542181E-04,8.596149E-04,1.310483E-04,2.406955E-04,5.477114E-04,1.051648E-03,9.039953E-05,1.705422E-04,4.502859E-04,7.039202E-04,4.489975E-04,7.016009E-04,4.495178E-04,7.022280E-04,4.467148E-04,7.011736E-04,4.491204E-04,7.018531E-04,4.592918E-04,7.068647E-04,3.710500E-04,6.086955E-04,2.964527E-03,2.502713E-03,2.423517E-03,2.598564E-03
16:00:00,3.764080E-04,4.675786E-04,1.721344E-04,1.965676E-04,1.718736E-04,1.963553E-04,1.719882E-04,1.964283E-04,1.713804E-04,1.963065E-04,1.719037E-04,1.963991E-04,1.727560E-04,1.966593E-04,1.392597E-04,2.506547E-04,1.419355E-04,2.518334E-04,1.419518E-04,2.532479E-04,8.596149E-04,1.307491E-04,2.397804E-04,5.440205E-04,1.046310E-03,9.039953E-05,1.698254E-04,4.502859E-04,7.039202E-04,4.489975E-04,7.016009E-04,4.495178E-04,7.022280E-04,4.467148E-04,7.011736E-04,4.491204E-04,7.018531E-04,4.592918E-04,7.068647E-04,3.710282E-04,6.086332E-04,2.958604E-03,2.502161E-03,2.422972E-03,2.597973E-03
16:15:00,3.764080E-04,4.675786E-04,1.721344E-04,1.965373E-04,1.718736E-04,1.963244E-04,1.719882E-04,1.963971E-04,1.713804E-04,1.962762E-04,1.719037E-04,1.963682E-04,1.727560E-04,1.966281E-04,1.392597E-04,2.497503E-04,1.419355E-04,2.509097E-04,1.419518E-04,2.523132E-04,8.596149E-04,1.304561E-04,2.388998E-04,5.404272E-04,1.041156E-03,9.039953E-05,1.691336E-04,4.502859E-04,7.039202E-04,4.489975E-04,7.016009E-04,4.495178E-04,7.022280E-04,4.467148E-04,7.011736E-04,4.491204E-04,7.018531E-04,4.592918E-04,7.068647E-04,3.710066E-04,6.085728E-04,2.952870E-03,2.501631E-03,2.422447E-03,2.597404E-03
16:30:00,3.764080E-04,4.675786E-04,1.721344E-04,1.965079E-04,1.718736E-04,1.962945E-04,1.719882E-04,1.963669E-04,1.713804E-04,1.962467E-04,1.719037E-04,1.963383E-04,1.727560E-04,1.965978E-04,1.392597E-04,2.488791E-04,1.419355E-04,2.500197E-04,1.419518E-04,2.514127E-04,8.596149E-04,1.301692E-04,2.380522E-04,5.369289E-04,1.036180E-03,9.039953E-05,1.684661E-04,4.502859E-04,7.039202E-04,4.489975E-04,7.016009E-04,4.495178E-04,7.022280E-04,4.467148E-04,7.011736E-04,4.491204E-04,7.018531E-04,4.592918E-04,7.068647E-04,3.709853E-04,6.085140E-04,2.947316E-03,2.501119E-03,2.421942E-03,2.596856E-03
16:45:00,3.764080E-04,4.675786E-04,1.721344E-04,1.964794E-04,1.718736E-04,1.962655E-04,1.719882E-04,1.963376E-04,1.713804E-04,1.962182E-04,1.719037E-04,1.963092E-04,1.727560E-04,1.965684E-04,1.392597E-04,2.480399E-04,1.419355E-04,2.491622E-04,1.419518E-04,2.505449E-04,8.596149E-04,1.298882E-04,2.372362E-04,5.335230E-04,1.031374E-03,9.039953E-05,1.678217E-04,4.502859E-04,7.039202E-04,4.489975E-04,7.016009E-04,4.495178E-04,7.022280E-04,4.467148E-04,7.011736E-04,4.491204E-04,7.018531E-04,4.592918E-04,7.068647E-04,3.709643E-04,6.084570E-04,2.941937E-03,2.500626E-03,2.421454E-03,2.596327E-03
17:00:00,3.764080E-04,4.675786E-04,1.721344E-04,1.964518E-04,1.718736E-04,1.962373E-04,1.719882E-04,1.963092E-04,1.713804E-04,1.961906E-04,1.719037E-04,1.962811E-04,1.727560E-04,1.965399E-04,1.392597E-04,2.472313E-04,1.419355E-04,2.483357E-04,1.419518E-04,2.497086E-04,8.596149E-04,1.296132E-04,2.364507E-04,5.302069E-04,1.026733E-03,9.039953E-05,1.671997E-04,4.502859E-04,7.039202E-04,4.489975E-04,7.016009E-04,4.495178E-04,7.022280E-04,4.467148E-04,7.011736E-04,4.491204E-04,7.018531E-04,4.592918E-04,7.068647E-04,3.709435E-04,6.084016E-04,2.936727E-03,2.500151E-03,2.420984E-03,2.595817E-03
17:15:00,3.764080E-04,4.675786E-04,1.721344E-04,1.964250E-04,1.718736E-04,1.962100E-04,1.719882E-04,1.962816E-04,1.713804E-04,1.961637E-04,1.719037E-04,1.962538E-04,1.727560E-04,1.965123E-04,1.392597E-04,2.464522E-04,1.419355E-04,2.475392E-04,1.419518E-04,2.489025E-04,8.596149E-04,1.293441E-04,2.356942E-04,5.269783E-04,1.022249E-03,9.039953E-05,1.665992E-04,4.502859E-04,7.039202E-04,4.489975E-04,7.016009E-04,4.495178E-04,7.022280E-04,4.467148E-04,7.011736E-04,4.491204E-04,7.018531E-04,4.592918E-04,7.068647E-04,3.709230E-04,6.083478E-04,2.931679E-03,2.499693E-03,2.420530E-03,2.595325E-03
17:30:00,3.764080E-04,4.675786E-04,1.721344E-04,1.963991E-04,1.718736E-04,1.961835E-04,1.719882E-04,1.962549E-04,1.713804E-04,1.961377E-04,1.719037E-04,1.962273E-04,1.727560E-04,1.964855E-04,1.392597E-04,2.457013E-04,1.419355E-04,2.467713E-04,1.419518E-04,2.481254E-04,8.596149E-04,1.290806E-04,2.349656E-04,5.238346E-04,1.017917E-03,9.039953E-05,1.660193E-04,4.502859E-04,7.039202E-04,4.489975E-04,7.016009E-04,4.495178E-04,7.022280E-04,4.467148E-04,7.011736E-04,4.491204E-04,7.018531E-04,4.592918E-04,7.068647E-04,3.709028E-04,6.082956E-04,2.926788E-03,2.499251E-03,2.420093E-03,2.594851E-03
17:45:00,3.764080E-04,4.675786E-04,1.721344E-04,1.963739E-04,1.718736E-04,1.961578E-04,1.719882E-04,1.962289E-04,1.713804E-04,1.961125E-04,1.719037E-04,1.962016E-04,1.727560E-04,1.964595E-04,1.392597E-04,2.449775E-04,1.419355E-04,2.460309E-04,1.419518E-04,2.473762E-04,8.596149E-04,1.288229E-04,2.342638E-04,5.207736E-04,1.013731E-03,9.039953E-05,1.654592E-04,4.502859E-04,7.039202E-04,4.489975E-04,7.016009E-04,4.495178E-04,7.022280E-04,4.467148E-04,7.011736E-04,4.491204E-04,7.018531E-04,4.592918E-04,7.068647E-04,3.708828E-04,6.082449E-04,2.922049E-03,2.498825E-03,2.419672E-03,2.594394E-03
18:00:00,3.764080E-04,4.675786E-04,1.721344E-04,1.963495E-04,1.718736E-04,1.961329E-04,1.719882E-04,1.962037E-04,1.713804E-04,1.960881E-04,1.719037E-04,1.961766E-04,1.727560E-04,1.964343E-04,1.392597E-04,2.442798E-04,1.419355E-04,2.453170E-04,1.419518E-04,2.466537E-04,8.596149E-04,1.285706E-04,2.335878E-04,5.177930E-04,1.009686E-03,9.039953E-05,1.649182E-04,4.502859E-04,7.039202E-04,4.489975E-04,7.016009E-04,4.495178E-04,7.022280E-04,4.467148E-04,7.011736E-04,4.491204E-04,7.018531E-04,4.592918E-04,7.068647E-04,3.708631E-04,6.081956E-04,2.917456E-03,2.498414E-03,2.419265E-03,2.593953E-03
18:15:00,3.764080E-04,4.675786E-04,1.721344E-04,1.963258E-04,1.718736E-04,1.961087E-04,1.719882E-04,1.961793E-04,1.713804E-04,1.960643E-04,1.719037E-04,1.961524E-04,1.727560E-04,1.964098E-04,1.392597E-04,2.436072E-04,1.419355E-04,2.446286E-04,1.419518E-04,2.459569E-04,8.596149E-04,1.283239E-04,2.329364E-04,5.148906E-04,1.005776E-03,9.039953E-05,1.643956E-04,4.502859E-04,7.039202E-04,4.489975E-04,7.016009E-04,4.495178E-04,7.022280E-04,4.467148E-04,7.011736E-04,4.491204E-04,7.018531E-04,4.592918E-04,7.068647E-04,3.708436E-04,6.081478E-04,2.913005E-03,2.498018E-03,2.418872E-03,2.593527E-03
18:30:00,3.764080E-04,4.675786E-04,1.721344E-04,1.963028E-04,1.718736E-04,1.960852E-04,1.719882E-04,1.961556E-04,1.713804E-04,1.960413E-04,1.719037E-04,1.961290E-04,1.727560E-04,1.963861E-04,1.392597E-04,2.429585E-04,1.419355E-04,2.439645E-04,1.419518E-04,2.452849E-04,8.596149E-04,1.280825E-04,2.323087E-04,5.120643E-04,1.001996E-03,9.039953E-05,1.638907E-04,4.502859E-04,7.039202E-04,4.489975E-04,7.016009E-04,4.495178E-04,7.022280E-04,4.467148E-04,7.011736E-04,4.491204E-04,7.018531E-04,4.592918E-04,7.068647E-04,3.708244E-04,6.081013E-04,2.908690E-03,2.497636E-03,2.418494E-03,2.593116E-03
18:45:00,3.764080E-04,4.675786E-04,1.721344E-04,1.962805E-04,1.718736E-04,1.960624E-04,1.719882E-04,1.961326E-04,1.713804E-04,1.960190E-04,1.719037E-04,1.961062E-04,1.727560E-04,1.963630E-04,1.392597E-04,2.423330E-04,1.419355E-04,2.433240E-04,1.419518E-04,2.446366E-04,8.596149E-04,1.278464E-04,2.317037E-04,5.093120E-04,9.983419E-04,9.039953E-05,1.634028E-04,4.502859E-04,7.039202E-04,4.489975E-04,7.016009E-04,4.495178E-04,7.022280E-04,4.467148E-04,7.011736E-04,4.491204E-04,7.018531E-04,4.592918E-04,7.068647E-04,3.708055E-04,6.080562E-04,2.904508E-03,2.497267E-03,2.418128E-03,2.592720E-03
19:00:00,3.764080E-04,4.675786E-04,1.721344E-04,1.962589E-04,1.718736E-04,1.960403E-04,1.719882E-04,1.961103E-04,1.713804E-04,1.959973E-04,1.719037E-04,1.960841E-04,1.727560E-04,1.963407E-04,1.392597E-04,2.417297E-04,1.419355E-04,2.427060E-04,1.419518E-04,2.440111E-04,8.596149E-04,1.276154E-04,2.311206E-04,5.084148E-04,9.948083E-04,9.039953E-05,1.629313E-04,4.502859E-04,7.039202E-04,4.489975E-04,7.016009E-04,4.495178E-04,7.022280E-04,4.467148E-04,7.011736E-04,4.491204E-04,7.018531E-04,4.592918E-04,7.068647E-04,3.707869E-04,6.080123E-04,2.901409E-03,2.496911E-03,2.417776E-03,2.592338E-03
19:15:00,3.764080E-04,4.675786E-04,1.721344E-04,1.962379E-04,1.718736E-04,1.960189E-04,1.719882E-04,1.960887E-04,1.713804E-04,1.959763E-04,1.719037E-04,1.960626E-04,1.727560E-04,1.963190E-04,1.392597E-04,2.411477E-04,1.419355E-04,2.421098E-04,1.419518E-04,2.434076E-04,8.596149E-04,1.273896E-04,2.305584E-04,5.084148E-04,9.913911E-04,9.039953E-05,1.624756E-04,4.502859E-04,7.039202E-04,4.489975E-04,7.016009E-04,4.495178E-04,7.022280E-04,4.467148E-04,7.011736E-04,4.491204E-04,7.018531E-04,4.592918E-04,7.068647E-04,3.707685E-04,6.079697E-04,2.898878E-03,2.496568E-03,2.417435E-03,2.591968E-03
19:30:00,3.764080E-04,4.675786E-04,1.721344E-04,1.962176E-04,1.718736E-04,1.959981E-04,1.719882E-04,1.960677E-04,1.713804E-04,1.959559E-04,1.719037E-04,1.960418E-04,1.727560E-04,1.962979E-04,1.392597E-04,2.405863E-04,1.419355E-04,2.415344E-04,1.419518E-04,2.428252E-04,8.596149E-04,1.271687E-04,2.300165E-04,5.084148E-04,9.880861E-04,9.039953E-05,1.620351E-04,4.502859E-04,7.039202E-04,4.489975E-04,7.016009E-04,4.495178E-04,7.022280E-04,4.467148E-04,7.011736E-04,4.491204E-04,7.018531E-04,4.592918E-04,7.068647E-04,3.707504E-04,6.079283E-04,2.896430E-03,2.496237E-03,2.417107E-03,2.591612E-03
19:45:00,3.764080E-04,4.675786E-04,1.721344E-04,1.961979E-04,1.718736E-04,1.959779E-04,1.719882E-04,1.960473E-04,1.713804E-04,1.959362E-04,1.719037E-04,1.960216E-04,1.727560E-04,1.962775E-04,1.392597E-04,2.400446E-04,1.419355E-04,2.409792E-04,1.419518E-04,2.422632E-04,8.596149E-04,1.269528E-04,2.294939E-04,5.084148E-04,9.848892E-04,9.039953E-05,1.616092E-04,4.502859E-04,7.039202E-04,4.489975E-04,7.016009E-04,4.495178E-04,7.022280E-04,4.467148E-04,7.011736E-04,4.491204E-04,7.018531E-04,4.592918E-04,7.068647E-04,3.707325E-04,6.078881E-04,2.894061E-03,2.495917E-03,2.416789E-03,2.591268E-03
20:00:00,3.764080E-04,4.675786E-04,1.721344E-04,1.961787E-04,1.718736E-04,1.959583E-04,1.719882E-04,1.960275E-04,1.713804E-04,1.959170E-04,1.719037E-04,1.960020E-04,1.727560E-04,1.962577E-04,1.392597E-04,2.395219E-04,1.419355E-04,2.404432E-04,1.419518E-04,2.417207E-04,8.596149E-04,1.267417E-04,2.289900E-04,5.084148E-04,9.817966E-04,9.039953E-05,1.611974E-04,4.502859E-04,7.039202E-04,4.489975E-04,7.016009E-04,4.495178E-04,7.022280E-04,4.467148E-04,7.011736E-04,4.491204E-04,7.018531E-04,4.592918E-04,7.068647E-04,3.707149E-04,6.078490E-04,2.891768E-03,2.495608E-03,2.416483E-03,2.590935E-03
20:15:00,3.764080E-04,4.675786E-04,1.721344E-04,1.961601E-04,1.718736E-04,1.959392E-04,1.719882E-04,1.960083E-04,1.713804E-04,1.958984E-04,1.719037E-04,1.959830E-04,1.727560E-04,1.962384E-04,1.392597E-04,2.390175E-04,1.419355E-04,2.399259E-04,1.419518E-04,2.411971E-04,8.596149E-04,1.265353E-04,2.285040E-04,5.084148E-04,9.788044E-04,9.039953E-05,1.607992E-04,4.502859E-04,7.039202E-04,4.489975E-04,7.016009E-04,4.495178E-04,7.022280E-04,4.467148E-04,7.011736E-04,4.491204E-04,7.018531E-04,4.592918E-04,7.068647E-04,3.706976E-04,6.078111E-04,2.889550E-03,2.495310E-03,2.416187E-03,2.590615E-03
20:30:00,3.764080E-04,4.675786E-04,1.721344E-04,1.961421E-04,1.718736E-04,1.959208E-04,1.719882E-04,1.959896E-04,1.713804E-04,1.958803E-04,1.719037E-04,1.959645E-04,1.727560E-04,1.962197E-04,1.392597E-04,2.385307E-04,1.419355E-04,2.394265E-04,1.419518E-04,2.406915E-04,8.596149E-04,1.263335E-04,2.280352E-04,5.084148E-04,9.759092E-04,9.039953E-05,1.604142E-04,4.502859E-04,7.039202E-04,4.489975E-04,7.016009E-04,4.495178E-04,7.022280E-04,4.467148E-04,7.011736E-04,4.491204E-04,7.018531E-04,4.592918E-04,7.068647E-04,3.706806E-04,6.077742E-04,2.887403E-03,2.495023E-03,2.415902E-03,2.590305E-03
20:45:00,3.764080E-04,4.675786E-04,1.721344E-04,1.961246E-04,1.718736E-04,1.959029E-04,1.719882E-04,1.959715E-04,1.713804E-04,1.958628E-04,1.719037E-04,1.959466E-04,1.727560E-04,1.962016E-04,1.392597E-04,2.380608E-04,1.419355E-04,2.389444E-04,1.419518E-04,2.402035E-04,8.596149E-04,1.261363E-04,2.275830E-04,5.084148E-04,9.731076E-04,9.039953E-05,1.600417E-04,4.502859E-04,7.039202E-04,4.489975E-04,7.016009E-04,4.495178E-04,7.022280E-04,4.467148E-04,7.011736E-04,4.491204E-04,7.018531E-04,4.592918E-04,7.068647E-04,3.706638E-04,6.077383E-04,2.885326E-03,2.494745E-03,2.415626E-03,2.590005E-03
21:00:00,3.764080E-04,4.675786E-04,1.721344E-04,1.961077E-04,1.718736E-04,1.958855E-04,1.719882E-04,1.959540E-04,1.713804E-04,1.958458E-04,1.719037E-04,1.959292E-04,1.727560E-04,1.961840E-04,1.392597E-04,2.376072E-04,1.419355E-04,2.384788E-04,1.419518E-04,2.397322E-04,8.596149E-04,1.259435E-04,2.271468E-04,5.084148E-04,9.703962E-04,9.039953E-05,1.596815E-04,4.502859E-04,7.039202E-04,4.489975E-04,7.016009E-04,4.495178E-04,7.022280E-04,4.467148E-04,7.011736E-04,4.491204E-04,7.018531E-04,4.592918E-04,7.068647E-04,3.706472E-04,6.077035E-04,2.883314E-03,2.494477E-03,2.415359E-03,2.589716E-03
21:15:00,3.764080E-04,4.675786E-04,1.721344E-04,2.004741E-04,1.718736E-04,2.002515E-04,1.719882E-04,2.003198E-04,1.713804E-04,2.002122E-04,1.719037E-04,2.002952E-04,1.727560E-04,2.005498E-04,1.392597E-04,1.978161E-04,1.419355E-04,1.985374E-04,1.419518E-04,1.995795E-04,8.596149E-04,1.290388E-04,1.891063E-04,5.084148E-04,8.075284E-04,9.039953E-05,1.329171E-04,4.502859E-04,7.039202E-04,4.489975E-04,7.016009E-04,4.495178E-04,7.022280E-04,4.467148E-04,7.011736E-04,4.491204E-04,7.018531E-04,4.592918E-04,7.068647E-04,3.820159E-04,6.190667E-04,2.775406E-03,2.477469E-03,2.398815E-03,2.571864E-03
21:30:00,3.764080E-04,4.675786E-04,1.721344E-04,2.048682E-04,1.718736E-04,2.046452E-04,1.719882E-04,2.047136E-04,1.713804E-04,2.046062E-04,1.719037E-04,2.046890E-04,1.727560E-04,2.049436E-04,1.392597E-04,1.581045E-04,1.419355E-04,1.586776E-04,1.419518E-04,1.595094E-04,8.596149E-04,1.321546E-04,1.511424E-04,5.084148E-04,6.451346E-04,9.039953E-05,1.062157E-04,4.502859E-04,7.039202E-04,4.489975E-04,7.016009E-04,4.495178E-04,7.022280E-04,4.467148E-04,7.011736E-04,4.491204E-04,7.018531E-04,4.592918E-04,7.068647E-04,3.933524E-04,6.304645E-04,2.667839E-03,2.460536E-03,2.382343E-03,2.554092E-03
21:45:00,3.764080E-04,4.675786E-04,1.721344E-04,2.093235E-04,1.718736E-04,2.091003E-04,1.719882E-04,2.091693E-04,1.713804E-04,2.090613E-04,1.719037E-04,2.091441E-04,1.727560E-04,2.093994E-04,1.392597E-04,1.428445E-04,1.419355E-04,1.428533E-04,1.419518E-04,1.428616E-04,8.596149E-04,1.353286E-04,1.132524E-04,5.084148E-04,5.098786E-04,9.039953E-05,7.957527E-05,4.502859E-04,7.039202E-04,4.489975E-04,7.016009E-04,4.495178E-04,7.022280E-04,4.467148E-04,7.011736E-04,4.491204E-04,7.018531E-04,4.592918E-04,7.068647E-04,4.046407E-04,6.419701E-04,2.574933E-03,2.457112E-03,2.378728E-03,2.549749E-03
22:00:00,3.764080E-04,4.675786E-04,1.721344E-04,2.138809E-04,1.718736E-04,2.136578E-04,1.719882E-04,2.137280E-04,1.713804E-04,2.136185E-04,1.719037E-04,2.137016E-04,1.727560E-04,2.139584E-04,1.392597E-04,1.428445E-04,1.419355E-04,1.428533E-04,1.419518E-04,1.428616E-04,8.596149E-04,1.386061E-04,9.374211E-05,5.084148E-04,5.098786E-04,9.039953E-05,7.619940E-05,4.502859E-04,7.039202E-04,4.489975E-04,7.016009E-04,4.495178E-04,7.022280E-04,4.467148E-04,7.011736E-04,4.491204E-04,7.018531E-04,4.592918E-04,7.068647E-04,4.159466E-04,6.536936E-04,2.576956E-03,2.462190E-03,2.383644E-03,2.555019E-03
22:15:00,3.764080E-04,4.675786E-04,1.721344E-04,2.185174E-04,1.718736E-04,2.182945E-04,1.719882E-04,2.183668E-04,1.713804E-04,2.182548E-04,1.719037E-04,2.183383E-04,1.727560E-04,2.185977E-04,1.392597E-04,1.428445E-04,1.419355E-04,1.428533E-04,1.419518E-04,1.428616E-04,8.596149E-04,1.419844E-04,9.374211E-05,5.084148E-04,5.098786E-04,9.039953E-05,7.619940E-05,4.502859E-04,7.039202E-04,4.489975E-04,7.016009E-04,4.495178E-04,7.022280E-04,4.467148E-04,7.011736E-04,4.491204E-04,7.018531E-04,4.592918E-04,7.068647E-04,4.272141E-04,6.655741E-04,2.591375E-03,2.467355E-03,2.388646E-03,2.560382E-03
22:30:00,3.764080E-04,4.675786E-04,1.721344E-04,2.232368E-04,1.718736E-04,2.230141E-04,1.719882E-04,2.230892E-04,1.713804E-04,2.229737E-04,1.719037E-04,2.230580E-04,1.727560E-04,2.233209E-04,1.392597E-04,1.428445E-04,1.419355E-04,1.428533E-04,1.419518E-04,1.428616E-04,8.596149E-04,1.454844E-04,9.374211E-05,5.084148E-04,5.098786E-04,9.039953E-05,7.619940E-05,4.502859E-04,7.039202E-04,4.489975E-04,7.016009E-04,4.495178E-04,7.022280E-04,4.467148E-04,7.011736E-04,4.491204E-04,7.018531E-04,4.592918E-04,7.068647E-04,4.384925E-04,6.776392E-04,2.605965E-03,2.472613E-03,2.393737E-03,2.565843E-03
22:45:00,3.764080E-04,4.675786E-04,1.721344E-04,2.236485E-04,1.718736E-04,2.234262E-04,1.719882E-04,2.235048E-04,1.713804E-04,2.233849E-04,1.719037E-04,2.234700E-04,1.727560E-04,2.237374E-04,1.392597E-04,1.428445E-04,1.419355E-04,1.428533E-04,1.419518E-04,1.428616E-04,8.596149E-04,1.458275E-04,9.374211E-05,5.084148E-04,5.098786E-04,9.039953E-05,7.619940E-05,4.502859E-04,7.039202E-04,4.489975E-04,7.016009E-04,4.495178E-04,7.022280E-04,4.467148E-04,7.011736E-04,4.491204E-04,7.018531E-04,4.592918E-04,7.068647E-04,4.383984E-04,6.784750E-04,2.606555E-03,2.473071E-03,2.394181E-03,2.566324E-03
23:00:00,3.764080E-04,4.675786E-04,1.721344E-04,2.240982E-04,1.718736E-04,2.238762E-04,1.719882E-04,2.239587E-04,1.713804E-04,2.238341E-04,1.719037E-04,2.239200E-04,1.727560E-04,2.241923E-04,1.392597E-04,1.428445E-04,1.419355E-04,1.428533E-04,1.419518E-04,1.428616E-04,8.596149E-04,1.462850E-04,9.374211E-05,5.084148E-04,5.098786E-04,9.039953E-05,7.619940E-05,4.502859E-04,7.039202E-04,4.489975E-04,7.016009E-04,4.495178E-04,7.022280E-04,4.467148E-04,7.011736E-04,4.491204E-04,7.018531E-04,4.592918E-04,7.068647E-04,4.383478E-04,6.794194E-04,2.607290E-03,2.473572E-03,2.394666E-03,2.566849E-03
23:15:00,3.764080E-04,4.675786E-04,1.721344E-04,2.245439E-04,1.718736E-04,2.243220E-04,1.719882E-04,2.244085E-04,1.713804E-04,2.242792E-04,1.719037E-04,2.243659E-04,1.727560E-04,2.246430E-04,1.392597E-04,1.428445E-04,1.419355E-04,1.428533E-04,1.419518E-04,1.428616E-04,8.596149E-04,1.468222E-04,9.374211E-05,5.084148E-04,5.098786E-04,9.039953E-05,7.619940E-05,4.502859E-04,7.039202E-04,4.489975E-04,7.016009E-04,4.495178E-04,7.022280E-04,4.467148E-04,7.011736E-04,4.491204E-04,7.018531E-04,4.592918E-04,7.068647E-04,4.383564E-04,6.803732E-04,2.608105E-03,2.474069E-03,2.395147E-03,2.567369E-03
23:30:00,3.764080E-04,4.675786E-04,1.721344E-04,2.249374E-04,1.718736E-04,2.247156E-04,1.719882E-04,2.248058E-04,1.713804E-04,2.246722E-04,1.719037E-04,2.247595E-04,1.727560E-04,2.250410E-04,1.392597E-04,1.428445E-04,1.419355E-04,1.428533E-04,1.419518E-04,1.428616E-04,8.596149E-04,1.473958E-04,9.374211E-05,5.084148E-04,5.098786E-04,9.039953E-05,7.619940E-05,4.502859E-04,7.039202E-04,4.489975E-04,7.016009E-04,4.495178E-04,7.022280E-04,4.467148E-04,7.011736E-04,4.491204E-04,7.018531E-04,4.592918E-04,7.068647E-04,4.383581E-04,6.812035E-04,2.608869E-03,2.474507E-03,2.395572E-03,2.567829E-03
23:45:00,3.764080E-04,4.675786E-04,1.721344E-04,2.252964E-04,1.718736E-04,2.250746E-04,1.719882E-04,2.251680E-04,1.713804E-04,2.250307E-04,1.719037E-04,2.251185E-04,1.727560E-04,2.254038E-04,1.392597E-04,1.428445E-04,1.419355E-04,1.428533E-04,1.419518E-04,1.428616E-04,8.596149E-04,1.480091E-04,9.374211E-05,5.084148E-04,5.098786E-04,9.039953E-05,7.619940E-05,4.502859E-04,7.039202E-04,4.489975E-04,7.016009E-04,4.495178E-04,7.022280E-04,4.467148E-04,7.011736E-04,4.491204E-04,7.018531E-04,4.592918E-04,7.068647E-04,4.384088E-04,6.819551E-04,2.609638E-03,2.474906E-03,2.395959E-03,2.568248E-03
24:00:00,3.764080E-04,4.675786E-04,1.721344E-04,2.256126E-04,1.718736E-04,2.253911E-04,1.719882E-04,2.254872E-04,1.713804E-04,2.253466E-04,1.719037E-04,2.254350E-04,1.727560E-04,2.257234E-04,1.392597E-04,1.428445E-04,1.419355E-04,1.428533E-04,1.419518E-04,1.428616E-04,8.596149E-04,1.486415E-04,9.374211E-05,5.084148E-04,5.098786E-04,9.039953E-05,7.619940E-05,4.502859E-04,7.039202E-04,4.489975E-04,7.016009E-04,4.495178E-04,7.022280E-04,4.467148E-04,7.011736E-04,4.491204E-04,7.018531E-04,4.592918E-04,7.068647E-04,4.384591E-04,6.825886E-04,2.610353E-03,2.475258E-03,2.396301E-03,2.568618E-03

Time
00:15:00
00:30:00
00:45:00
01:00:00
01:15:00
01:30:00
01:45:00
02:00:00
02:15:00
02:30:00
02:45:00
03:00:00
03:15:00
03:30:00
03:45:00
04:00:00
04:15:00
04:30:00
04:45:00
05:00:00
05:15:00
05:30:00
05:45:00
06:00:00
06:15:00
06:30:00
06:45:00
07:00:00
07:15:00
07:30:00
07:45:00
08:00:00
08:15:00
08:30:00
08:45:00
09:00:00
09:15:00
09:30:00
09:45:00
10:00:00
10:15:00
10:30:00
10:45:00
11:00:00
11:15:00
11:30:00
11:45:00
12:00:00
12:15:00
12:30:00
12:45:00
13:00:00
13:15:00
13:30:00
13:45:00
14:00:00
14:15:00
14:30:00
14:45:00
15:00:00
15:15:00
15:30:00
15:45:00
16:00:00
16:15:00
16:30:00
16:45:00
17:00:00
17:15:00
17:30:00
17:45:00
18:00:00
18:15:00
18:30:00
18:45:00
19:00:00
19:15:00
19:30:00
19:45:00
20:00:00
20:15:00
20:30:00
20:45:00
21:00:00
21:15:00
21:30:00
21:45:00
22:00:00
22:15:00
22:30:00
22:45:00
23:00:00
23:15:00
23:30:00
23:45:00
24:00:00

