2017-03-28 00:00:00 PDT,+0+0j
2017-03-28 00:00:01 PDT,-0+0j
2017-03-28 00:00:02 PDT,+311.769+150.997j
2017-03-28 00:00:03 PDT,+545.596+264.244j
2017-03-28 00:00:04 PDT,+779.423+377.492j
2017-03-28 00:00:05.000000 PDT,+779.423+377.492j
2017-03-28 00:00:05.010000 PDT,+779.423+377.492j
2017-03-28 00:00:05.020000 PDT,+123.599-859.894j
2017-03-28 00:00:05.030000 PDT,-860.361+138.506j
2017-03-28 00:00:05.040000 PDT,+385.019+784.786j
2017-03-28 00:00:05.050000 PDT,+643.552-595.574j
2017-03-28 00:00:05.060000 PDT,-754.678-451.754j
2017-03-28 00:00:05.070000 PDT,-227.306+852.479j
2017-03-28 00:00:05.080000 PDT,+884.902-10.9253j
2017-03-28 00:00:05.090000 PDT,-244.785-853.258j
2017-03-28 00:00:05.100000 PDT,-763.449+458.177j
2017-03-28 00:00:05.110000 PDT,+638.028+624.922j
2017-03-28 00:00:05.120000 PDT,+449.495-774.857j
2017-03-28 00:00:05.130000 PDT,-862.964-250.194j
2017-03-28 00:00:05.140000 PDT,-40.1472+900.313j
2017-03-28 00:00:05.150000 PDT,+888.134-168.162j
2017-03-28 00:00:05.160000 PDT,-363.82-830.419j
2017-03-28 00:00:05.170000 PDT,-733.238+537.808j
2017-03-28 00:00:05.180000 PDT,+683.297+604.077j
2017-03-28 00:00:05.190000 PDT,+451.186-795.726j
2017-03-28 00:00:05.200000 PDT,-872.709-282.994j
2017-03-28 00:00:05.210000 PDT,-107.617+913.837j
2017-03-28 00:00:05.220000 PDT,+920.385-67.5234j
2017-03-28 00:00:05.230000 PDT,-235.976-894.978j
2017-03-28 00:00:05.240000 PDT,-841.243+392.426j
2017-03-28 00:00:05.250000 PDT,+532.764+763.467j
2017-03-28 00:00:05.260000 PDT,+666.286-654.085j
2017-03-28 00:00:05.270000 PDT,-754.619-554.415j
2017-03-28 00:00:05.280000 PDT,-432.421+833.615j
2017-03-28 00:00:05.290000 PDT,+891.2+304.556j
2017-03-28 00:00:05.300000 PDT,+174.632-928.225j
2017-03-28 00:00:05.310000 PDT,-946.101-45.9394j
2017-03-28 00:00:05.320000 PDT,+78.7853+946.649j
2017-03-28 00:00:05.330000 PDT,+931.958-197.37j
2017-03-28 00:00:05.340000 PDT,-308.184-904.26j
2017-03-28 00:00:05.350000 PDT,-865.828+410.102j
2017-03-28 00:00:05.360000 PDT,+502.448+818.89j
2017-03-28 00:00:05.370000 PDT,+765.565-584.938j
2017-03-28 00:00:05.380000 PDT,-657.616-707.817j
2017-03-28 00:00:05.390000 PDT,-647.397+720.818j
2017-03-28 00:00:05.400000 PDT,+775.003+585.938j
2017-03-28 00:00:05.410000 PDT,+524.785-820.865j
2017-03-28 00:00:05.420000 PDT,-859.171-465.107j
2017-03-28 00:00:05.430000 PDT,-407.885+890.744j
2017-03-28 00:00:05.440000 PDT,+916.431+353.921j
2017-03-28 00:00:05.450000 PDT,+303.864-937.068j
2017-03-28 00:00:05.460000 PDT,-953.461-258.228j
2017-03-28 00:00:05.470000 PDT,-217.409+966.363j
2017-03-28 00:00:05.480000 PDT,+976.459+181.711j
2017-03-28 00:00:05.490000 PDT,+151.363-984.36j
2017-03-28 00:00:05.500000 PDT,-990.587-126.534j
2017-03-28 00:00:05.510000 PDT,-107.353+995.571j
2017-03-28 00:00:05.520000 PDT,+999.646+93.9139j
2017-03-28 00:00:05.530000 PDT,+86.2933-1003.05j
2017-03-28 00:00:05.540000 PDT,-1005.91-84.5519j
2017-03-28 00:00:05.550000 PDT,-88.7402+1008.27j
2017-03-28 00:00:05.560000 PDT,+1010.04+98.8997j
2017-03-28 00:00:05.570000 PDT,+115.06-1011.05j
2017-03-28 00:00:05.580000 PDT,-1011.01-137.234j
2017-03-28 00:00:05.590000 PDT,-165.41+1009.53j
2017-03-28 00:00:05.600000 PDT,+1006.1+199.537j
2017-03-28 00:00:05.610000 PDT,+239.514-1000.13j
2017-03-28 00:00:05.620000 PDT,-990.893-285.171j
2017-03-28 00:00:05.630000 PDT,-336.245+977.609j
2017-03-28 00:00:05.640000 PDT,+959.407+392.327j
2017-03-28 00:00:05.650000 PDT,+452.976-935.314j
2017-03-28 00:00:05.660000 PDT,-904.35-517.478j
2017-03-28 00:00:05.670000 PDT,-584.969+865.5j
2017-03-28 00:00:05.680000 PDT,+817.768+654.367j
2017-03-28 00:00:05.690000 PDT,+724.356-760.214j
2017-03-28 00:00:05.700000 PDT,-692.005-793.371j
2017-03-28 00:00:05.710000 PDT,-859.584+612.478j
2017-03-28 00:00:05.720000 PDT,+521.205+920.912j
2017-03-28 00:00:05.730000 PDT,+975.033-418.067j
2017-03-28 00:00:05.740000 PDT,-303.334-1019.41j
2017-03-28 00:00:05.750000 PDT,-1051.37+177.745j
2017-03-28 00:00:05.760000 PDT,+42.5852+1068.15j
2017-03-28 00:00:05.770000 PDT,+1067.01+100.242j
2017-03-28 00:00:05.780000 PDT,+248.164-1045.36j
2017-03-28 00:00:05.790000 PDT,-1000.93-397.906j
2017-03-28 00:00:05.800000 PDT,-545.489+931.915j
2017-03-28 00:00:05.810000 PDT,+837.2+686.274j
2017-03-28 00:00:05.820000 PDT,+815.049-716.545j
2017-03-28 00:00:05.830000 PDT,-570.796-926.183j
2017-03-28 00:00:05.840000 PDT,-1013.83+402.07j
2017-03-28 00:00:05.850000 PDT,+213.909+1072.23j
2017-03-28 00:00:05.860000 PDT,+1096-11.3782j
2017-03-28 00:00:05.870000 PDT,+198.92-1080.61j
2017-03-28 00:00:05.880000 PDT,-1022.76-408.925j
2017-03-28 00:00:05.890000 PDT,-609.295+920.857j
2017-03-28 00:00:05.900000 PDT,+775.434+789.877j
2017-03-28 00:00:05.910000 PDT,+940-589.576j
2017-03-28 00:00:05.920000 PDT,-369.165-1049.25j
2017-03-28 00:00:05.930000 PDT,-1108.2+123.005j
2017-03-28 00:00:05.940000 PDT,-137.259+1109.25j
2017-03-28 00:00:05.950000 PDT,+1047.54+397.485j
2017-03-28 00:00:05.960000 PDT,+641.653-921.789j
2017-03-28 00:00:05.970000 PDT,-735.023-852.785j
2017-03-28 00:00:05.980000 PDT,-1014.14+495.087j
2017-03-28 00:00:05.990000 PDT,+214.8+1110.67j
2017-03-28 00:00:06.000000 PDT,+1130.51+88.315j
2017-03-28 00:00:06.010000 PDT,+392.801-1066.63j
2017-03-28 00:00:06.020000 PDT,-918.193-674.591j
2017-03-28 00:00:06.030000 PDT,-908.844+691.613j
2017-03-28 00:00:06.040000 PDT,+401.057+1072.23j
2017-03-28 00:00:06.050000 PDT,+1145.45-68.2088j
2017-03-28 00:00:06.060000 PDT,+278.836-1115.88j
2017-03-28 00:00:06.070000 PDT,-979.787-607.608j
2017-03-28 00:00:06.080000 PDT,-884.171+744.082j
2017-03-28 00:00:06.090000 PDT,+427.013+1076.73j
2017-03-28 00:00:06.100000 PDT,+1159.58-57.625j
2017-03-28 00:00:06.110000 PDT,+326.23-1117.06j
2017-03-28 00:00:06.120000 PDT,-946.73-681.364j
2017-03-28 00:00:06.130000 PDT,-964.008+661.486j
2017-03-28 00:00:06.140000 PDT,+289.866+1135.42j
2017-03-28 00:00:06.150000 PDT,+1167.78+125.907j
2017-03-28 00:00:06.160000 PDT,+533.845-1049.25j
2017-03-28 00:00:06.170000 PDT,-787.765-878.482j
2017-03-28 00:00:06.180000 PDT,-1108.52+412.168j
2017-03-28 00:00:06.190000 PDT,-29.5607+1185j
2017-03-28 00:00:06.200000 PDT,+1088.78+475.486j
2017-03-28 00:00:06.210000 PDT,+857.901-825.818j
2017-03-28 00:00:06.220000 PDT,-429.086-1113.69j
2017-03-28 00:00:06.230000 PDT,-1195.39-43.9217j
2017-03-28 00:00:06.240000 PDT,-518.346+1081.06j
2017-03-28 00:00:06.250000 PDT,+780.912+913.26j
2017-03-28 00:00:06.260000 PDT,+1155.64-338.931j
2017-03-28 00:00:06.270000 PDT,+171.729-1194.74j
2017-03-28 00:00:06.280000 PDT,-1014.08-659.61j
2017-03-28 00:00:06.290000 PDT,-1030.91+638.142j
2017-03-28 00:00:06.300000 PDT,+131.663+1207.99j
2017-03-28 00:00:06.310000 PDT,+1146.89+409.625j
2017-03-28 00:00:06.320000 PDT,+876.027-849.9j
2017-03-28 00:00:06.330000 PDT,-369.524-1166.11j
2017-03-28 00:00:06.340000 PDT,-1209.84-198.225j
2017-03-28 00:00:06.350000 PDT,-731.36+987.295j
2017-03-28 00:00:06.360000 PDT,+538.013+1107.63j
2017-03-28 00:00:06.370000 PDT,+1233.34+42.9097j
2017-03-28 00:00:06.380000 PDT,+622.694-1068.6j
2017-03-28 00:00:06.390000 PDT,-642.024-1060.27j
2017-03-28 00:00:06.400000 PDT,-1241.22+49.4985j
2017-03-28 00:00:06.410000 PDT,-564.527+1109.56j
2017-03-28 00:00:06.420000 PDT,+687.627+1041.02j
2017-03-28 00:00:06.430000 PDT,+1247.96-76.7882j
2017-03-28 00:00:06.440000 PDT,+563.822-1119.01j
2017-03-28 00:00:06.450000 PDT,-677.632-1057.21j
2017-03-28 00:00:06.460000 PDT,-1257.88+37.7909j
2017-03-28 00:00:06.470000 PDT,-622.058+1097.06j
2017-03-28 00:00:06.480000 PDT,+609.509+1107.17j
2017-03-28 00:00:06.490000 PDT,+1264.69+68.8655j
2017-03-28 00:00:06.500000 PDT,+735.342-1034.56j
2017-03-28 00:00:06.510000 PDT,-475.884-1179.6j
2017-03-28 00:00:06.520000 PDT,-1251.3-243.046j
2017-03-28 00:00:06.530000 PDT,-892.02+914.341j
2017-03-28 00:00:06.540000 PDT,+267.685+1251.79j
2017-03-28 00:00:06.550000 PDT,+1190.19+478.565j
2017-03-28 00:00:06.560000 PDT,+1068.45-714.801j
2017-03-28 00:00:06.570000 PDT,+19.4982-1288.07j
2017-03-28 00:00:06.580000 PDT,-1046.29-756.134j
2017-03-28 00:00:06.590000 PDT,-1224.46+417.322j
2017-03-28 00:00:06.600000 PDT,-375.6+1240.73j
2017-03-28 00:00:06.610000 PDT,+784.63+1035.3j
2017-03-28 00:00:06.620000 PDT,+1301.61-18.6292j
2017-03-28 00:00:06.630000 PDT,+764.065-1057.26j
2017-03-28 00:00:06.640000 PDT,-385.091-1249.15j
2017-03-28 00:00:06.650000 PDT,-1229.17-452.645j
2017-03-28 00:00:06.660000 PDT,-1111.95+697.421j
2017-03-28 00:00:06.670000 PDT,-135.863+1308.24j
2017-03-28 00:00:06.680000 PDT,+943.406+920.36j
2017-03-28 00:00:06.690000 PDT,+1310.82-161.144j
2017-03-28 00:00:06.700000 PDT,+701.863-1121.95j
2017-03-28 00:00:06.710000 PDT,-422.88-1256.87j
2017-03-28 00:00:06.720000 PDT,-1239.58-478.729j
2017-03-28 00:00:06.730000 PDT,-1166.44+642.138j
2017-03-28 00:00:06.740000 PDT,-267.241+1307.18j
2017-03-28 00:00:06.750000 PDT,+817.947+1057.51j
2017-03-28 00:00:06.760000 PDT,+1337.35+78.0935j
2017-03-28 00:00:06.770000 PDT,+944.893-953.442j
2017-03-28 00:00:06.780000 PDT,-82.5928-1342.51j
2017-03-28 00:00:06.790000 PDT,-1053.96-840j
2017-03-28 00:00:06.800000 PDT,-1333.71+212.024j
2017-03-28 00:00:06.810000 PDT,-751.133+1125.55j
2017-03-28 00:00:06.820000 PDT,+309.506+1320.07j
2017-03-28 00:00:06.830000 PDT,+1173.83+684.001j
2017-03-28 00:00:06.840000 PDT,+1308.5-375.397j
2017-03-28 00:00:06.850000 PDT,+642.295-1203.3j
2017-03-28 00:00:06.860000 PDT,-410.294-1303.66j
2017-03-28 00:00:06.870000 PDT,-1216.82-628.181j
2017-03-28 00:00:06.880000 PDT,-1308.01+414.486j
2017-03-28 00:00:06.890000 PDT,-642.605+1215.39j
2017-03-28 00:00:06.900000 PDT,+387.686+1321.84j
2017-03-28 00:00:06.910000 PDT,+1197.97+685.499j
2017-03-28 00:00:06.920000 PDT,+1343.25-328.902j
2017-03-28 00:00:06.930000 PDT,+755.518-1161.55j
2017-03-28 00:00:06.940000 PDT,-236.808-1368j
2017-03-28 00:00:06.950000 PDT,-1101.31-849.787j
2017-03-28 00:00:06.960000 PDT,-1389.4+110.16j
2017-03-28 00:00:06.970000 PDT,-963.326+1011j
2017-03-28 00:00:06.980000 PDT,-51.3762+1398.23j
2017-03-28 00:00:06.990000 PDT,+883.573+1088.38j
2017-03-28 00:00:07.000000 PDT,+1382.85+246.122j
2017-03-28 00:00:07.010000 PDT,+1213.71-712.308j
2017-03-28 00:00:07.020000 PDT,+469.03-1329.7j
2017-03-28 00:00:07.030000 PDT,-492.325-1324.14j
2017-03-28 00:00:07.040000 PDT,-1224.33-710.208j
2017-03-28 00:00:07.050000 PDT,-1400.53+222.647j
2017-03-28 00:00:07.060000 PDT,-953.562+1053.31j
2017-03-28 00:00:07.070000 PDT,-91.3593+1420.59j
2017-03-28 00:00:07.080000 PDT,+806.963+1175.99j
2017-03-28 00:00:07.090000 PDT,+1360.98+435.449j
2017-03-28 00:00:07.100000 PDT,+1347.68-483.078j
2017-03-28 00:00:07.110000 PDT,+784.453-1200.84j
2017-03-28 00:00:07.120000 PDT,-91.0514-1434.17j
2017-03-28 00:00:07.130000 PDT,-927.054-1101.59j
2017-03-28 00:00:07.140000 PDT,-1400.81-344.177j
2017-03-28 00:00:07.150000 PDT,-1340.22+540.694j
2017-03-28 00:00:07.160000 PDT,-779.9+1219.89j
2017-03-28 00:00:07.170000 PDT,+63.4853+1449.2j
2017-03-28 00:00:07.180000 PDT,+880.093+1156.51j
2017-03-28 00:00:07.190000 PDT,+1382.33+457.276j
2017-03-28 00:00:07.200000 PDT,+1403.71-396.768j
2017-03-28 00:00:07.210000 PDT,+948.47-1111.82j
2017-03-28 00:00:07.220000 PDT,+179.809-1453.04j
2017-03-28 00:00:07.230000 PDT,-643.492-1318.15j
2017-03-28 00:00:07.240000 PDT,-1256.43-762.178j
2017-03-28 00:00:07.250000 PDT,-1471.94+29.7559j
2017-03-28 00:00:07.260000 PDT,-1233.9+808.071j
2017-03-28 00:00:07.270000 PDT,-625.757+1338.62j
2017-03-28 00:00:07.280000 PDT,+163.294+1471.33j
2017-03-28 00:00:07.290000 PDT,+900.43+1178.44j
2017-03-28 00:00:07.300000 PDT,+1378.51+554.285j
2017-03-28 00:00:07.310000 PDT,+1472.24-219.251j
2017-03-28 00:00:07.320000 PDT,+1166.89-928.447j
2017-03-28 00:00:07.330000 PDT,+554.594-1387.14j
2017-03-28 00:00:07.340000 PDT,-197.167-1483.56j
2017-03-28 00:00:07.350000 PDT,-893.825-1203.74j
2017-03-28 00:00:07.360000 PDT,-1364.4-628.052j
2017-03-28 00:00:07.370000 PDT,-1501.7+95.3405j
2017-03-28 00:00:07.380000 PDT,-1283.29+790.883j
2017-03-28 00:00:07.390000 PDT,-770.514+1298.77j
2017-03-28 00:00:07.400000 PDT,-88.1834+1510.27j
2017-03-28 00:00:07.410000 PDT,+608.16+1388.17j
2017-03-28 00:00:07.420000 PDT,+1168.49+969.386j
2017-03-28 00:00:07.430000 PDT,+1479.83+351.297j
2017-03-28 00:00:07.440000 PDT,+1486.78-333.239j
2017-03-28 00:00:07.450000 PDT,+1198.14-945.661j
2017-03-28 00:00:07.460000 PDT,+679.984-1369.56j
2017-03-28 00:00:07.470000 PDT,+38.209-1531.31j
2017-03-28 00:00:07.480000 PDT,-604.7-1410.32j
2017-03-28 00:00:07.490000 PDT,-1133.49-1038.35j
2017-03-28 00:00:07.500000 PDT,-1460.07-489.367j
2017-03-28 00:00:07.510000 PDT,-1536.51+137.01j
2017-03-28 00:00:07.520000 PDT,-1359.55+734.587j
2017-03-28 00:00:07.530000 PDT,-967.192+1208.68j
2017-03-28 00:00:07.540000 PDT,-428.856+1490.25j
2017-03-28 00:00:07.550000 PDT,+168.322+1544.29j
2017-03-28 00:00:07.560000 PDT,+734.348+1371.97j
2017-03-28 00:00:07.570000 PDT,+1189.9+1007.04j
2017-03-28 00:00:07.580000 PDT,+1476.66+507.865j
2017-03-28 00:00:07.590000 PDT,+1563.36-53.102j
2017-03-28 00:00:07.600000 PDT,+1447.34-600.482j
2017-03-28 00:00:07.610000 PDT,+1152.03-1066.15j
2017-03-28 00:00:07.620000 PDT,+721.284-1397.18j
2017-03-28 00:00:07.630000 PDT,+211.848-1560.77j
2017-03-28 00:00:07.640000 PDT,-314.784-1546.07j
2017-03-28 00:00:07.650000 PDT,-799.981-1363.08j
2017-03-28 00:00:07.660000 PDT,-1194.33-1039.28j
2017-03-28 00:00:07.670000 PDT,-1461.95-614.674j
2017-03-28 00:00:07.680000 PDT,-1582.77-136.159j
2017-03-28 00:00:07.690000 PDT,-1552.8+348.035j
2017-03-28 00:00:07.700000 PDT,-1382.61+793.292j
2017-03-28 00:00:07.710000 PDT,-1094.65+1162.45j
2017-03-28 00:00:07.720000 PDT,-719.703+1428.37j
2017-03-28 00:00:07.730000 PDT,-293.12+1575.11j
2017-03-28 00:00:07.740000 PDT,+148.816+1597.94j
2017-03-28 00:00:07.750000 PDT,+572.051+1502.33j
2017-03-28 00:00:07.760000 PDT,+947.242+1302.19j
2017-03-28 00:00:07.770000 PDT,+1251.44+1017.63j
2017-03-28 00:00:07.780000 PDT,+1468.98+672.69j
2017-03-28 00:00:07.790000 PDT,+1591.65+292.968j
2017-03-28 00:00:07.800000 PDT,+1618.22-96.3673j
2017-03-28 00:00:07.810000 PDT,+1553.61-472.258j
2017-03-28 00:00:07.820000 PDT,+1407.59-814.984j
2017-03-28 00:00:07.830000 PDT,+1193.55-1108.94j
2017-03-28 00:00:07.840000 PDT,+927.073-1343.01j
2017-03-28 00:00:07.850000 PDT,+624.674-1510.55j
2017-03-28 00:00:07.860000 PDT,+302.721-1609.1j
2017-03-28 00:00:07.870000 PDT,-23.4832-1639.87j
2017-03-28 00:00:07.880000 PDT,-340.365-1607.09j
2017-03-28 00:00:07.890000 PDT,-636.529-1517.34j
2017-03-28 00:00:07.900000 PDT,-902.966-1378.79j
2017-03-28 00:00:07.910000 PDT,-1133.15-1200.55j
2017-03-28 00:00:07.920000 PDT,-1322.91-992.07j
2017-03-28 00:00:07.930000 PDT,-1470.24-762.65j
2017-03-28 00:00:07.940000 PDT,-1575.04-521.028j
2017-03-28 00:00:07.950000 PDT,-1638.76-275.098j
2017-03-28 00:00:07.960000 PDT,-1664.09-31.7167j
2017-03-28 00:00:07.970000 PDT,-1654.64+203.402j
2017-03-28 00:00:07.980000 PDT,-1614.63+425.716j
2017-03-28 00:00:07.990000 PDT,-1548.58+631.824j
2017-03-28 00:00:08.000000 PDT,-1461.15+819.391j
2017-03-28 00:00:08.010000 PDT,-1356.9+987.042j
2017-03-28 00:00:08.020000 PDT,-1240.17+1134.24j
2017-03-28 00:00:08.030000 PDT,-1114.96+1261.14j
2017-03-28 00:00:08.040000 PDT,-984.878+1368.49j
2017-03-28 00:00:08.050000 PDT,-853.088+1457.43j
2017-03-28 00:00:08.060000 PDT,-722.309+1529.47j
2017-03-28 00:00:08.070000 PDT,-594.816+1586.31j
2017-03-28 00:00:08.080000 PDT,-472.472+1629.76j
2017-03-28 00:00:08.090000 PDT,-356.755+1661.71j
2017-03-28 00:00:08.100000 PDT,-248.806+1684j
2017-03-28 00:00:08.110000 PDT,-149.473+1698.42j
2017-03-28 00:00:08.120000 PDT,-59.3588+1706.66j
2017-03-28 00:00:08.130000 PDT,+21.1352+1710.27j
2017-03-28 00:00:08.140000 PDT,+91.7641+1710.65j
2017-03-28 00:00:08.150000 PDT,+152.394+1709.03j
2017-03-28 00:00:08.160000 PDT,+202.975+1706.49j
2017-03-28 00:00:08.170000 PDT,+243.506+1703.91j
2017-03-28 00:00:08.180000 PDT,+274.007+1702.02j
2017-03-28 00:00:08.190000 PDT,+294.501+1701.34j
2017-03-28 00:00:08.200000 PDT,+304.995+1702.24j
2017-03-28 00:00:08.210000 PDT,+305.472+1704.9j
2017-03-28 00:00:09 PDT,+305.472+1704.9j
2017-03-28 00:00:10 PDT,+305.472+1704.9j
2017-03-28 00:00:11 PDT,+305.472+1704.9j
2017-03-28 00:00:12.000000 PDT,+305.472+1704.9j
2017-03-28 00:00:12.010000 PDT,+305.472+1704.9j
2017-03-28 00:00:12.020000 PDT,+319.245+1698.4j
2017-03-28 00:00:12.030000 PDT,+347.311+1688.89j
2017-03-28 00:00:12.040000 PDT,+389.418+1675.67j
2017-03-28 00:00:12.050000 PDT,+445.197+1657.67j
2017-03-28 00:00:12.060000 PDT,+514.121+1633.51j
2017-03-28 00:00:12.070000 PDT,+595.444+1601.48j
2017-03-28 00:00:12.080000 PDT,+688.137+1559.62j
2017-03-28 00:00:12.090000 PDT,+790.804+1505.75j
2017-03-28 00:00:12.100000 PDT,+901.602+1437.52j
2017-03-28 00:00:12.110000 PDT,+1018.15+1352.58j
2017-03-28 00:00:12.120000 PDT,+1137.47+1248.62j
2017-03-28 00:00:12.130000 PDT,+1255.9+1123.57j
2017-03-28 00:00:12.140000 PDT,+1369.07+975.802j
2017-03-28 00:00:12.150000 PDT,+1471.9+804.317j
2017-03-28 00:00:12.160000 PDT,+1558.66+609.008j
2017-03-28 00:00:12.170000 PDT,+1623.09+390.924j
2017-03-28 00:00:12.180000 PDT,+1658.6+152.531j
2017-03-28 00:00:12.190000 PDT,+1658.55-102.041j
2017-03-28 00:00:12.200000 PDT,+1616.69-366.802j
2017-03-28 00:00:12.210000 PDT,+1527.61-633.791j
2017-03-28 00:00:12.220000 PDT,+1387.36-893.085j
2017-03-28 00:00:12.230000 PDT,+1194.09-1132.97j
2017-03-28 00:00:12.240000 PDT,+948.734-1340.35j
2017-03-28 00:00:12.250000 PDT,+655.653-1501.31j
2017-03-28 00:00:12.260000 PDT,+323.16-1602.05j
2017-03-28 00:00:12.270000 PDT,-36.1519-1630.01j
2017-03-28 00:00:12.280000 PDT,-405.403-1575.17j
2017-03-28 00:00:12.290000 PDT,-763.837-1431.56j
2017-03-28 00:00:12.300000 PDT,-1087.73-1198.74j
2017-03-28 00:00:12.310000 PDT,-1351.89-883.119j
2017-03-28 00:00:12.320000 PDT,-1531.66-498.909j
2017-03-28 00:00:12.330000 PDT,-1605.5-68.4702j
2017-03-28 00:00:12.340000 PDT,-1557.8+378.18j
2017-03-28 00:00:12.350000 PDT,-1381.81+804.892j
2017-03-28 00:00:12.360000 PDT,-1082.17+1172.04j
2017-03-28 00:00:12.370000 PDT,-676.725+1440.26j
2017-03-28 00:00:12.380000 PDT,-197.021+1575.14j
2017-03-28 00:00:12.390000 PDT,+312.878+1552.29j
2017-03-28 00:00:12.400000 PDT,+799.525+1362.31j
2017-03-28 00:00:12.410000 PDT,+1205.42+1014.76j
2017-03-28 00:00:12.420000 PDT,+1476.01+540.265j
2017-03-28 00:00:12.430000 PDT,+1567.83-10.1449j
2017-03-28 00:00:12.440000 PDT,+1456.8-568.954j
2017-03-28 00:00:12.450000 PDT,+1144.97-1059.63j
2017-03-28 00:00:12.460000 PDT,+664.521-1407.12j
2017-03-28 00:00:12.470000 PDT,+77.2967-1550.3j
2017-03-28 00:00:12.480000 PDT,-531.033-1454.41j
2017-03-28 00:00:12.490000 PDT,-1062.28-1121.05j
2017-03-28 00:00:12.500000 PDT,-1421.65-593.358j
2017-03-28 00:00:12.510000 PDT,-1535.9+46.1362j
2017-03-28 00:00:12.520000 PDT,-1370.66+685.868j
2017-03-28 00:00:12.530000 PDT,-942.616+1203.59j
2017-03-28 00:00:12.540000 PDT,-323.01+1490.26j
2017-03-28 00:00:12.550000 PDT,+370.411+1475.16j
2017-03-28 00:00:12.560000 PDT,+993.432+1146.53j
2017-03-28 00:00:12.570000 PDT,+1405.01+561.737j
2017-03-28 00:00:12.580000 PDT,+1500.97-157.637j
2017-03-28 00:00:12.590000 PDT,+1243.98-847.644j
2017-03-28 00:00:12.600000 PDT,+680.86-1338.16j
2017-03-28 00:00:12.610000 PDT,-59.6484-1496.31j
2017-03-28 00:00:12.620000 PDT,-791.932-1266.36j
2017-03-28 00:00:12.630000 PDT,-1318.29-693.728j
2017-03-28 00:00:12.640000 PDT,-1483.79+76.6834j
2017-03-28 00:00:12.650000 PDT,-1226.23+832.042j
2017-03-28 00:00:12.660000 PDT,-604.769+1348.56j
2017-03-28 00:00:12.670000 PDT,+205.679+1459.63j
2017-03-28 00:00:12.680000 PDT,+958.35+1114.84j
2017-03-28 00:00:12.690000 PDT,+1408.25+408.247j
2017-03-28 00:00:12.700000 PDT,+1394.86-439.016j
2017-03-28 00:00:12.710000 PDT,+905.974-1142.88j
2017-03-28 00:00:12.720000 PDT,+96.1878-1451.32j
2017-03-28 00:00:12.730000 PDT,-753.787-1239.36j
2017-03-28 00:00:12.740000 PDT,-1330.65-567.689j
2017-03-28 00:00:12.750000 PDT,-1405.96+323.832j
2017-03-28 00:00:12.760000 PDT,-933.837+1094.66j
2017-03-28 00:00:12.770000 PDT,-85.5264+1432.4j
2017-03-28 00:00:12.780000 PDT,+802.724+1184.71j
2017-03-28 00:00:12.790000 PDT,+1358.4+437.563j
2017-03-28 00:00:12.800000 PDT,+1331.72-502.098j
2017-03-28 00:00:12.810000 PDT,+716.986-1224.91j
2017-03-28 00:00:12.820000 PDT,-224.965-1397.42j
2017-03-28 00:00:12.830000 PDT,-1067.22-923.789j
2017-03-28 00:00:12.840000 PDT,-1407.55-10.2501j
2017-03-28 00:00:12.850000 PDT,-1066.85+912.229j
2017-03-28 00:00:12.860000 PDT,-195.532+1386.05j
2017-03-28 00:00:12.870000 PDT,+778.439+1158.65j
2017-03-28 00:00:12.880000 PDT,+1352.4+329.489j
2017-03-28 00:00:12.890000 PDT,+1211.55-677.353j
2017-03-28 00:00:12.900000 PDT,+414.005-1320.77j
2017-03-28 00:00:12.910000 PDT,-615.23-1235.52j
2017-03-28 00:00:12.920000 PDT,-1300.03-451.866j
2017-03-28 00:00:12.930000 PDT,-1236.82+594.8j
2017-03-28 00:00:12.940000 PDT,-445.069+1294.1j
2017-03-28 00:00:12.950000 PDT,+616.238+1217.52j
2017-03-28 00:00:12.960000 PDT,+1302.32+394.229j
2017-03-28 00:00:12.970000 PDT,+1175.49-677.53j
2017-03-28 00:00:12.980000 PDT,+298.673-1319.48j
2017-03-28 00:00:12.990000 PDT,-774.127-1104.72j
2017-03-28 00:00:13.000000 PDT,-1335.81-157.321j
2017-03-28 00:00:13.010000 PDT,-996.141+897.97j
2017-03-28 00:00:13.020000 PDT,+29.6502+1336.9j
2017-03-28 00:00:13.030000 PDT,+1036.12+839.166j
2017-03-28 00:00:13.040000 PDT,+1304.06-258.397j
2017-03-28 00:00:13.050000 PDT,+624.166-1169.34j
2017-03-28 00:00:13.060000 PDT,-518.41-1215.67j
2017-03-28 00:00:13.070000 PDT,-1271.41-346.142j
2017-03-28 00:00:13.080000 PDT,-1050.15+789.416j
2017-03-28 00:00:13.090000 PDT,-9.54059+1309.83j
2017-03-28 00:00:13.100000 PDT,+1039.13+791.028j
2017-03-28 00:00:13.110000 PDT,+1249.42-366.424j
2017-03-28 00:00:13.120000 PDT,+434.234-1223.36j
2017-03-28 00:00:13.130000 PDT,-743.401-1059.42j
2017-03-28 00:00:13.140000 PDT,-1290.31+3.29312j
2017-03-28 00:00:13.150000 PDT,-724.532+1062.97j
2017-03-28 00:00:13.160000 PDT,+475.939+1190.92j
2017-03-28 00:00:13.170000 PDT,+1252.18+258.548j
2017-03-28 00:00:13.180000 PDT,+895.48-907.153j
2017-03-28 00:00:13.190000 PDT,-283.613-1238.72j
2017-03-28 00:00:13.200000 PDT,-1197.18-414.365j
2017-03-28 00:00:13.210000 PDT,-975.81+801.777j
2017-03-28 00:00:13.220000 PDT,+183.834+1245.55j
2017-03-28 00:00:13.230000 PDT,+1162.68+472.806j
2017-03-28 00:00:13.240000 PDT,+988.218-767.458j
2017-03-28 00:00:13.250000 PDT,-179.694-1234.31j
2017-03-28 00:00:13.260000 PDT,-1162.53-441.126j
2017-03-28 00:00:13.270000 PDT,-940.475+807.381j
2017-03-28 00:00:13.280000 PDT,+268.65+1206.03j
2017-03-28 00:00:13.290000 PDT,+1189.48+319.657j
2017-03-28 00:00:13.300000 PDT,+824-910.191j
2017-03-28 00:00:13.310000 PDT,-442.982-1140.88j
2017-03-28 00:00:13.320000 PDT,-1215.46-104.572j
2017-03-28 00:00:13.330000 PDT,-618.42+1047.05j
2017-03-28 00:00:13.340000 PDT,+682.547+1001.7j
2017-03-28 00:00:13.350000 PDT,+1191.32-201.391j
2017-03-28 00:00:13.360000 PDT,+303.42-1165.47j
2017-03-28 00:00:13.370000 PDT,-942.147-743.866j
2017-03-28 00:00:13.380000 PDT,-1051.55+570.825j
2017-03-28 00:00:13.390000 PDT,+119.926+1186.54j
2017-03-28 00:00:13.400000 PDT,+1139.93+336.931j
2017-03-28 00:00:13.410000 PDT,+732.936-930.852j
2017-03-28 00:00:13.420000 PDT,-599.709-1017.24j
2017-03-28 00:00:13.430000 PDT,-1159.97+199.238j
2017-03-28 00:00:13.440000 PDT,-214.605+1153.25j
2017-03-28 00:00:13.450000 PDT,+1009+590.592j
2017-03-28 00:00:13.460000 PDT,+888.076-754.368j
2017-03-28 00:00:13.470000 PDT,-426.017-1080.35j
2017-03-28 00:00:13.480000 PDT,-1155.62+64.2708j
2017-03-28 00:00:13.490000 PDT,-292.063+1115.91j
2017-03-28 00:00:13.500000 PDT,+974.594+609.689j
2017-03-28 00:00:13.510000 PDT,+863.4-753.074j
2017-03-28 00:00:13.520000 PDT,-477.253-1037.24j
2017-03-28 00:00:13.530000 PDT,-1124.44+174.232j
2017-03-28 00:00:13.540000 PDT,-130.425+1126.43j
2017-03-28 00:00:13.550000 PDT,+1051.2+414.707j
2017-03-28 00:00:13.560000 PDT,+661.405-911.439j
2017-03-28 00:00:13.570000 PDT,-722.591-858.633j
2017-03-28 00:00:13.580000 PDT,-999.771+501.086j
2017-03-28 00:00:13.590000 PDT,+262.894+1082.95j
2017-03-28 00:00:13.600000 PDT,+1110.27-22.4313j
2017-03-28 00:00:13.610000 PDT,+208.163-1086.83j
2017-03-28 00:00:13.620000 PDT,-1019.81-419.402j
2017-03-28 00:00:13.630000 PDT,-604.536+917.513j
2017-03-28 00:00:13.640000 PDT,+788.691+759.398j
2017-03-28 00:00:13.650000 PDT,+882.218-641.768j
2017-03-28 00:00:13.660000 PDT,-484.549-973.074j
2017-03-28 00:00:13.670000 PDT,-1033.59+323.834j
2017-03-28 00:00:13.680000 PDT,+165.268+1066.49j
2017-03-28 00:00:13.690000 PDT,+1075.23-13.2989j
2017-03-28 00:00:13.700000 PDT,+128.789-1063.64j
2017-03-28 00:00:13.710000 PDT,-1035.66-258.776j
2017-03-28 00:00:13.720000 PDT,-375.372+995.145j
2017-03-28 00:00:13.730000 PDT,+945.715+478.061j
2017-03-28 00:00:13.740000 PDT,+566.942-890.632j
2017-03-28 00:00:13.750000 PDT,-832.769-642.578j
2017-03-28 00:00:13.760000 PDT,-705.851+774.581j
2017-03-28 00:00:13.770000 PDT,+718.115+757.848j
2017-03-28 00:00:13.780000 PDT,+799.751-665.037j
2017-03-28 00:00:13.790000 PDT,-616.665-832.757j
2017-03-28 00:00:13.800000 PDT,-858.01+574.013j
2017-03-28 00:00:13.810000 PDT,+537.84+876.553j
2017-03-28 00:00:13.820000 PDT,+889.288-508.683j
2017-03-28 00:00:13.830000 PDT,-486.903-896.952j
2017-03-28 00:00:13.840000 PDT,-900.099+472.711j
2017-03-28 00:00:13.850000 PDT,+466.191+899.092j
2017-03-28 00:00:13.860000 PDT,+894.098-467.318j
2017-03-28 00:00:13.870000 PDT,-475.966-885.088j
2017-03-28 00:00:13.880000 PDT,-871.846+491.903j
2017-03-28 00:00:13.890000 PDT,+514.816+853.954j
2017-03-28 00:00:13.900000 PDT,+830.889-544.165j
2017-03-28 00:00:13.910000 PDT,-579.357-801.927j
2017-03-28 00:00:13.920000 PDT,-766.248+619.585j
2017-03-28 00:00:13.930000 PDT,+663.831+722.954j
2017-03-28 00:00:13.940000 PDT,+671.114-710.831j
2017-03-28 00:00:13.950000 PDT,-759.048-609.83j
2017-03-28 00:00:13.960000 PDT,-538.302+806.648j
2017-03-28 00:00:13.970000 PDT,+851.481+455.921j
2017-03-28 00:00:13.980000 PDT,+362.362-891.09j
2017-03-28 00:00:13.990000 PDT,-922.73-257.705j
2017-03-28 00:00:14.000000 PDT,-142.542+943.424j
2017-03-28 00:00:14.010000 PDT,+950.05+18.1082j
2017-03-28 00:00:14.020000 PDT,-113.613-939.468j
2017-03-28 00:00:14.030000 PDT,-908.697+249.791j
2017-03-28 00:00:14.040000 PDT,+386.693+855.126j
2017-03-28 00:00:14.050000 PDT,+776.783-519.671j
2017-03-28 00:00:14.060000 PDT,-643.224-672.623j
2017-03-28 00:00:14.070000 PDT,-542.841+751.147j
2017-03-28 00:00:14.080000 PDT,+836.784+389.179j
2017-03-28 00:00:14.090000 PDT,+215.19-893.398j
2017-03-28 00:00:14.100000 PDT,-914.658-26.4322j
2017-03-28 00:00:14.110000 PDT,+169.473+895.231j
2017-03-28 00:00:14.120000 PDT,+831.458-362.944j
2017-03-28 00:00:14.130000 PDT,-542.769-722.063j
2017-03-28 00:00:14.140000 PDT,-568.792+696.708j
2017-03-28 00:00:14.150000 PDT,+812.231+377.082j
2017-03-28 00:00:14.160000 PDT,+156.215-877.793j
2017-03-28 00:00:14.170000 PDT,-884.01+80.591j
2017-03-28 00:00:14.180000 PDT,+316.662+825.087j
2017-03-28 00:00:14.190000 PDT,+700.171-532.833j
2017-03-28 00:00:14.200000 PDT,-708.96-514.453j
2017-03-28 00:00:14.210000 PDT,-279.824+825.925j
2017-03-28 00:00:14.220000 PDT,+868.004+14.8332j
2017-03-28 00:00:14.230000 PDT,-256.218-825.367j
2017-03-28 00:00:14.240000 PDT,-696.375+505.172j
2017-03-28 00:00:14.250000 PDT,+702.878+489.274j
2017-03-28 00:00:14.260000 PDT,+222.86-822.848j
2017-03-28 00:00:14.270000 PDT,-845.329+74.2609j
2017-03-28 00:00:14.280000 PDT,+366.073+761.227j
2017-03-28 00:00:14.290000 PDT,+575.194-613.221j
2017-03-28 00:00:14.300000 PDT,-778.467-307.115j
2017-03-28 00:00:14.310000 PDT,+8.65024+832.903j
2017-03-28 00:00:14.320000 PDT,+761.957-326.692j
2017-03-28 00:00:14.330000 PDT,-596.615-569.991j
2017-03-28 00:00:14.340000 PDT,-282.292+771.177j
2017-03-28 00:00:14.350000 PDT,+815.351-56.5802j
2017-03-28 00:00:14.360000 PDT,-388.521-714.615j
2017-03-28 00:00:14.370000 PDT,-480.575+651.404j
2017-03-28 00:00:14.380000 PDT,+791.101+152.066j
2017-03-28 00:00:14.390000 PDT,-209.474-773.824j
2017-03-28 00:00:14.400000 PDT,-596.019+530.275j
2017-03-28 00:00:14.410000 PDT,+739.424+288.896j
2017-03-28 00:00:14.420000 PDT,-84.5817-785.406j
2017-03-28 00:00:14.430000 PDT,-650.722+440.928j
2017-03-28 00:00:14.440000 PDT,+694.285+360.131j
2017-03-28 00:00:14.450000 PDT,-20.8297-777.941j
2017-03-28 00:00:14.460000 PDT,-663.915+398.465j
2017-03-28 00:00:14.470000 PDT,+673.13+374.72j
2017-03-28 00:00:14.480000 PDT,-17.5021-766.293j
2017-03-28 00:00:14.490000 PDT,-645.234+406.456j
2017-03-28 00:00:14.500000 PDT,+679.528+337.385j
2017-03-28 00:00:14.510000 PDT,-71.955-751.327j
2017-03-28 00:00:14.520000 PDT,-593.028+460.546j
2017-03-28 00:00:14.530000 PDT,+704.895+247.088j
2017-03-28 00:00:14.540000 PDT,-180.011-720.903j
2017-03-28 00:00:14.550000 PDT,-496.057+547.94j
2017-03-28 00:00:14.560000 PDT,+728.343+100.321j
2017-03-28 00:00:14.570000 PDT,-331.523-651.849j
2017-03-28 00:00:14.580000 PDT,-338.748+643.71j
2017-03-28 00:00:14.590000 PDT,+716.417-100.936j
2017-03-28 00:00:14.600000 PDT,-502.406-515.158j
2017-03-28 00:00:14.610000 PDT,-111.563+706.925j
2017-03-28 00:00:14.620000 PDT,+626.874-337.103j
2017-03-28 00:00:14.630000 PDT,-646.629-287.977j
2017-03-28 00:00:14.640000 PDT,+172.797+682.409j
2017-03-28 00:00:14.650000 PDT,+422.176-558.408j
2017-03-28 00:00:14.660000 PDT,-695.662+25.4701j
2017-03-28 00:00:14.670000 PDT,+461.131+516.26j
2017-03-28 00:00:14.680000 PDT,+96.5784-681.501j
2017-03-28 00:00:14.690000 PDT,-576.678+368.574j
2017-03-28 00:00:14.700000 PDT,+653.21+190.748j
2017-03-28 00:00:14.710000 PDT,-289.636-611.453j
2017-03-28 00:00:14.720000 PDT,-257.87+621.283j
2017-03-28 00:00:14.730000 PDT,+628.199-229.372j
2017-03-28 00:00:14.740000 PDT,-593.156-300.329j
2017-03-28 00:00:14.750000 PDT,+190.158+633j
2017-03-28 00:00:14.760000 PDT,+320.711-573.447j
2017-03-28 00:00:14.770000 PDT,-629.88+172.705j
2017-03-28 00:00:14.780000 PDT,+564.326+320.969j
2017-03-28 00:00:14.790000 PDT,-176.736-620.635j
2017-03-28 00:00:14.800000 PDT,-302.033+565.836j
2017-03-28 00:00:14.810000 PDT,+604.874-201.302j
2017-03-28 00:00:14.820000 PDT,-576.051-263.8j
2017-03-28 00:00:14.830000 PDT,+244.713+580.175j
2017-03-28 00:00:14.840000 PDT,+205.462-591.071j
2017-03-28 00:00:14.850000 PDT,-542.396+304.153j
2017-03-28 00:00:14.860000 PDT,+604.929+126.164j
2017-03-28 00:00:14.870000 PDT,-375.026-486.206j
2017-03-28 00:00:14.880000 PDT,-26.0124+609.572j
2017-03-28 00:00:14.890000 PDT,+405.956-450.222j
2017-03-28 00:00:14.900000 PDT,-595.143+92.6337j
2017-03-28 00:00:14.910000 PDT,+519.384+297.19j
2017-03-28 00:00:14.920000 PDT,-223.511-550.874j
2017-03-28 00:00:14.930000 PDT,-158.48+568.92j
2017-03-28 00:00:14.940000 PDT,+466.859-355.285j
2017-03-28 00:00:14.950000 PDT,-582.731+6.06588j
2017-03-28 00:00:14.960000 PDT,+470.718+336.892j
2017-03-28 00:00:14.970000 PDT,-184.417-544.566j
2017-03-28 00:00:14.980000 PDT,-162.221+547.509j
2017-03-28 00:00:14.990000 PDT,+442.164-355.139j
2017-03-28 00:00:15.000000 PDT,-561.455+44.5149j
2017-03-28 00:00:15.010000 PDT,+488.152+273.008j
2017-03-28 00:00:15.020000 PDT,-256.63-492.553j
2017-03-28 00:00:15.030000 PDT,-50.5074+549.172j
2017-03-28 00:00:15.040000 PDT,+333.667-434.178j
2017-03-28 00:00:15.050000 PDT,-508.717+191.797j
2017-03-28 00:00:15.060000 PDT,+530.456+99.8006j
2017-03-28 00:00:15.070000 PDT,-401.452-354.929j
2017-03-28 00:00:15.080000 PDT,+165.987+505.384j
2017-03-28 00:00:15.090000 PDT,+106.791-517.123j
2017-03-28 00:00:15.100000 PDT,-344.069+395.378j
2017-03-28 00:00:15.110000 PDT,+488.551-178.728j
2017-03-28 00:00:15.120000 PDT,-510.908-74.4743j
2017-03-28 00:00:15.130000 PDT,+413.519+302.58j
2017-03-28 00:00:15.140000 PDT,-226.071-455.47j
2017-03-28 00:00:15.150000 PDT,-4.64806+504.559j
2017-03-28 00:00:15.160000 PDT,+227.031-446.238j
2017-03-28 00:00:15.170000 PDT,-396.291+299.543j
2017-03-28 00:00:15.180000 PDT,+482.749-99.2851j
2017-03-28 00:00:15.190000 PDT,-475.724-112.925j
2017-03-28 00:00:15.200000 PDT,+383.039+297.555j
2017-03-28 00:00:15.210000 PDT,-227.051-424.181j
2017-03-28 00:00:16 PDT,+480.877+15.4644j
2017-03-28 00:00:17 PDT,+480.877+15.4644j
2017-03-28 00:00:18.000000 PDT,-253.831+408.719j
2017-03-28 00:00:18.010000 PDT,+0+0j
2017-03-28 00:00:19 PDT,+0+0j
2017-03-28 00:00:20 PDT,+0+0j
2017-03-28 00:00:21 PDT,+0+0j
2017-03-28 00:00:22 PDT,+0+0j
2017-03-28 00:00:23 PDT,+0+0j
2017-03-28 00:00:24.000000 PDT,+0+0j
2017-03-28 00:00:24.010000 PDT,-0+0j
2017-03-28 00:00:24.020000 PDT,-87.2271-1.09752j
2017-03-28 00:00:24.030000 PDT,+80.0674-36.1879j
2017-03-28 00:00:24.040000 PDT,-57.7263+67.0775j
2017-03-28 00:00:24.050000 PDT,+24.3131-85.7482j
2017-03-28 00:00:24.060000 PDT,+14.0042+88.6607j
2017-03-28 00:00:24.070000 PDT,-50.1573-75.1987j
2017-03-28 00:00:24.080000 PDT,+77.4864+47.76j
2017-03-28 00:00:24.090000 PDT,-90.9558-11.2945j
2017-03-28 00:00:24.100000 PDT,+88.0568-27.6165j
2017-03-28 00:00:24.110000 PDT,-69.2407+61.9625j
2017-03-28 00:00:24.120000 PDT,+37.8133-85.5659j
2017-03-28 00:00:24.130000 PDT,+0.679235+94.1778j
2017-03-28 00:00:24.140000 PDT,-39.4595-86.2103j
2017-03-28 00:00:24.150000 PDT,+71.6937+63.0034j
2017-03-28 00:00:24.160000 PDT,-91.7333-28.5542j
2017-03-28 00:00:24.170000 PDT,+96.0556-11.1986j
2017-03-28 00:00:24.180000 PDT,-83.8596+49.4185j
2017-03-28 00:00:24.190000 PDT,+57.1785-79.5523j
2017-03-28 00:00:24.200000 PDT,-20.5057+96.4448j
2017-03-28 00:00:24.210000 PDT,-19.9899-97.1978j
2017-03-28 00:00:24.220000 PDT,+57.5184+81.6355j
2017-03-28 00:00:24.230000 PDT,-85.8095-52.3066j
2017-03-28 00:00:24.240000 PDT,+100.148+14.0331j
2017-03-28 00:00:24.250000 PDT,-98.1358+26.9082j
2017-03-28 00:00:24.260000 PDT,+80.0592-63.8288j
2017-03-28 00:00:24.270000 PDT,-48.8147+90.7218j
2017-03-28 00:00:24.280000 PDT,+9.41198-103.224j
2017-03-28 00:00:24.290000 PDT,+31.8531+99.3001j
2017-03-28 00:00:24.300000 PDT,-68.4166-79.5387j
2017-03-28 00:00:24.310000 PDT,+94.489+47.0315j
2017-03-28 00:00:24.320000 PDT,-105.957-6.85765j
2017-03-28 00:00:24.330000 PDT,+101.005-34.7328j
2017-03-28 00:00:24.340000 PDT,-80.3721+71.3019j
2017-03-28 00:00:24.350000 PDT,+47.2062-97.2177j
2017-03-28 00:00:24.360000 PDT,-6.5536+108.506j
2017-03-28 00:00:24.370000 PDT,-35.431-103.436j
2017-03-28 00:00:24.380000 PDT,+72.4263+82.7479j
2017-03-28 00:00:24.390000 PDT,-98.898-49.5101j
2017-03-28 00:00:24.400000 PDT,+110.893+8.65892j
2017-03-28 00:00:24.410000 PDT,-106.634+33.7956j
2017-03-28 00:00:24.420000 PDT,+86.7324-71.6393j
2017-03-28 00:00:24.430000 PDT,-54.068+99.3671j
2017-03-28 00:00:24.440000 PDT,+13.3471-112.97j
2017-03-28 00:00:24.450000 PDT,+29.5993+110.492j
2017-03-28 00:00:24.460000 PDT,-68.6622-92.2761j
2017-03-28 00:00:24.470000 PDT,+98.3225+60.8911j
2017-03-28 00:00:24.480000 PDT,-114.418-20.7343j
2017-03-28 00:00:24.490000 PDT,+114.707-22.6054j
2017-03-28 00:00:24.500000 PDT,-99.1479+63.1387j
2017-03-28 00:00:24.510000 PDT,+69.8758-95.3049j
2017-03-28 00:00:24.520000 PDT,-30.8792+114.725j
2017-03-28 00:00:24.530000 PDT,-12.5681-118.776j
2017-03-28 00:00:24.540000 PDT,+54.6347+106.921j
2017-03-28 00:00:24.550000 PDT,-89.7184-80.7444j
2017-03-28 00:00:24.560000 PDT,+113.185+43.7151j
2017-03-28 00:00:24.570000 PDT,-121.963-0.698384j
2017-03-28 00:00:24.580000 PDT,+114.92-42.6996j
2017-03-28 00:00:24.590000 PDT,-92.9799+80.8698j
2017-03-28 00:00:24.600000 PDT,+58.9699-108.921j
2017-03-28 00:00:24.610000 PDT,-17.2319+123.293j
2017-03-28 00:00:24.620000 PDT,-26.9529-122.185j
2017-03-28 00:00:24.630000 PDT,+68.0427+105.756j
2017-03-28 00:00:24.640000 PDT,-100.936-76.0601j
2017-03-28 00:00:24.650000 PDT,+121.57+36.7965j
2017-03-28 00:00:24.660000 PDT,-127.444+7.21722j
2017-03-28 00:00:24.670000 PDT,+117.868-50.6244j
2017-03-28 00:00:24.680000 PDT,-94.0231+88.192j
2017-03-28 00:00:24.690000 PDT,+58.7873-115.436j
2017-03-28 00:00:24.700000 PDT,-16.3649+129.142j
2017-03-28 00:00:24.710000 PDT,-28.2342-127.722j
2017-03-28 00:00:24.720000 PDT,+69.7948+111.375j
2017-03-28 00:00:24.730000 PDT,-103.507-82.0277j
2017-03-28 00:00:24.740000 PDT,+125.512+43.0832j
2017-03-28 00:00:24.750000 PDT,-133.328+0.993671j
2017-03-28 00:00:24.760000 PDT,+126.106-45.2037j
2017-03-28 00:00:24.770000 PDT,-104.695+84.5852j
2017-03-28 00:00:24.780000 PDT,+71.516-114.768j
2017-03-28 00:00:24.790000 PDT,-30.2638+132.444j
2017-03-28 00:00:24.800000 PDT,-14.5212-135.715j
2017-03-28 00:00:24.810000 PDT,+57.9651+124.266j
2017-03-28 00:00:24.820000 PDT,-95.3931-99.3771j
2017-03-28 00:00:24.830000 PDT,+122.826+63.7474j
2017-03-28 00:00:24.840000 PDT,-137.391-21.1857j
2017-03-28 00:00:24.850000 PDT,+137.601-23.8145j
2017-03-28 00:00:24.860000 PDT,-123.483+66.5579j
2017-03-28 00:00:24.870000 PDT,+96.5448-102.638j
2017-03-28 00:00:24.880000 PDT,-59.5921+128.385j
2017-03-28 00:00:24.890000 PDT,+16.4017-141.223j
2017-03-28 00:00:24.900000 PDT,+28.6327+139.904j
2017-03-28 00:00:24.910000 PDT,-71.02-124.619j
2017-03-28 00:00:24.920000 PDT,+106.577+96.936j
2017-03-28 00:00:24.930000 PDT,-131.844-59.6212j
2017-03-28 00:00:24.940000 PDT,+144.408+16.3431j
2017-03-28 00:00:24.950000 PDT,-143.112+28.7016j
2017-03-28 00:00:24.960000 PDT,+128.14-71.2016j
2017-03-28 00:00:24.970000 PDT,-100.971+107.144j
2017-03-28 00:00:24.980000 PDT,+64.2123-133.185j
2017-03-28 00:00:24.990000 PDT,-21.3268+146.948j
2017-03-28 00:00:25.000000 PDT,-23.7019-147.223j
2017-03-28 00:00:25.010000 PDT,+66.9248+135.256j
2017-03-28 00:00:25.020000 PDT,-104.691-111.159j
2017-03-28 00:00:25.030000 PDT,+133.813+77.2021j
2017-03-28 00:00:25.040000 PDT,-151.976-36.4059j
2017-03-28 00:00:25.050000 PDT,+157.874-7.76696j
2017-03-28 00:00:25.060000 PDT,-151.253+51.7302j
2017-03-28 00:00:25.070000 PDT,+132.858-92.0735j
2017-03-28 00:00:25.080000 PDT,-104.305+125.821j
2017-03-28 00:00:25.090000 PDT,+67.8949-150.628j
2017-03-28 00:00:25.100000 PDT,-26.3887+164.914j
2017-03-28 00:00:25.110000 PDT,-17.2282-167.919j
2017-03-28 00:00:25.120000 PDT,+59.9757+159.699j
2017-03-28 00:00:25.130000 PDT,-99.0861-141.055j
2017-03-28 00:00:25.140000 PDT,+132.184+113.412j
2017-03-28 00:00:25.150000 PDT,-157.371-78.7114j
2017-03-28 00:00:25.160000 PDT,+173.372+39.1956j
2017-03-28 00:00:25.170000 PDT,-179.516+2.72934j
2017-03-28 00:00:25.180000 PDT,+175.74-44.659j
2017-03-28 00:00:25.190000 PDT,-162.54+84.3323j
2017-03-28 00:00:25.200000 PDT,+140.889-119.749j
2017-03-28 00:00:25.210000 PDT,-112.145+149.258j
2017-03-28 00:00:25.220000 PDT,+77.9374-171.615j
2017-03-28 00:00:25.230000 PDT,-40.0578+186.008j
2017-03-28 00:00:25.240000 PDT,+0.352248-192.061j
2017-03-28 00:00:25.250000 PDT,+39.3769+189.809j
2017-03-28 00:00:25.260000 PDT,-77.4538-179.655j
2017-03-28 00:00:25.270000 PDT,+112.395+162.313j
2017-03-28 00:00:25.280000 PDT,-142.959-138.747j
2017-03-28 00:00:25.290000 PDT,+168.176+110.096j
2017-03-28 00:00:25.300000 PDT,-187.358-77.6111j
2017-03-28 00:00:25.310000 PDT,+200.105+42.588j
2017-03-28 00:00:25.320000 PDT,-206.279-6.30857j
2017-03-28 00:00:25.330000 PDT,+205.991-30.008j
2017-03-28 00:00:25.340000 PDT,-199.559+65.2462j
2017-03-28 00:00:25.350000 PDT,+187.478-98.4242j
2017-03-28 00:00:25.360000 PDT,-170.378+128.715j
2017-03-28 00:00:25.370000 PDT,+148.987-155.456j
2017-03-28 00:00:25.380000 PDT,-124.09+178.154j
2017-03-28 00:00:25.390000 PDT,+96.4837-196.49j
2017-03-28 00:00:25.400000 PDT,-67.0037+210.273j
2017-03-28 00:00:25.410000 PDT,+36.4118-219.479j
2017-03-28 00:00:25.420000 PDT,-5.43157+224.203j
2017-03-28 00:00:25.430000 PDT,-25.2804-224.64j
2017-03-28 00:00:25.440000 PDT,+55.1461+221.073j
2017-03-28 00:00:25.450000 PDT,-83.6728-213.85j
2017-03-28 00:00:25.460000 PDT,+110.456+203.365j
2017-03-28 00:00:25.470000 PDT,-135.178-190.043j
2017-03-28 00:00:25.480000 PDT,+157.606+174.32j
2017-03-28 00:00:25.490000 PDT,-177.586-156.634j
2017-03-28 00:00:25.500000 PDT,+195.038+137.411j
2017-03-28 00:00:25.510000 PDT,-209.944-117.057j
2017-03-28 00:00:25.520000 PDT,+222.342+95.9488j
2017-03-28 00:00:25.530000 PDT,-232.318-74.4313j
2017-03-28 00:00:25.540000 PDT,+239.998+52.813j
2017-03-28 00:00:25.550000 PDT,-245.534-31.3641j
2017-03-28 00:00:25.560000 PDT,+249.105+10.3165j
2017-03-28 00:00:25.570000 PDT,-250.903+10.1355j
2017-03-28 00:00:25.580000 PDT,+251.131-29.834j
2017-03-28 00:00:25.590000 PDT,-249.995+48.6549j
2017-03-28 00:00:25.600000 PDT,+247.703-66.5052j
2017-03-28 00:00:25.610000 PDT,-244.456+83.3196j
2017-03-28 00:00:25.620000 PDT,+240.449-99.0574j
2017-03-28 00:00:25.630000 PDT,-235.869+113.699j
2017-03-28 00:00:25.640000 PDT,+230.883-127.261j
2017-03-28 00:00:25.650000 PDT,-225.67+139.72j
2017-03-28 00:00:25.660000 PDT,+220.375-151.117j
2017-03-28 00:00:25.670000 PDT,-215.135+161.487j
2017-03-28 00:00:25.680000 PDT,+210.076-170.866j
2017-03-28 00:00:25.690000 PDT,-205.311+179.295j
2017-03-28 00:00:25.700000 PDT,+200.94-186.819j
2017-03-28 00:00:25.710000 PDT,-197.053+193.476j
2017-03-28 00:00:25.720000 PDT,+193.73-199.307j
2017-03-28 00:00:25.730000 PDT,-191.038+204.345j
2017-03-28 00:00:25.740000 PDT,+189.037-208.618j
2017-03-28 00:00:25.750000 PDT,-187.777+212.149j
2017-03-28 00:00:25.760000 PDT,+187.298-214.95j
2017-03-28 00:00:25.770000 PDT,-187.634+217.028j
2017-03-28 00:00:25.780000 PDT,+188.808-218.378j
2017-03-28 00:00:25.790000 PDT,-190.837+218.986j
2017-03-28 00:00:25.800000 PDT,+193.727-218.829j
2017-03-28 00:00:25.810000 PDT,-197.476+217.873j
2017-03-28 00:00:25.820000 PDT,+202.072-216.074j
2017-03-28 00:00:25.830000 PDT,-207.493+213.377j
2017-03-28 00:00:25.840000 PDT,+213.703-209.72j
2017-03-28 00:00:25.850000 PDT,-220.654+205.031j
2017-03-28 00:00:25.860000 PDT,+228.286-199.23j
2017-03-28 00:00:25.870000 PDT,-236.519+192.232j
2017-03-28 00:00:25.880000 PDT,+245.259-183.946j
2017-03-28 00:00:25.890000 PDT,-254.379+174.299j
2017-03-28 00:00:25.900000 PDT,+263.768-163.161j
2017-03-28 00:00:25.910000 PDT,-273.258+150.462j
2017-03-28 00:00:25.920000 PDT,+282.666-136.118j
2017-03-28 00:00:25.930000 PDT,-291.788+120.058j
2017-03-28 00:00:25.940000 PDT,+300.393-102.226j
2017-03-28 00:00:25.950000 PDT,-308.228+82.5859j
2017-03-28 00:00:25.960000 PDT,+315.013-61.1288j
2017-03-28 00:00:25.970000 PDT,-320.448+37.8774j
2017-03-28 00:00:25.980000 PDT,+324.212-12.8933j
2017-03-28 00:00:25.990000 PDT,-325.969-13.7169j
2017-03-28 00:00:26.000000 PDT,+325.373+41.795j
2017-03-28 00:00:26.010000 PDT,-322.076-71.1249j
2017-03-28 00:00:26.020000 PDT,+315.734+101.427j
2017-03-28 00:00:26.030000 PDT,-306.019-132.355j
2017-03-28 00:00:26.040000 PDT,+292.631+163.489j
2017-03-28 00:00:26.050000 PDT,-275.314-194.336j
2017-03-28 00:00:26.060000 PDT,+253.866+224.334j
2017-03-28 00:00:26.070000 PDT,-228.16-252.848j
2017-03-28 00:00:26.080000 PDT,+198.161+279.183j
2017-03-28 00:00:26.090000 PDT,-163.942-302.593j
2017-03-28 00:00:26.100000 PDT,+125.702+322.294j
2017-03-28 00:00:26.110000 PDT,-83.7835-337.484j
2017-03-28 00:00:26.120000 PDT,+38.6851+347.37j
2017-03-28 00:00:26.130000 PDT,+8.92813-351.194j
2017-03-28 00:00:26.140000 PDT,-58.1937+348.268j
2017-03-28 00:00:26.150000 PDT,+108.153-338.004j
2017-03-28 00:00:26.160000 PDT,-157.606+319.965j
2017-03-28 00:00:26.170000 PDT,+205.232-293.899j
2017-03-28 00:00:26.180000 PDT,-249.59+259.784j
2017-03-28 00:00:26.190000 PDT,+289.153-217.867j
2017-03-28 00:00:26.200000 PDT,-322.359+168.697j
2017-03-28 00:00:26.210000 PDT,+347.671-113.153j
2017-03-28 00:00:26.220000 PDT,-363.646+52.46j
2017-03-28 00:00:26.230000 PDT,+369.011+11.8114j
2017-03-28 00:00:26.240000 PDT,-362.749-77.7579j
2017-03-28 00:00:26.250000 PDT,+344.185+143.18j
2017-03-28 00:00:26.260000 PDT,-313.071-205.64j
2017-03-28 00:00:26.270000 PDT,+269.661+262.541j
2017-03-28 00:00:26.280000 PDT,-214.774-311.234j
2017-03-28 00:00:26.290000 PDT,+149.84+349.141j
2017-03-28 00:00:26.300000 PDT,-76.9083-373.897j
2017-03-28 00:00:26.310000 PDT,-1.36587+383.512j
2017-03-28 00:00:26.320000 PDT,+81.7825-376.524j
2017-03-28 00:00:26.330000 PDT,-160.698+352.161j
2017-03-28 00:00:26.340000 PDT,+234.17-310.474j
2017-03-28 00:00:26.350000 PDT,-298.15+252.45j
2017-03-28 00:00:26.360000 PDT,+348.709-180.077j
2017-03-28 00:00:26.370000 PDT,-382.294+96.3532j
2017-03-28 00:00:26.380000 PDT,+396.005-5.23152j
2017-03-28 00:00:26.390000 PDT,-387.863-88.4874j
2017-03-28 00:00:26.400000 PDT,+357.047+179.476j
2017-03-28 00:00:26.410000 PDT,-304.111-262j
2017-03-28 00:00:26.420000 PDT,+231.105+330.391j
2017-03-28 00:00:26.430000 PDT,-141.613-379.419j
2017-03-28 00:00:26.440000 PDT,+40.6785+404.736j
2017-03-28 00:00:26.450000 PDT,+65.4056-403.295j
2017-03-28 00:00:26.460000 PDT,-169.429+373.743j
2017-03-28 00:00:26.470000 PDT,+263.727-316.717j
2017-03-28 00:00:26.480000 PDT,-340.741+235.022j
2017-03-28 00:00:26.490000 PDT,+393.655-133.642j
2017-03-28 00:00:26.500000 PDT,-417.052+19.5574j
2017-03-28 00:00:26.510000 PDT,+407.534+98.6318j
2017-03-28 00:00:26.520000 PDT,-364.238-211.297j
2017-03-28 00:00:26.530000 PDT,+289.186+308.541j
2017-03-28 00:00:26.540000 PDT,-187.399-381.083j
2017-03-28 00:00:26.550000 PDT,+66.7366+421.203j
2017-03-28 00:00:26.560000 PDT,+62.5777-423.649j
2017-03-28 00:00:26.570000 PDT,-188.727+386.41j
2017-03-28 00:00:26.580000 PDT,+299.338-311.239j
2017-03-28 00:00:26.590000 PDT,-382.711+203.847j
2017-03-28 00:00:26.600000 PDT,+429.123-73.6847j
2017-03-28 00:00:26.610000 PDT,-432.072-66.7197j
2017-03-28 00:00:26.620000 PDT,+389.301+202.854j
2017-03-28 00:00:26.630000 PDT,-303.46-319.673j
2017-03-28 00:00:26.640000 PDT,+182.279+403.279j
2017-03-28 00:00:26.650000 PDT,-38.0216-442.72j
2017-03-28 00:00:26.660000 PDT,-113.426+431.48j
2017-03-28 00:00:26.670000 PDT,+254.281-368.756j
2017-03-28 00:00:26.680000 PDT,-366.905+260.052j
2017-03-28 00:00:26.690000 PDT,+436.078-117.022j
2017-03-28 00:00:26.700000 PDT,-451.203-43.5113j
2017-03-28 00:00:26.710000 PDT,+408.115+201.358j
2017-03-28 00:00:26.720000 PDT,-310.203-335.423j
2017-03-28 00:00:26.730000 PDT,+168.578+426.561j
2017-03-28 00:00:26.740000 PDT,-1.13977-460.452j
2017-03-28 00:00:26.750000 PDT,-169.439+430.068j
2017-03-28 00:00:26.760000 PDT,+318.665-337.31j
2017-03-28 00:00:26.770000 PDT,-423.756+193.442j
2017-03-28 00:00:26.780000 PDT,+467.259-18.1275j
2017-03-28 00:00:26.790000 PDT,-440.199-162.976j
2017-03-28 00:00:26.800000 PDT,+344.173+321.814j
2017-03-28 00:00:26.810000 PDT,-191.915-432.293j
2017-03-28 00:00:26.820000 PDT,+6.06032+474.729j
2017-03-28 00:00:26.830000 PDT,+183.899-439.645j
2017-03-28 00:00:26.840000 PDT,-346.132+330.163j
2017-03-28 00:00:26.850000 PDT,+451.833-162.409j
2017-03-28 00:00:26.860000 PDT,-480.55-36.3782j
2017-03-28 00:00:26.870000 PDT,+424.482+231.936j
2017-03-28 00:00:26.880000 PDT,-290.84-388.748j
2017-03-28 00:00:26.890000 PDT,+101.616+476.58j
2017-03-28 00:00:26.900000 PDT,+109.654-476.631j
2017-03-28 00:00:26.910000 PDT,-303.367+385.905j
2017-03-28 00:00:26.920000 PDT,+441.321-218.975j
2017-03-28 00:00:26.930000 PDT,-494.41+6.28209j
2017-03-28 00:00:26.940000 PDT,+449.169+210.951j
2017-03-28 00:00:26.950000 PDT,-311.626-388.486j
2017-03-28 00:00:26.960000 PDT,+107.361+488.151j
2017-03-28 00:00:26.970000 PDT,+122.628-486.386j
2017-03-28 00:00:26.980000 PDT,-329.78+380.332j
2017-03-28 00:00:26.990000 PDT,+468.163-189.829j
2017-03-28 00:00:27.000000 PDT,-504.926-45.5284j
2017-03-28 00:00:27.010000 PDT,+428.613+274.101j
2017-03-28 00:00:27.020000 PDT,-253.196-443.346j
2017-03-28 00:00:27.030000 PDT,+16.4294+512.079j
2017-03-28 00:00:27.040000 PDT,+227.625-460.997j
2017-03-28 00:00:27.050000 PDT,-420.636+298.731j
2017-03-28 00:00:27.060000 PDT,+514.048-61.4727j
2017-03-28 00:00:27.070000 PDT,-481.786-194.325j
2017-03-28 00:00:27.080000 PDT,+328.233+404.975j
2017-03-28 00:00:27.090000 PDT,-88.9687-515.456j
2017-03-28 00:00:27.100000 PDT,-176.605+494.264j
2017-03-28 00:00:27.110000 PDT,+399.519-343.15j
2017-03-28 00:00:27.120000 PDT,-519.158+98.6416j
2017-03-28 00:00:27.130000 PDT,+500.233+175.83j
2017-03-28 00:00:27.140000 PDT,-344.034-405.821j
2017-03-28 00:00:27.150000 PDT,+90.1142+526.152j
2017-03-28 00:00:27.160000 PDT,+192.599-499.776j
2017-03-28 00:00:27.170000 PDT,-424.003+330.17j
2017-03-28 00:00:27.180000 PDT,+535.535-62.6037j
2017-03-28 00:00:27.190000 PDT,-491.098-226.875j
2017-03-28 00:00:27.200000 PDT,+299.71+452.507j
2017-03-28 00:00:27.210000 PDT,-15.2824-544.335j
2017-03-28 00:00:27.220000 PDT,-277.49+470.622j
2017-03-28 00:00:27.230000 PDT,+487.865-249.863j
2017-03-28 00:00:27.240000 PDT,-547.423-52.3199j
2017-03-28 00:00:27.250000 PDT,+433.195+341.646j
2017-03-28 00:00:27.260000 PDT,-177.578-524.236j
2017-03-28 00:00:27.270000 PDT,-139.364+537.512j
2017-03-28 00:00:27.280000 PDT,+414.032-372.706j
2017-03-28 00:00:27.290000 PDT,-553.012+80.6601j
2017-03-28 00:00:27.300000 PDT,+505.533+242.421j
2017-03-28 00:00:27.310000 PDT,-283.256-485.909j
2017-03-28 00:00:27.320000 PDT,-40.5818+562.77j
2017-03-28 00:00:27.330000 PDT,+353.991-441.667j
2017-03-28 00:00:27.340000 PDT,-544.49+161.056j
2017-03-28 00:00:27.350000 PDT,+539.989+181.261j
2017-03-28 00:00:27.360000 PDT,-337.366-461.16j
2017-03-28 00:00:27.370000 PDT,+7.08164+573.134j
2017-03-28 00:00:27.380000 PDT,+329.747-471.014j
2017-03-28 00:00:27.390000 PDT,-545.063+188.557j
2017-03-28 00:00:27.400000 PDT,+553.068+169.796j
2017-03-28 00:00:27.410000 PDT,-345.691-466.139j
2017-03-28 00:00:27.420000 PDT,-0.352071+582.124j
2017-03-28 00:00:27.430000 PDT,+350.212-467.232j
2017-03-28 00:00:27.440000 PDT,-562.717+162.473j
2017-03-28 00:00:27.450000 PDT,+547.881+212.068j
2017-03-28 00:00:27.460000 PDT,-306.601-503.238j
2017-03-28 00:00:27.470000 PDT,-65.4663+587.434j
2017-03-28 00:00:27.480000 PDT,+414.013-424.353j
2017-03-28 00:00:27.490000 PDT,-589.495+78.1237j
2017-03-28 00:00:27.500000 PDT,+512.149+305.682j
2017-03-28 00:00:27.510000 PDT,-210.139-560.105j
2017-03-28 00:00:27.520000 PDT,-188.022+569.797j
2017-03-28 00:00:27.530000 PDT,+506.494-325.015j
2017-03-28 00:00:27.540000 PDT,-599.613-69.2183j
2017-03-28 00:00:27.550000 PDT,+419.918+436.073j
2017-03-28 00:00:27.560000 PDT,-44.462-605.544j
2017-03-28 00:00:27.570000 PDT,-355.727+494.261j
2017-03-28 00:00:27.580000 PDT,+592.375-148.698j
2017-03-28 00:00:27.590000 PDT,-549.147-271.376j
2017-03-28 00:00:27.600000 PDT,+240.931+565.115j
2017-03-28 00:00:27.610000 PDT,+187.778-586.808j
2017-03-28 00:00:27.620000 PDT,-528.553+320.068j
2017-03-28 00:00:27.630000 PDT,+610.126+108.505j
2017-03-28 00:00:27.640000 PDT,-386.161-486.957j
2017-03-28 00:00:27.650000 PDT,-36.0184+622.236j
2017-03-28 00:00:27.660000 PDT,+444.018-439.95j
2017-03-28 00:00:27.670000 PDT,-626.229+28.0258j
2017-03-28 00:00:27.680000 PDT,+482.735+402.693j
2017-03-28 00:00:27.690000 PDT,-82.7822-624.976j
2017-03-28 00:00:27.700000 PDT,-365.317+515.994j
2017-03-28 00:00:27.710000 PDT,+620.984-127.871j
2017-03-28 00:00:27.720000 PDT,-541.216-333.662j
2017-03-28 00:00:27.730000 PDT,+163.228+616.344j
2017-03-28 00:00:27.740000 PDT,+309.027-559.742j
2017-03-28 00:00:27.750000 PDT,-612.699+188.941j
2017-03-28 00:00:27.760000 PDT,+572.659+292.334j
2017-03-28 00:00:27.770000 PDT,-205.127-611.248j
2017-03-28 00:00:27.780000 PDT,-284.207+580.722j
2017-03-28 00:00:27.790000 PDT,+612.743-211.836j
2017-03-28 00:00:27.800000 PDT,-584.304-285.028j
2017-03-28 00:00:27.810000 PDT,+208.996+617.497j
2017-03-28 00:00:27.820000 PDT,+294.962-583.365j
2017-03-28 00:00:27.830000 PDT,-625.374+196.385j
2017-03-28 00:00:27.840000 PDT,+577.44+313.961j
2017-03-28 00:00:27.850000 PDT,-173.645-635.776j
2017-03-28 00:00:27.860000 PDT,-341.72+565.644j
2017-03-28 00:00:27.870000 PDT,+647.613-140.328j
2017-03-28 00:00:27.880000 PDT,-546.696-377.614j
2017-03-28 00:00:27.890000 PDT,+96.0191+659.265j
2017-03-28 00:00:27.900000 PDT,+420.568-518.998j
2017-03-28 00:00:27.910000 PDT,-668.584+40.3236j
2017-03-28 00:00:27.920000 PDT,+480.644+469.055j
2017-03-28 00:00:27.930000 PDT,+26.7455-672.846j
2017-03-28 00:00:27.940000 PDT,-520.787+429.687j
2017-03-28 00:00:27.950000 PDT,+668.811+104.692j
2017-03-28 00:00:27.960000 PDT,-364.276-572.711j
2017-03-28 00:00:27.970000 PDT,-192.25+652.815j
2017-03-28 00:00:27.980000 PDT,+620.891-282.949j
2017-03-28 00:00:27.990000 PDT,-620.948-287.113j
2017-03-28 00:00:28.000000 PDT,+185.004+660.481j
2017-03-28 00:00:28.010000 PDT,+385.673-569.365j
2017-03-28 00:00:28.020000 PDT,-685.824+70.9172j
2017-03-28 00:00:28.030000 PDT,+494.71+482.821j
2017-03-28 00:00:28.040000 PDT,+57.1871-690.696j
2017-03-28 00:00:28.050000 PDT,-571.86+394.704j
2017-03-28 00:00:28.060000 PDT,+668.765+195.084j
2017-03-28 00:00:28.070000 PDT,-268.833-644.616j
2017-03-28 00:00:28.080000 PDT,-336.091+614.285j
2017-03-28 00:00:28.090000 PDT,+691.824-119.128j
2017-03-28 00:00:28.100000 PDT,-523.033-470.918j
2017-03-28 00:00:28.110000 PDT,-49.1019+703.874j
2017-03-28 00:00:28.120000 PDT,+587.854-393.453j
2017-03-28 00:00:28.130000 PDT,-671.95-226.706j
2017-03-28 00:00:28.140000 PDT,+227.918+673.429j
2017-03-28 00:00:28.150000 PDT,+400.48-589.59j
2017-03-28 00:00:28.160000 PDT,-713.734+33.7346j
2017-03-28 00:00:28.170000 PDT,+454.432+553.72j
2017-03-28 00:00:28.180000 PDT,+175.896-696.234j
2017-03-28 00:00:28.190000 PDT,-667.269+270.197j
2017-03-28 00:00:28.200000 PDT,+612.322+381.962j
2017-03-28 00:00:29 PDT,-50.8913-719.891j
2017-03-28 00:00:30 PDT,-50.8913-719.891j
2017-03-28 00:00:31 PDT,+612.086-843.817j
2017-03-28 00:00:32 PDT,+1225.68+596.648j
2017-03-28 00:00:33 PDT,-1395.33+942.711j
2017-03-28 00:00:34 PDT,-118.746-1679.75j
2017-03-28 00:00:35 PDT,+1514.08+737.036j
2017-03-28 00:00:36 PDT,-335.067+1171.89j
2017-03-28 00:00:37 PDT,-624.576+421.975j
2017-03-28 00:00:38 PDT,-239.199+161.608j
2017-03-28 00:00:39 PDT,-239.199+161.608j
2017-03-28 00:00:40 PDT,-239.199+161.608j
2017-03-28 00:00:41 PDT,-239.199+161.608j
2017-03-28 00:00:42 PDT,-239.199+161.608j
2017-03-28 00:00:43 PDT,-239.199+161.608j
2017-03-28 00:00:44 PDT,-239.199+161.608j
2017-03-28 00:00:45 PDT,-239.199+161.608j
2017-03-28 00:00:46 PDT,-239.199+161.608j
2017-03-28 00:00:47 PDT,-239.199+161.608j
2017-03-28 00:00:48 PDT,-239.199+161.608j
2017-03-28 00:00:49 PDT,-239.199+161.608j
2017-03-28 00:00:50 PDT,-239.199+161.608j
2017-03-28 00:00:51 PDT,-239.199+161.608j
2017-03-28 00:00:52 PDT,-239.199+161.608j
2017-03-28 00:00:53 PDT,-239.199+161.608j
2017-03-28 00:00:54 PDT,-239.199+161.608j
2017-03-28 00:00:55 PDT,-239.199+161.608j
2017-03-28 00:00:56 PDT,-239.199+161.608j
2017-03-28 00:00:57 PDT,-239.199+161.608j
2017-03-28 00:00:58 PDT,-239.199+161.608j
2017-03-28 00:00:59 PDT,-239.199+161.608j
2017-03-28 00:01:00 PDT,-239.199+161.608j
2017-03-28 00:01:01 PDT,-239.199+161.608j
2017-03-28 00:01:02 PDT,-239.199+161.608j
2017-03-28 00:01:03 PDT,-239.199+161.608j
2017-03-28 00:01:04 PDT,-239.199+161.608j
2017-03-28 00:01:05 PDT,-239.199+161.608j
2017-03-28 00:01:06.000000 PDT,-239.199+161.608j
2017-03-28 00:01:06.010000 PDT,+0+0j
2017-03-28 00:01:07 PDT,+0+0j
2017-03-28 00:01:08 PDT,+0+0j
2017-03-28 00:01:09 PDT,+0+0j
2017-03-28 00:01:10 PDT,+0+0j
2017-03-28 00:01:11 PDT,+0+0j
2017-03-28 00:01:12 PDT,+0+0j
2017-03-28 00:01:13 PDT,+0+0j
2017-03-28 00:01:14 PDT,+0+0j
2017-03-28 00:01:15 PDT,+0+0j
2017-03-28 00:01:16 PDT,+0+0j
2017-03-28 00:01:17 PDT,+0+0j
2017-03-28 00:01:18 PDT,+0+0j
2017-03-28 00:01:19 PDT,+0+0j
2017-03-28 00:01:20 PDT,-0+0j
2017-03-28 00:01:21 PDT,+181.865+88.0814j
2017-03-28 00:01:22.000000 PDT,-347.698+235.923j
2017-03-28 00:01:22.010000 PDT,-347.698+235.923j
2017-03-28 00:01:22.020000 PDT,+399.656-128.386j
2017-03-28 00:01:22.030000 PDT,-419.215+11.0618j
2017-03-28 00:01:22.040000 PDT,+405.172+106.559j
2017-03-28 00:01:22.050000 PDT,-359.021-215.125j
2017-03-28 00:01:22.060000 PDT,+284.768+306.167j
2017-03-28 00:01:22.070000 PDT,-188.556-372.738j
2017-03-28 00:01:22.080000 PDT,+78.1379+409.925j
2017-03-28 00:01:22.090000 PDT,+37.7711-415.18j
2017-03-28 00:01:22.100000 PDT,-150.184+388.463j
2017-03-28 00:01:22.110000 PDT,+250.543-332.183j
2017-03-28 00:01:22.120000 PDT,-331.355+250.955j
2017-03-28 00:01:22.130000 PDT,+386.744-151.203j
2017-03-28 00:01:22.140000 PDT,-412.844+40.6521j
2017-03-28 00:01:22.150000 PDT,+408.059+72.3848j
2017-03-28 00:01:22.160000 PDT,-373.093-179.48j
2017-03-28 00:01:22.170000 PDT,+310.869+272.822j
2017-03-28 00:01:22.180000 PDT,-226.255-345.746j
2017-03-28 00:01:22.190000 PDT,+125.658+393.195j
2017-03-28 00:01:22.200000 PDT,-16.5242-412.043j
2017-03-28 00:01:22.210000 PDT,-93.2225+401.277j
2017-03-28 00:01:22.220000 PDT,+195.76-362.013j
2017-03-28 00:01:22.230000 PDT,-283.922+297.365j
2017-03-28 00:01:22.240000 PDT,+351.683-212.177j
2017-03-28 00:01:22.250000 PDT,-394.556+112.64j
2017-03-28 00:01:22.260000 PDT,+409.867-5.82564j
2017-03-28 00:01:22.270000 PDT,-396.892-100.822j
2017-03-28 00:01:22.280000 PDT,+356.858+200.011j
2017-03-28 00:01:22.290000 PDT,-292.81-285.093j
2017-03-28 00:01:22.300000 PDT,+209.362+350.496j
2017-03-28 00:01:22.310000 PDT,-112.341-392.077j
2017-03-28 00:01:22.320000 PDT,+8.37019+407.357j
2017-03-28 00:01:22.330000 PDT,+95.5932-395.647j
2017-03-28 00:01:22.340000 PDT,-192.724+358.048j
2017-03-28 00:01:22.350000 PDT,+276.773-297.327j
2017-03-28 00:01:22.360000 PDT,-342.46+217.701j
2017-03-28 00:01:22.370000 PDT,+385.789-124.524j
2017-03-28 00:01:22.380000 PDT,-404.271+23.9114j
2017-03-28 00:01:22.390000 PDT,+397.047+77.6369j
2017-03-28 00:01:22.400000 PDT,-364.89-173.772j
2017-03-28 00:01:22.410000 PDT,+310.121+258.524j
2017-03-28 00:01:22.420000 PDT,-236.422-326.776j
2017-03-28 00:01:22.430000 PDT,+148.575+374.529j
2017-03-28 00:01:22.440000 PDT,-52.132-399.121j
2017-03-28 00:01:22.450000 PDT,-46.9376+399.351j
2017-03-28 00:01:22.460000 PDT,+142.626-375.516j
2017-03-28 00:01:22.470000 PDT,-229.245+329.349j
2017-03-28 00:01:22.480000 PDT,+301.764-263.882j
2017-03-28 00:01:22.490000 PDT,-356.082+183.224j
2017-03-28 00:01:22.500000 PDT,+389.252-92.2986j
2017-03-28 00:01:22.510000 PDT,-399.62-3.47475j
2017-03-28 00:01:22.520000 PDT,+386.881+98.5038j
2017-03-28 00:01:22.530000 PDT,-352.066-187.353j
2017-03-28 00:01:22.540000 PDT,+297.445+265.048j
2017-03-28 00:01:22.550000 PDT,-226.361-327.349j
2017-03-28 00:01:22.560000 PDT,+143.013+370.968j
2017-03-28 00:01:22.570000 PDT,-52.1991-393.724j
2017-03-28 00:01:22.580000 PDT,-40.9683+394.637j
2017-03-28 00:01:22.590000 PDT,+131.354-373.948j
2017-03-28 00:01:22.600000 PDT,-214.08+333.069j
2017-03-28 00:01:22.610000 PDT,+284.785-274.476j
2017-03-28 00:01:22.620000 PDT,-339.845+201.545j
2017-03-28 00:01:22.630000 PDT,+376.544-118.344j
2017-03-28 00:01:22.640000 PDT,-393.193+29.4261j
2017-03-28 00:01:22.650000 PDT,+389.202+60.5312j
2017-03-28 00:01:22.660000 PDT,-365.053-146.817j
2017-03-28 00:01:22.670000 PDT,+322.263+225.038j
2017-03-28 00:01:22.680000 PDT,-263.277-291.304j
2017-03-28 00:01:22.690000 PDT,+191.307+342.42j
2017-03-28 00:01:22.700000 PDT,-110.155-376.024j
2017-03-28 00:01:22.710000 PDT,+23.9984+390.679j
2017-03-28 00:01:22.720000 PDT,+62.8261-385.924j
2017-03-28 00:01:22.730000 PDT,-146.044+362.263j
2017-03-28 00:01:22.740000 PDT,+221.649-321.114j
2017-03-28 00:01:22.750000 PDT,-286.093+264.712j
2017-03-28 00:01:22.760000 PDT,+336.444-195.977j
2017-03-28 00:01:22.770000 PDT,-370.506+118.353j
2017-03-28 00:01:22.780000 PDT,+386.902-35.6296j
2017-03-28 00:01:22.790000 PDT,-385.117-48.2498j
2017-03-28 00:01:22.800000 PDT,+365.495+129.375j
2017-03-28 00:01:22.810000 PDT,-329.194-204.051j
2017-03-28 00:01:22.820000 PDT,+278.113+268.962j
2017-03-28 00:01:22.830000 PDT,-214.779-321.31j
2017-03-28 00:01:22.840000 PDT,+142.212+358.926j
2017-03-28 00:01:22.850000 PDT,-63.7796-380.352j
2017-03-28 00:01:22.860000 PDT,-16.9709+384.877j
2017-03-28 00:01:22.870000 PDT,+96.4697-372.553j
2017-03-28 00:01:22.880000 PDT,-171.284+344.162j
2017-03-28 00:01:22.890000 PDT,+238.243-301.181j
2017-03-28 00:01:22.900000 PDT,-294.65+245.633j
2017-03-28 00:01:22.910000 PDT,+338.253-180.068j
2017-03-28 00:01:22.920000 PDT,-367.414+107.384j
2017-03-28 00:01:22.930000 PDT,+381.139-30.7116j
2017-03-28 00:01:22.940000 PDT,-379.094-46.7286j
2017-03-28 00:01:22.950000 PDT,+361.603+121.761j
2017-03-28 00:01:22.960000 PDT,-329.608-191.383j
2017-03-28 00:01:22.970000 PDT,+284.616+252.883j
2017-03-28 00:01:22.980000 PDT,-228.616-303.937j
2017-03-28 00:01:22.990000 PDT,+163.986+342.694j
2017-03-28 00:01:23.000000 PDT,-93.3871-367.828j
2017-03-28 00:01:23.010000 PDT,+19.6454+378.577j
2017-03-28 00:01:23.020000 PDT,+55.9298-376.172j
2017-03-28 00:01:23.030000 PDT,-130.719+358.436j
2017-03-28 00:01:23.040000 PDT,+201.513-325.407j
2017-03-28 00:01:23.050000 PDT,-265.049+277.817j
2017-03-28 00:01:23.060000 PDT,+318.165-217.125j
2017-03-28 00:01:23.070000 PDT,-357.966+145.515j
2017-03-28 00:01:23.080000 PDT,+381.999-65.8523j
2017-03-28 00:01:23.090000 PDT,-388.419-18.4008j
2017-03-28 00:01:23.100000 PDT,+376.146+103.31j
2017-03-28 00:01:23.110000 PDT,-344.994-184.64j
2017-03-28 00:01:23.120000 PDT,+295.761+258.061j
2017-03-28 00:01:23.130000 PDT,-230.275-319.379j
2017-03-28 00:01:23.140000 PDT,+151.407+364.786j
2017-03-28 00:01:23.150000 PDT,-62.8941-391.156j
2017-03-28 00:01:23.160000 PDT,-30.6592+396.217j
2017-03-28 00:01:23.170000 PDT,+124.081-378.819j
2017-03-28 00:01:23.180000 PDT,-211.884+339.087j
2017-03-28 00:01:23.190000 PDT,+288.578-278.523j
2017-03-28 00:01:23.200000 PDT,-349.033+200.023j
2017-03-28 00:01:23.210000 PDT,+388.839-107.802j
2017-03-28 00:01:23.220000 PDT,-404.663+7.22476j
2017-03-28 00:01:23.230000 PDT,+394.562+95.4704j
2017-03-28 00:01:23.240000 PDT,-358.235-193.531j
2017-03-28 00:01:23.250000 PDT,+297.171+280.128j
2017-03-28 00:01:23.260000 PDT,-214.687-348.842j
2017-03-28 00:01:23.270000 PDT,+115.824+394.167j
2017-03-28 00:01:23.280000 PDT,-7.11112-411.992j
2017-03-28 00:01:23.290000 PDT,-103.823+400.02j
2017-03-28 00:01:23.300000 PDT,+208.753-358.09j
2017-03-28 00:01:23.310000 PDT,-299.463+288.343j
2017-03-28 00:01:23.320000 PDT,+368.403-195.231j
2017-03-28 00:01:23.330000 PDT,-409.361+85.3203j
2017-03-28 00:01:23.340000 PDT,+418.071+33.0989j
2017-03-28 00:01:23.350000 PDT,-392.719-150.585j
2017-03-28 00:01:23.360000 PDT,+334.279+257.275j
2017-03-28 00:01:23.370000 PDT,-246.622-343.718j
2017-03-28 00:01:23.380000 PDT,+136.382+401.745j
2017-03-28 00:01:23.390000 PDT,-12.5749-425.298j
2017-03-28 00:01:23.400000 PDT,-114.175+411.146j
2017-03-28 00:01:23.410000 PDT,+232.349-359.353j
2017-03-28 00:01:23.420000 PDT,-330.681+273.527j
2017-03-28 00:01:23.430000 PDT,+399.238-160.703j
2017-03-28 00:01:23.440000 PDT,-430.482+30.8828j
2017-03-28 00:01:23.450000 PDT,+420.187+103.764j
2017-03-28 00:01:23.460000 PDT,-368.085-229.992j
2017-03-28 00:01:23.470000 PDT,+278.154+334.775j
2017-03-28 00:01:23.480000 PDT,-158.481-406.684j
2017-03-28 00:01:23.490000 PDT,+20.6678+437.205j
2017-03-28 00:01:23.500000 PDT,+121.2-421.849j
2017-03-28 00:01:23.510000 PDT,-251.936+360.898j
2017-03-28 00:01:23.520000 PDT,+356.878-259.68j
2017-03-28 00:01:23.530000 PDT,-423.58+128.276j
2017-03-28 00:01:23.540000 PDT,+443.377+19.335j
2017-03-28 00:01:23.550000 PDT,-412.631-166.668j
2017-03-28 00:01:23.560000 PDT,+333.469+296.528j
2017-03-28 00:01:23.570000 PDT,-213.879-393.036j
2017-03-28 00:01:23.580000 PDT,+67.0894+443.638j
2017-03-28 00:01:23.590000 PDT,+89.7513-440.86j
2017-03-28 00:01:23.600000 PDT,-237.495+383.549j
2017-03-28 00:01:23.610000 PDT,+357.312-277.389j
2017-03-28 00:01:23.620000 PDT,-433.142+134.574j
2017-03-28 00:01:23.630000 PDT,+453.96+27.4157j
2017-03-28 00:01:23.640000 PDT,-415.542-187.8j
2017-03-28 00:01:23.650000 PDT,+321.384+325.224j
2017-03-28 00:01:23.660000 PDT,-182.714-420.467j
2017-03-28 00:01:23.670000 PDT,+17.3461+459.344j
2017-03-28 00:01:23.680000 PDT,+152.44-434.952j
2017-03-28 00:01:23.690000 PDT,-302.83+349.06j
2017-03-28 00:01:23.700000 PDT,+411.82-212.328j
2017-03-28 00:01:23.710000 PDT,-462.538+43.2442j
2017-03-28 00:01:23.720000 PDT,+446.026+134.194j
2017-03-28 00:01:23.730000 PDT,-363.012-293.783j
2017-03-28 00:01:23.740000 PDT,+224.322+410.984j
2017-03-28 00:01:23.750000 PDT,-49.751-466.795j
2017-03-28 00:01:23.760000 PDT,-134.552+451.017j
2017-03-28 00:01:23.770000 PDT,+299.891-364.331j
2017-03-28 00:01:23.780000 PDT,-419.488+218.759j
2017-03-28 00:01:23.790000 PDT,+472.932-36.3048j
2017-03-28 00:01:23.800000 PDT,-449.867-154.15j
2017-03-28 00:01:23.810000 PDT,+352.233+321.304j
2017-03-28 00:01:23.820000 PDT,-194.571-436.592j
2017-03-28 00:01:23.830000 PDT,+2.17121+479.202j
2017-03-28 00:01:23.840000 PDT,+192.751-440.066j
2017-03-28 00:01:23.850000 PDT,-356.35+324.037j
2017-03-28 00:01:23.860000 PDT,+459.072-149.722j
2017-03-28 00:01:23.870000 PDT,-481.161-53.1783j
2017-03-28 00:01:23.880000 PDT,+416.737+248.712j
2017-03-28 00:01:23.890000 PDT,-275.576-400.964j
2017-03-28 00:01:23.900000 PDT,+81.9578+480.819j
2017-03-28 00:01:23.910000 PDT,+129.074-471.631j
2017-03-28 00:01:23.920000 PDT,-317.947+373.098j
2017-03-28 00:01:23.930000 PDT,+447.952-202.064j
2017-03-28 00:01:23.940000 PDT,-492.537-9.94267j
2017-03-28 00:01:23.950000 PDT,+441.027+222.243j
2017-03-28 00:01:23.960000 PDT,-301.489-392.694j
2017-03-28 00:01:23.970000 PDT,+99.9852+486.125j
2017-03-28 00:01:23.980000 PDT,+123.918-481.842j
2017-03-28 00:01:23.990000 PDT,-324.699+378.569j
2017-03-28 00:01:24.000000 PDT,+460.114-195.599j
2017-03-28 00:01:24.010000 PDT,-500.265-30.342j
2017-03-28 00:01:24.020000 PDT,+434.548+252.15j
2017-03-28 00:01:24.030000 PDT,-274.803-422.046j
2017-03-28 00:01:24.040000 PDT,+53.7386+501.979j
2017-03-28 00:01:24.050000 PDT,+181.361-472.455j
2017-03-28 00:01:24.060000 PDT,-378.546+337.707j
2017-03-28 00:01:24.070000 PDT,+492.708-125.785j
2017-03-28 00:01:24.080000 PDT,-496.17-116.798j
2017-03-28 00:01:24.090000 PDT,+385.819+334.987j
2017-03-28 00:01:24.100000 PDT,-184.896-477.635j
2017-03-28 00:01:24.110000 PDT,-61.3443+509.716j
2017-03-28 00:01:24.120000 PDT,+295.459-421.346j
2017-03-28 00:01:24.130000 PDT,-461.108+231.228j
2017-03-28 00:01:24.140000 PDT,+516.789+16.6525j
2017-03-28 00:01:24.150000 PDT,-446.66-262.883j
2017-03-28 00:01:24.160000 PDT,+265.502+446.529j
2017-03-28 00:01:24.170000 PDT,-16.3319-520.464j
2017-03-28 00:01:24.180000 PDT,-239.331+463.836j
2017-03-28 00:01:24.190000 PDT,+436.436-288.483j
2017-03-28 00:01:24.200000 PDT,-523.061+37.2169j
2017-03-28 00:01:24.210000 PDT,+474.493+226.089j
2017-03-28 00:01:24.220000 PDT,-300.844-432.478j
2017-03-28 00:01:24.230000 PDT,+45.7653+526.059j
2017-03-28 00:01:24.240000 PDT,+223.944-479.555j
2017-03-28 00:01:24.250000 PDT,-435.546+302.849j
2017-03-28 00:01:24.260000 PDT,+530.067-41.7523j
2017-03-28 00:01:24.270000 PDT,-479.17-233.26j
2017-03-28 00:01:24.280000 PDT,+294.276+445.779j
2017-03-28 00:01:24.290000 PDT,-24.8941-534.793j
2017-03-28 00:01:24.300000 PDT,-253.999+472.67j
2017-03-28 00:01:24.310000 PDT,+462.546-274.4j
2017-03-28 00:01:24.320000 PDT,-539.011-5.11671j
2017-03-28 00:01:24.330000 PDT,+458.572+285.637j
2017-03-28 00:01:24.340000 PDT,-242.075-484.352j
2017-03-28 00:01:24.350000 PDT,-48.4625+540.53j
2017-03-28 00:01:24.360000 PDT,+326.992-434.654j
2017-03-28 00:01:24.370000 PDT,-508.719+195.915j
2017-03-28 00:01:24.380000 PDT,+536.189+104.935j
2017-03-28 00:01:24.390000 PDT,-398.139-375.941j
2017-03-28 00:01:24.400000 PDT,+134.649+532.028j
2017-03-28 00:01:24.410000 PDT,+173.521-521.935j
2017-03-28 00:01:24.420000 PDT,-429.21+345.904j
2017-03-28 00:01:24.430000 PDT,+549.471-57.4491j
2017-03-28 00:01:24.440000 PDT,-492.986-252.06j
2017-03-28 00:01:24.450000 PDT,+275.088+481.923j
2017-03-28 00:01:24.460000 PDT,+35.2623-555.01j
2017-03-28 00:01:24.470000 PDT,-336.518+444.291j
2017-03-28 00:01:24.480000 PDT,+527.499-183.7j
2017-03-28 00:01:24.490000 PDT,-541.691-141.2j
2017-03-28 00:01:24.500000 PDT,+371.205+420.645j
2017-03-28 00:01:24.510000 PDT,-71.5603-557.661j
2017-03-28 00:01:24.520000 PDT,-255.408+502.243j
2017-03-28 00:01:24.530000 PDT,+495.655-270.527j
2017-03-28 00:01:24.540000 PDT,-562.852-58.6236j
2017-03-28 00:01:24.550000 PDT,+430.143+369.593j
2017-03-28 00:01:24.560000 PDT,-141.854-550.351j
2017-03-28 00:01:24.570000 PDT,-200.163+533.229j
2017-03-28 00:01:24.580000 PDT,+471.835-321.189j
2017-03-28 00:01:24.590000 PDT,-571.898-10.8717j
2017-03-28 00:01:24.600000 PDT,+460.346+341.564j
2017-03-28 00:01:24.610000 PDT,-175.489-546.981j
2017-03-28 00:01:24.620000 PDT,-177.909+547.483j
2017-03-28 00:01:24.630000 PDT,+466.379-339.54j
2017-03-28 00:01:24.640000 PDT,-578.106-0.354567j
2017-03-28 00:01:24.650000 PDT,+467.005+342.821j
2017-03-28 00:01:24.660000 PDT,-172.826-554.227j
2017-03-28 00:01:24.670000 PDT,-191.632+549.302j
2017-03-28 00:01:24.680000 PDT,+482.954-326.548j
2017-03-28 00:01:24.690000 PDT,-583.518-28.4499j
2017-03-28 00:01:24.700000 PDT,+449.782+374.736j
2017-03-28 00:01:24.710000 PDT,-132.371-571.524j
2017-03-28 00:01:24.720000 PDT,-241.658+535.908j
2017-03-28 00:01:24.730000 PDT,+518.865-278.948j
2017-03-28 00:01:24.740000 PDT,-582.467-95.9472j
2017-03-28 00:01:24.750000 PDT,+402.494+433.491j
2017-03-28 00:01:24.760000 PDT,-51.1979-590.543j
2017-03-28 00:01:24.770000 PDT,-324.538+497.48j
2017-03-28 00:01:24.780000 PDT,+563.93-190.385j
2017-03-28 00:01:24.790000 PDT,-561.43-201.281j
2017-03-28 00:01:24.800000 PDT,+314.45+508.229j
2017-03-28 00:01:24.810000 PDT,+72.3309-594.479j
2017-03-28 00:01:24.820000 PDT,-430.005+418.565j
2017-03-28 00:01:24.830000 PDT,+598.792-54.9177j
2017-03-28 00:01:24.840000 PDT,-500.107-336.052j
2017-03-28 00:01:24.850000 PDT,+174.587+577.953j
2017-03-28 00:01:24.860000 PDT,+232.836-558.367j
2017-03-28 00:01:24.870000 PDT,-536.383+282.415j
2017-03-28 00:01:24.880000 PDT,+594.178+126.093j
2017-03-28 00:01:24.890000 PDT,-375.723-478.815j
2017-03-28 00:01:24.900000 PDT,-20.563+609.505j
2017-03-28 00:01:24.910000 PDT,+409.979-453.13j
2017-03-28 00:01:24.920000 PDT,-607.05+79.9655j
2017-03-28 00:01:24.930000 PDT,+514.503+334.197j
2017-03-28 00:01:24.940000 PDT,-172.863-589.931j
2017-03-28 00:01:24.950000 PDT,-255.266+560.573j
2017-03-28 00:01:24.960000 PDT,+561.384-256.431j
2017-03-28 00:01:24.970000 PDT,-592.721-176.349j
2017-03-28 00:01:24.980000 PDT,+329.81+524.551j
2017-03-28 00:01:24.990000 PDT,+99.9479-612.743j
2017-03-28 00:01:25.000000 PDT,-482.339+392.823j
2017-03-28 00:01:25.010000 PDT,+622.657+27.9316j
2017-03-28 00:01:25.020000 PDT,-445.817-437.324j
2017-03-28 00:01:25.030000 PDT,+38.3979+624.545j
2017-03-28 00:01:25.040000 PDT,+391.71-489.514j
2017-03-28 00:01:25.050000 PDT,-620.44+98.2217j
2017-03-28 00:01:25.060000 PDT,+524.875+347.325j
2017-03-28 00:01:25.070000 PDT,-151.109-612.236j
2017-03-28 00:01:25.080000 PDT,-305.639+552.986j
2017-03-28 00:01:25.090000 PDT,+601.642-196.925j
2017-03-28 00:01:25.100000 PDT,-574.963-267.801j
2017-03-28 00:01:25.110000 PDT,+235.737+590.151j
2017-03-28 00:01:25.120000 PDT,+234.688-591.883j
2017-03-28 00:01:25.130000 PDT,-579.029+267.742j
2017-03-28 00:01:25.140000 PDT,+604.736+206.915j
2017-03-28 00:01:25.150000 PDT,-293.224-569.299j
2017-03-28 00:01:25.160000 PDT,-185.023+614.34j
2017-03-28 00:01:25.170000 PDT,+561.816-312.376j
2017-03-28 00:01:25.180000 PDT,-621.384-169.318j
2017-03-28 00:01:25.190000 PDT,+325.442+557.179j
2017-03-28 00:01:25.200000 PDT,+160.036-626.36j
2017-03-28 00:01:25.210000 PDT,-555.806+332.562j
2017-03-28 00:01:25.220000 PDT,+629.56+157.34j
2017-03-28 00:01:25.230000 PDT,-333.778-557.925j
2017-03-28 00:01:25.240000 PDT,-161.332+631.069j
2017-03-28 00:01:25.250000 PDT,+563.572-329.021j
2017-03-28 00:01:25.260000 PDT,-630.761-172.059j
2017-03-28 00:01:25.270000 PDT,+318.113+572.596j
2017-03-28 00:01:25.280000 PDT,+189.507-628.291j
2017-03-28 00:01:25.290000 PDT,-584.64+300.771j
2017-03-28 00:01:25.300000 PDT,+623.103+213.581j
2017-03-28 00:01:25.310000 PDT,-276.63-599.133j
2017-03-28 00:01:25.320000 PDT,-244.075+614.43j
2017-03-28 00:01:25.330000 PDT,+615.268-245.272j
2017-03-28 00:01:25.340000 PDT,-601.312-280.635j
2017-03-28 00:01:25.350000 PDT,+206.272+631.985j
2017-03-28 00:01:25.360000 PDT,+322.703-582.616j
2017-03-28 00:01:25.370000 PDT,-647.954+159.257j
2017-03-28 00:01:25.380000 PDT,+557.074+369.466j
2017-03-28 00:01:25.390000 PDT,-104.016-661.553j
2017-03-28 00:01:25.400000 PDT,-419.761+523.363j
2017-03-28 00:01:25.410000 PDT,+670.904-40.446j
2017-03-28 00:01:25.420000 PDT,-480.087-472.13j
2017-03-28 00:01:25.430000 PDT,-31.1248+673.845j
2017-03-28 00:01:25.440000 PDT,+524.591-426.016j
2017-03-28 00:01:25.450000 PDT,-668.015-109.969j
2017-03-28 00:01:25.460000 PDT,+360.124+574.719j
2017-03-28 00:01:25.470000 PDT,+194.802-650.924j
2017-03-28 00:01:25.480000 PDT,-619.607+281.775j
2017-03-28 00:01:25.490000 PDT,+620.085+283.67j
2017-03-28 00:01:25.500000 PDT,-190.904-655.893j
2017-03-28 00:01:25.510000 PDT,-373.849+573.19j
2017-03-28 00:01:25.520000 PDT,+679.854-88.2106j
2017-03-28 00:01:25.530000 PDT,-508.336-461.793j
2017-03-28 00:01:25.540000 PDT,-24.6299+687.554j
2017-03-28 00:01:25.550000 PDT,+543.126-424.303j
2017-03-28 00:01:25.560000 PDT,-675.085-144.788j
2017-03-28 00:01:25.570000 PDT,+320.868+612.727j
2017-03-28 00:01:25.580000 PDT,+268.14-638.891j
2017-03-28 00:01:25.590000 PDT,-664.919+199.141j
2017-03-28 00:01:25.600000 PDT,+576.181+389.212j
2017-03-28 00:01:25.610000 PDT,-61.8783-693.788j
2017-03-28 00:01:25.620000 PDT,-501.249+485.409j
2017-03-28 00:01:25.630000 PDT,+693.641+86.2561j
2017-03-28 00:01:25.640000 PDT,-366.831-596.424j
2017-03-28 00:01:25.650000 PDT,-238.517+659.627j
2017-03-28 00:01:25.660000 PDT,+666.356-222.893j
2017-03-28 00:01:25.670000 PDT,-588.413-386.264j
2017-03-28 00:01:25.680000 PDT,+58.841+702.629j
2017-03-28 00:01:25.690000 PDT,+519.038-479.033j
2017-03-28 00:01:25.700000 PDT,-697.766-117.14j
2017-03-28 00:01:25.710000 PDT,+333.648+625.306j
2017-03-28 00:01:25.720000 PDT,+293.923-646.274j
2017-03-28 00:01:25.730000 PDT,-693.374+158.203j
2017-03-28 00:01:25.740000 PDT,+545.814+457.844j
2017-03-28 00:01:25.750000 PDT,+37.1838-712.666j
2017-03-28 00:01:25.760000 PDT,-593.582+398.346j
2017-03-28 00:01:25.770000 PDT,+675.273+238.27j
2017-03-28 00:01:25.780000 PDT,-211.058-685.545j
2017-03-28 00:01:25.790000 PDT,-427.321+577.639j
2017-03-28 00:01:25.800000 PDT,+719.733+3.14331j
2017-03-28 00:01:25.810000 PDT,-422.143-584.449j
2017-03-28 00:01:25.820000 PDT,-225.82+685.968j
2017-03-28 00:01:25.830000 PDT,+689.677-218.308j
2017-03-28 00:01:25.840000 PDT,-580.216-434.085j
2017-03-28 00:01:25.850000 PDT,-16.7253+725.652j
2017-03-28 00:01:25.860000 PDT,+602.702-406.663j
2017-03-28 00:01:25.870000 PDT,-680.757-258.789j
2017-03-28 00:01:25.880000 PDT,+179.082+707.186j
2017-03-28 00:01:25.890000 PDT,+478.576-552.205j
2017-03-28 00:01:25.900000 PDT,-727.677-78.9758j
2017-03-28 00:01:25.910000 PDT,+348.418+645.093j
2017-03-28 00:01:25.920000 PDT,+335.811-653.117j
2017-03-28 00:01:25.930000 PDT,-730.047+90.319j
2017-03-28 00:01:25.940000 PDT,+484.993+554.713j
2017-03-28 00:01:25.950000 PDT,+189.499-713.313j
2017-03-28 00:01:25.960000 PDT,-699.297+239.818j
2017-03-28 00:01:25.970000 PDT,+588.13+449.932j
2017-03-28 00:01:25.980000 PDT,+50.6391-739.987j
2017-03-28 00:01:25.990000 PDT,-647.036+365.106j
2017-03-28 00:01:26.000000 PDT,+660.87+342.088j
2017-03-28 00:01:26.010000 PDT,-73.741-741.724j
2017-03-28 00:01:26.020000 PDT,-583.724+465.489j
2017-03-28 00:01:26.030000 PDT,+708.392+239.623j
2017-03-28 00:01:26.040000 PDT,-179.936-727.11j
2017-03-28 00:01:26.050000 PDT,-518.006+542.74j
2017-03-28 00:01:26.060000 PDT,+736.71+148.285j
2017-03-28 00:01:26.070000 PDT,-266.692-703.877j
2017-03-28 00:01:26.080000 PDT,-456.552+599.973j
2017-03-28 00:01:26.090000 PDT,+751.744+71.6221j
2017-03-28 00:01:26.100000 PDT,-334.325-678.47j
2017-03-28 00:01:26.110000 PDT,-404.206+640.75j
2017-03-28 00:01:26.120000 PDT,+758.723+11.5849j
2017-03-28 00:01:26.130000 PDT,-383.952-655.919j
2017-03-28 00:01:26.140000 PDT,-364.267+668.443j
2017-03-28 00:01:26.150000 PDT,+761.847-30.9364j
2017-03-28 00:01:26.160000 PDT,-416.905-639.86j
2017-03-28 00:01:26.170000 PDT,-338.966+685.711j
2017-03-28 00:01:26.180000 PDT,+764.126-55.4728j
2017-03-28 00:01:26.190000 PDT,-434.157-632.729j
2017-03-28 00:01:26.200000 PDT,-329.565+694.335j
2017-03-28 00:01:26.210000 PDT,+767.311-61.8528j
2017-03-28 00:01:27 PDT,-330.097+695.434j
2017-03-28 00:01:28 PDT,-330.097+695.434j
2017-03-28 00:01:29 PDT,+767.312-61.8452j
2017-03-28 00:01:30 PDT,-437.216-633.589j
2017-03-28 00:01:31 PDT,-330.097+695.434j
2017-03-28 00:01:32 PDT,+767.312-61.8452j
2017-03-28 00:01:33 PDT,-437.216-633.589j
2017-03-28 00:01:34 PDT,-330.097+695.434j
2017-03-28 00:01:35 PDT,+767.312-61.8452j
