2001-08-01 12:00:00 PDT, +2401.77712+0.00000j
2001-08-01 12:00:02.3150 PDT, +2401.77712+0.00000j
2001-08-01 12:00:02.3152 PDT, +2401.15328+0.00000j
2001-08-01 12:00:02.3154 PDT, +2400.52944+0.00000j
2001-08-01 12:00:02.3156 PDT, +2399.90561+0.00000j
2001-08-01 12:00:02.3158 PDT, +2399.28177+0.00000j
2001-08-01 12:00:02.3160 PDT, +2398.65793+0.00000j
2001-08-01 12:00:02.3162 PDT, +2398.03409+0.00000j
2001-08-01 12:00:02.3164 PDT, +2397.41025+0.00000j
2001-08-01 12:00:02.3166 PDT, +2396.78641+0.00000j
2001-08-01 12:00:02.3168 PDT, +2396.16258+0.00000j
2001-08-01 12:00:02.3170 PDT, +2395.53874+0.00000j
2001-08-01 12:00:02.3172 PDT, +2394.91490+0.00000j
2001-08-01 12:00:02.3174 PDT, +2394.29106+0.00000j
2001-08-01 12:00:02.3176 PDT, +2393.66722+0.00000j
2001-08-01 12:00:02.3178 PDT, +2393.04338+0.00000j
2001-08-01 12:00:02.3180 PDT, +2392.41955+0.00000j
2001-08-01 12:00:02.3182 PDT, +2391.79571+0.00000j
2001-08-01 12:00:02.3184 PDT, +2391.17187+0.00000j
2001-08-01 12:00:02.3186 PDT, +2390.54803+0.00000j
2001-08-01 12:00:02.3188 PDT, +2389.92419+0.00000j
2001-08-01 12:00:02.3190 PDT, +2389.30036+0.00000j
2001-08-01 12:00:02.3192 PDT, +2388.67652+0.00000j
2001-08-01 12:00:02.3194 PDT, +2388.05268+0.00000j
2001-08-01 12:00:02.3196 PDT, +2387.42884+0.00000j
2001-08-01 12:00:02.3198 PDT, +2386.80500+0.00000j
2001-08-01 12:00:02.3200 PDT, +2386.18116+0.00000j
2001-08-01 12:00:02.3202 PDT, +2385.55733+0.00000j
2001-08-01 12:00:02.3204 PDT, +2384.93349+0.00000j
2001-08-01 12:00:02.3206 PDT, +2384.30965+0.00000j
2001-08-01 12:00:02.3208 PDT, +2383.68581+0.00000j
2001-08-01 12:00:02.3210 PDT, +2383.06197+0.00000j
2001-08-01 12:00:02.3212 PDT, +2382.43814+0.00000j
2001-08-01 12:00:02.3214 PDT, +2381.81430+0.00000j
2001-08-01 12:00:02.3216 PDT, +2381.19046+0.00000j
2001-08-01 12:00:02.3218 PDT, +2380.56662+0.00000j
2001-08-01 12:00:02.3220 PDT, +2379.94278+0.00000j
2001-08-01 12:00:02.3222 PDT, +2379.31894+0.00000j
2001-08-01 12:00:02.3224 PDT, +2378.69511+0.00000j
2001-08-01 12:00:02.3226 PDT, +2378.07127+0.00000j
2001-08-01 12:00:02.3228 PDT, +2377.44743+0.00000j
2001-08-01 12:00:02.3230 PDT, +2376.82359+0.00000j
2001-08-01 12:00:02.3232 PDT, +2376.19975+0.00000j
2001-08-01 12:00:02.3234 PDT, +2375.57591+0.00000j
2001-08-01 12:00:02.3236 PDT, +2374.95208+0.00000j
2001-08-01 12:00:02.3238 PDT, +2374.32824+0.00000j
2001-08-01 12:00:02.3240 PDT, +2373.70440+0.00000j
2001-08-01 12:00:02.3242 PDT, +2373.08056+0.00000j
2001-08-01 12:00:02.3244 PDT, +2372.45672+0.00000j
2001-08-01 12:00:02.3246 PDT, +2371.83289+0.00000j
2001-08-01 12:00:02.3248 PDT, +2371.20905+0.00000j
2001-08-01 12:00:02.3250 PDT, +2370.58521+0.00000j
2001-08-01 12:00:02.3252 PDT, +2369.96137+0.00000j
2001-08-01 12:00:02.3254 PDT, +2369.33753+0.00000j
2001-08-01 12:00:02.3256 PDT, +2368.71369+0.00000j
2001-08-01 12:00:02.3258 PDT, +2368.08986+0.00000j
2001-08-01 12:00:02.3260 PDT, +2367.46602+0.00000j
2001-08-01 12:00:02.3262 PDT, +2366.84218+0.00000j
2001-08-01 12:00:02.3264 PDT, +2366.21834+0.00000j
2001-08-01 12:00:02.3266 PDT, +2365.59450+0.00000j
2001-08-01 12:00:02.3268 PDT, +2364.97067+0.00000j
2001-08-01 12:00:02.3270 PDT, +2364.34683+0.00000j
2001-08-01 12:00:02.3272 PDT, +2363.72299+0.00000j
2001-08-01 12:00:02.3274 PDT, +2363.09915+0.00000j
2001-08-01 12:00:02.3276 PDT, +2362.47531+0.00000j
2001-08-01 12:00:02.3278 PDT, +2361.85147+0.00000j
2001-08-01 12:00:02.3280 PDT, +2361.22764+0.00000j
2001-08-01 12:00:02.3282 PDT, +2360.60380+0.00000j
2001-08-01 12:00:02.3284 PDT, +2359.97996+0.00000j
2001-08-01 12:00:02.3286 PDT, +2359.35612+0.00000j
2001-08-01 12:00:02.3288 PDT, +2358.73228+0.00000j
2001-08-01 12:00:02.3290 PDT, +2358.10844+0.00000j
2001-08-01 12:00:02.3292 PDT, +2357.48461+0.00000j
2001-08-01 12:00:02.3294 PDT, +2356.86077+0.00000j
2001-08-01 12:00:02.3296 PDT, +2356.23693+0.00000j
2001-08-01 12:00:02.3298 PDT, +2355.61309+0.00000j
2001-08-01 12:00:02.3300 PDT, +2354.98925+0.00000j
2001-08-01 12:00:02.3302 PDT, +2354.36542+0.00000j
2001-08-01 12:00:02.3304 PDT, +2353.74158+0.00000j
2001-08-01 12:00:02.3306 PDT, +2353.11774+0.00000j
2001-08-01 12:00:02.3308 PDT, +2352.49390+0.00000j
2001-08-01 12:00:02.3310 PDT, +2351.87006+0.00000j
2001-08-01 12:00:02.3312 PDT, +2351.24622+0.00000j
2001-08-01 12:00:02.3314 PDT, +2350.62239+0.00000j
2001-08-01 12:00:02.3316 PDT, +2349.99855+0.00000j
2001-08-01 12:00:02.3318 PDT, +2349.37471+0.00000j
2001-08-01 12:00:02.3320 PDT, +2348.75087+0.00000j
2001-08-01 12:00:02.3322 PDT, +2348.12703+0.00000j
2001-08-01 12:00:02.3324 PDT, +2347.50320+0.00000j
2001-08-01 12:00:02.3326 PDT, +2346.87936+0.00000j
2001-08-01 12:00:02.3328 PDT, +2346.25552+0.00000j
2001-08-01 12:00:02.3330 PDT, +2345.63168+0.00000j
2001-08-01 12:00:02.3332 PDT, +2345.00784+0.00000j
2001-08-01 12:00:02.3334 PDT, +2344.38400+0.00000j
2001-08-01 12:00:02.3336 PDT, +2343.76017+0.00000j
2001-08-01 12:00:02.3338 PDT, +2343.13633+0.00000j
2001-08-01 12:00:02.3340 PDT, +2342.51249+0.00000j
2001-08-01 12:00:02.3342 PDT, +2341.88865+0.00000j
2001-08-01 12:00:02.3344 PDT, +2341.26481+0.00000j
2001-08-01 12:00:02.3346 PDT, +2340.64097+0.00000j
2001-08-01 12:00:02.3348 PDT, +2340.01714+0.00000j
2001-08-01 12:00:02.3350 PDT, +2339.39330+0.00000j
2001-08-01 12:00:02.3352 PDT, +2338.76946+0.00000j
2001-08-01 12:00:02.3354 PDT, +2338.14562+0.00000j
2001-08-01 12:00:02.3356 PDT, +2337.52178+0.00000j
2001-08-01 12:00:02.3358 PDT, +2336.89795+0.00000j
2001-08-01 12:00:02.3360 PDT, +2336.27411+0.00000j
2001-08-01 12:00:02.3362 PDT, +2335.65027+0.00000j
2001-08-01 12:00:02.3364 PDT, +2335.02643+0.00000j
2001-08-01 12:00:02.3366 PDT, +2334.40259+0.00000j
2001-08-01 12:00:02.3368 PDT, +2333.77875+0.00000j
2001-08-01 12:00:02.3370 PDT, +2333.15492+0.00000j
2001-08-01 12:00:02.3372 PDT, +2332.53108+0.00000j
2001-08-01 12:00:02.3374 PDT, +2331.90724+0.00000j
2001-08-01 12:00:02.3376 PDT, +2331.28340+0.00000j
2001-08-01 12:00:02.3378 PDT, +2330.65956+0.00000j
2001-08-01 12:00:02.3380 PDT, +2330.03573+0.00000j
2001-08-01 12:00:02.3382 PDT, +2329.41189+0.00000j
2001-08-01 12:00:02.3384 PDT, +2328.78805+0.00000j
2001-08-01 12:00:02.3386 PDT, +2328.16421+0.00000j
2001-08-01 12:00:02.3388 PDT, +2327.54037+0.00000j
2001-08-01 12:00:02.3390 PDT, +2326.91653+0.00000j
2001-08-01 12:00:02.3392 PDT, +2326.29270+0.00000j
2001-08-01 12:00:02.3394 PDT, +2325.66886+0.00000j
2001-08-01 12:00:02.3396 PDT, +2325.04502+0.00000j
2001-08-01 12:00:02.3398 PDT, +2324.42118+0.00000j
2001-08-01 12:00:02.3400 PDT, +2323.79734+0.00000j
2001-08-01 12:00:02.3402 PDT, +2323.17350+0.00000j
2001-08-01 12:00:02.3404 PDT, +2322.54967+0.00000j
2001-08-01 12:00:02.3406 PDT, +2321.92583+0.00000j
2001-08-01 12:00:02.3408 PDT, +2321.30199+0.00000j
2001-08-01 12:00:02.3410 PDT, +2320.67815+0.00000j
2001-08-01 12:00:02.3412 PDT, +2320.05431+0.00000j
2001-08-01 12:00:02.3414 PDT, +2319.43048+0.00000j
2001-08-01 12:00:02.3416 PDT, +2318.80664+0.00000j
2001-08-01 12:00:02.3418 PDT, +2318.18280+0.00000j
2001-08-01 12:00:02.3420 PDT, +2317.55896+0.00000j
2001-08-01 12:00:02.3422 PDT, +2316.93512+0.00000j
2001-08-01 12:00:02.3424 PDT, +2316.31128+0.00000j
2001-08-01 12:00:02.3426 PDT, +2315.68745+0.00000j
2001-08-01 12:00:02.3428 PDT, +2315.06361+0.00000j
2001-08-01 12:00:02.3430 PDT, +2314.43977+0.00000j
2001-08-01 12:00:02.3432 PDT, +2313.81593+0.00000j
2001-08-01 12:00:02.3434 PDT, +2313.19209+0.00000j
2001-08-01 12:00:02.3436 PDT, +2312.56826+0.00000j
2001-08-01 12:00:02.3438 PDT, +2311.94442+0.00000j
2001-08-01 12:00:02.3440 PDT, +2311.32058+0.00000j
2001-08-01 12:00:02.3442 PDT, +2310.69674+0.00000j
2001-08-01 12:00:02.3444 PDT, +2310.07290+0.00000j
2001-08-01 12:00:02.3446 PDT, +2309.44906+0.00000j
2001-08-01 12:00:02.3448 PDT, +2308.82523+0.00000j
2001-08-01 12:00:02.3450 PDT, +2308.20139+0.00000j
2001-08-01 12:00:02.3452 PDT, +2307.57755+0.00000j
2001-08-01 12:00:02.3454 PDT, +2306.95371+0.00000j
2001-08-01 12:00:02.3456 PDT, +2306.32987+0.00000j
2001-08-01 12:00:02.3458 PDT, +2305.70604+0.00000j
2001-08-01 12:00:02.3460 PDT, +2305.08220+0.00000j
2001-08-01 12:00:02.3462 PDT, +2304.45836+0.00000j
2001-08-01 12:00:02.3464 PDT, +2303.83452+0.00000j
2001-08-01 12:00:02.3466 PDT, +2303.21068+0.00000j
2001-08-01 12:00:02.3468 PDT, +2302.58684+0.00000j
2001-08-01 12:00:02.3470 PDT, +2301.96301+0.00000j
2001-08-01 12:00:02.3472 PDT, +2301.33917+0.00000j
2001-08-01 12:00:02.3474 PDT, +2300.71533+0.00000j
2001-08-01 12:00:02.3476 PDT, +2300.09149+0.00000j
2001-08-01 12:00:02.3478 PDT, +2299.46765+0.00000j
2001-08-01 12:00:02.3480 PDT, +2298.84381+0.00000j
2001-08-01 12:00:02.3482 PDT, +2298.21998+0.00000j
2001-08-01 12:00:02.3484 PDT, +2297.59614+0.00000j
2001-08-01 12:00:02.3486 PDT, +2296.97230+0.00000j
2001-08-01 12:00:02.3488 PDT, +2296.34846+0.00000j
2001-08-01 12:00:02.3490 PDT, +2295.72462+0.00000j
2001-08-01 12:00:02.3492 PDT, +2295.10079+0.00000j
2001-08-01 12:00:02.3494 PDT, +2294.47695+0.00000j
2001-08-01 12:00:02.3496 PDT, +2293.85311+0.00000j
2001-08-01 12:00:02.3498 PDT, +2293.22927+0.00000j
2001-08-01 12:00:02.3500 PDT, +2292.60543+0.00000j
2001-08-01 12:00:02.3502 PDT, +2291.98159+0.00000j
2001-08-01 12:00:02.3504 PDT, +2291.35776+0.00000j
2001-08-01 12:00:02.3506 PDT, +2290.73392+0.00000j
2001-08-01 12:00:02.3508 PDT, +2290.11008+0.00000j
2001-08-01 12:00:02.3510 PDT, +2289.48624+0.00000j
2001-08-01 12:00:02.3512 PDT, +2288.86240+0.00000j
2001-08-01 12:00:02.3514 PDT, +2288.23857+0.00000j
2001-08-01 12:00:02.3516 PDT, +2287.61473+0.00000j
2001-08-01 12:00:02.3518 PDT, +2286.99089+0.00000j
2001-08-01 12:00:02.3520 PDT, +2286.36705+0.00000j
2001-08-01 12:00:02.3522 PDT, +2285.74321+0.00000j
2001-08-01 12:00:02.3524 PDT, +2285.11937+0.00000j
2001-08-01 12:00:02.3526 PDT, +2284.49554+0.00000j
2001-08-01 12:00:02.3528 PDT, +2283.87170+0.00000j
2001-08-01 12:00:02.3530 PDT, +2283.24786+0.00000j
2001-08-01 12:00:02.3532 PDT, +2282.62402+0.00000j
2001-08-01 12:00:02.3534 PDT, +2282.00018+0.00000j
2001-08-01 12:00:02.3536 PDT, +2281.37634+0.00000j
2001-08-01 12:00:02.3538 PDT, +2280.75251+0.00000j
2001-08-01 12:00:02.3540 PDT, +2280.12867+0.00000j
2001-08-01 12:00:02.3542 PDT, +2279.50483+0.00000j
2001-08-01 12:00:02.3544 PDT, +2278.88099+0.00000j
2001-08-01 12:00:02.3546 PDT, +2278.25715+0.00000j
2001-08-01 12:00:02.3548 PDT, +2277.63332+0.00000j
2001-08-01 12:00:02.3550 PDT, +2277.00948+0.00000j
2001-08-01 12:00:02.3552 PDT, +2276.38564+0.00000j
2001-08-01 12:00:02.3554 PDT, +2275.76180+0.00000j
2001-08-01 12:00:02.3556 PDT, +2275.13796+0.00000j
2001-08-01 12:00:02.3558 PDT, +2274.51412+0.00000j
2001-08-01 12:00:02.3560 PDT, +2273.89029+0.00000j
2001-08-01 12:00:02.3562 PDT, +2273.26645+0.00000j
2001-08-01 12:00:02.3564 PDT, +2272.64261+0.00000j
2001-08-01 12:00:02.3566 PDT, +2272.01877+0.00000j
2001-08-01 12:00:02.3568 PDT, +2271.39493+0.00000j
2001-08-01 12:00:02.3570 PDT, +2270.77110+0.00000j
2001-08-01 12:00:02.3572 PDT, +2270.14726+0.00000j
2001-08-01 12:00:02.3574 PDT, +2269.52342+0.00000j
2001-08-01 12:00:02.3576 PDT, +2268.89958+0.00000j
2001-08-01 12:00:02.3578 PDT, +2268.27574+0.00000j
2001-08-01 12:00:02.3580 PDT, +2267.65190+0.00000j
2001-08-01 12:00:02.3582 PDT, +2267.02807+0.00000j
2001-08-01 12:00:02.3584 PDT, +2266.40423+0.00000j
2001-08-01 12:00:02.3586 PDT, +2265.78039+0.00000j
2001-08-01 12:00:02.3588 PDT, +2265.15655+0.00000j
2001-08-01 12:00:02.3590 PDT, +2264.53271+0.00000j
2001-08-01 12:00:02.3592 PDT, +2263.90887+0.00000j
2001-08-01 12:00:02.3594 PDT, +2263.28504+0.00000j
2001-08-01 12:00:02.3596 PDT, +2262.66120+0.00000j
2001-08-01 12:00:02.3598 PDT, +2262.03736+0.00000j
2001-08-01 12:00:02.3600 PDT, +2261.41352+0.00000j
2001-08-01 12:00:02.3602 PDT, +2260.78968+0.00000j
2001-08-01 12:00:02.3604 PDT, +2260.16585+0.00000j
2001-08-01 12:00:02.3606 PDT, +2259.54201+0.00000j
2001-08-01 12:00:02.3608 PDT, +2258.91817+0.00000j
2001-08-01 12:00:02.3610 PDT, +2258.29433+0.00000j
2001-08-01 12:00:02.3612 PDT, +2257.67049+0.00000j
2001-08-01 12:00:02.3614 PDT, +2257.04665+0.00000j
2001-08-01 12:00:02.3616 PDT, +2256.42282+0.00000j
2001-08-01 12:00:02.3618 PDT, +2255.79898+0.00000j
2001-08-01 12:00:02.3620 PDT, +2255.17514+0.00000j
2001-08-01 12:00:02.3622 PDT, +2254.55130+0.00000j
2001-08-01 12:00:02.3624 PDT, +2253.92746+0.00000j
2001-08-01 12:00:02.3626 PDT, +2253.30363+0.00000j
2001-08-01 12:00:02.3628 PDT, +2252.67979+0.00000j
2001-08-01 12:00:02.3630 PDT, +2252.05595+0.00000j
2001-08-01 12:00:02.3632 PDT, +2251.43211+0.00000j
2001-08-01 12:00:02.3634 PDT, +2250.80827+0.00000j
2001-08-01 12:00:02.3636 PDT, +2250.18443+0.00000j
2001-08-01 12:00:02.3638 PDT, +2249.56060+0.00000j
2001-08-01 12:00:02.3640 PDT, +2248.93676+0.00000j
2001-08-01 12:00:02.3642 PDT, +2248.31292+0.00000j
2001-08-01 12:00:02.3644 PDT, +2247.68908+0.00000j
2001-08-01 12:00:02.3646 PDT, +2247.06524+0.00000j
2001-08-01 12:00:02.3648 PDT, +2246.44140+0.00000j
2001-08-01 12:00:02.3650 PDT, +2245.81757+0.00000j
2001-08-01 12:00:02.3652 PDT, +2245.19373+0.00000j
2001-08-01 12:00:02.3654 PDT, +2244.56989+0.00000j
2001-08-01 12:00:02.3656 PDT, +2243.94605+0.00000j
2001-08-01 12:00:02.3658 PDT, +2243.32221+0.00000j
2001-08-01 12:00:02.3660 PDT, +2242.69838+0.00000j
2001-08-01 12:00:02.3662 PDT, +2242.07454+0.00000j
2001-08-01 12:00:02.3664 PDT, +2241.45070+0.00000j
2001-08-01 12:00:02.3666 PDT, +2240.82686+0.00000j
2001-08-01 12:00:02.3668 PDT, +2240.20302+0.00000j
2001-08-01 12:00:02.3670 PDT, +2239.57918+0.00000j
2001-08-01 12:00:02.3672 PDT, +2238.95535+0.00000j
2001-08-01 12:00:02.3674 PDT, +2238.33151+0.00000j
2001-08-01 12:00:02.3676 PDT, +2237.70767+0.00000j
2001-08-01 12:00:02.3678 PDT, +2237.08383+0.00000j
2001-08-01 12:00:02.3680 PDT, +2236.45999+0.00000j
2001-08-01 12:00:02.3682 PDT, +2235.83616+0.00000j
2001-08-01 12:00:02.3684 PDT, +2235.21232+0.00000j
2001-08-01 12:00:02.3686 PDT, +2234.58848+0.00000j
2001-08-01 12:00:02.3688 PDT, +2233.96464+0.00000j
2001-08-01 12:00:02.3690 PDT, +2233.34080+0.00000j
2001-08-01 12:00:02.3692 PDT, +2232.71696+0.00000j
2001-08-01 12:00:02.3694 PDT, +2232.09313+0.00000j
2001-08-01 12:00:02.3696 PDT, +2231.46929+0.00000j
2001-08-01 12:00:02.3698 PDT, +2230.84545+0.00000j
2001-08-01 12:00:02.3700 PDT, +2230.22161+0.00000j
2001-08-01 12:00:02.3702 PDT, +2229.59777+0.00000j
2001-08-01 12:00:02.3704 PDT, +2228.97393+0.00000j
2001-08-01 12:00:02.3706 PDT, +2228.35010+0.00000j
2001-08-01 12:00:02.3708 PDT, +2227.72626+0.00000j
2001-08-01 12:00:02.3710 PDT, +2227.10242+0.00000j
2001-08-01 12:00:02.3712 PDT, +2226.47858+0.00000j
2001-08-01 12:00:02.3714 PDT, +2225.85474+0.00000j
2001-08-01 12:00:02.3716 PDT, +2225.23091+0.00000j
2001-08-01 12:00:02.3718 PDT, +2224.60707+0.00000j
2001-08-01 12:00:02.3720 PDT, +2223.98323+0.00000j
2001-08-01 12:00:02.3722 PDT, +2223.35939+0.00000j
2001-08-01 12:00:02.3724 PDT, +2222.73555+0.00000j
2001-08-01 12:00:02.3726 PDT, +2222.11171+0.00000j
2001-08-01 12:00:02.3728 PDT, +2221.48788+0.00000j
2001-08-01 12:00:02.3730 PDT, +2220.86404+0.00000j
2001-08-01 12:00:02.3732 PDT, +2220.24020+0.00000j
2001-08-01 12:00:02.3734 PDT, +2219.61636+0.00000j
2001-08-01 12:00:02.3736 PDT, +2218.99252+0.00000j
2001-08-01 12:00:02.3738 PDT, +2218.36869+0.00000j
2001-08-01 12:00:02.3740 PDT, +2217.74485+0.00000j
2001-08-01 12:00:02.3742 PDT, +2217.12101+0.00000j
2001-08-01 12:00:02.3744 PDT, +2216.49717+0.00000j
2001-08-01 12:00:02.3746 PDT, +2215.87333+0.00000j
2001-08-01 12:00:02.3748 PDT, +2215.24949+0.00000j
2001-08-01 12:00:02.3750 PDT, +2214.62566+0.00000j
2001-08-01 12:00:02.3752 PDT, +2214.00182+0.00000j
2001-08-01 12:00:02.3754 PDT, +2213.37798+0.00000j
2001-08-01 12:00:02.3756 PDT, +2212.75414+0.00000j
2001-08-01 12:00:02.3758 PDT, +2212.13030+0.00000j
2001-08-01 12:00:02.3760 PDT, +2211.50646+0.00000j
2001-08-01 12:00:02.3762 PDT, +2210.88263+0.00000j
2001-08-01 12:00:02.3764 PDT, +2210.25879+0.00000j
2001-08-01 12:00:02.3766 PDT, +2209.63495+0.00000j
2001-08-01 12:00:02.3768 PDT, +2209.01111+0.00000j
2001-08-01 12:00:02.3770 PDT, +2208.38727+0.00000j
2001-08-01 12:00:02.3772 PDT, +2207.76344+0.00000j
2001-08-01 12:00:02.3774 PDT, +2207.13960+0.00000j
2001-08-01 12:00:02.3776 PDT, +2206.51576+0.00000j
2001-08-01 12:00:02.3778 PDT, +2205.89192+0.00000j
2001-08-01 12:00:02.3780 PDT, +2205.26808+0.00000j
2001-08-01 12:00:02.3782 PDT, +2204.64424+0.00000j
2001-08-01 12:00:02.3784 PDT, +2204.02041+0.00000j
2001-08-01 12:00:02.3786 PDT, +2203.39657+0.00000j
2001-08-01 12:00:02.3788 PDT, +2202.77273+0.00000j
2001-08-01 12:00:02.3790 PDT, +2202.14889+0.00000j
2001-08-01 12:00:02.3792 PDT, +2201.52505+0.00000j
2001-08-01 12:00:02.3794 PDT, +2200.90122+0.00000j
2001-08-01 12:00:02.3796 PDT, +2200.27738+0.00000j
2001-08-01 12:00:02.3798 PDT, +2199.65354+0.00000j
2001-08-01 12:00:02.3800 PDT, +2199.02970+0.00000j
2001-08-01 12:00:02.3802 PDT, +2198.40586+0.00000j
2001-08-01 12:00:02.3804 PDT, +2197.78202+0.00000j
2001-08-01 12:00:02.3806 PDT, +2197.15819+0.00000j
2001-08-01 12:00:02.3808 PDT, +2196.53435+0.00000j
2001-08-01 12:00:02.3810 PDT, +2195.91051+0.00000j
2001-08-01 12:00:02.3812 PDT, +2195.28667+0.00000j
2001-08-01 12:00:02.3814 PDT, +2194.66283+0.00000j
2001-08-01 12:00:02.3816 PDT, +2194.03899+0.00000j
2001-08-01 12:00:02.3818 PDT, +2193.41516+0.00000j
2001-08-01 12:00:02.3820 PDT, +2192.79132+0.00000j
2001-08-01 12:00:02.3822 PDT, +2192.16748+0.00000j
2001-08-01 12:00:02.3824 PDT, +2191.54364+0.00000j
2001-08-01 12:00:02.3826 PDT, +2190.91980+0.00000j
2001-08-01 12:00:02.3828 PDT, +2190.29597+0.00000j
2001-08-01 12:00:02.3830 PDT, +2189.67213+0.00000j
2001-08-01 12:00:02.3832 PDT, +2189.04829+0.00000j
2001-08-01 12:00:02.3834 PDT, +2188.42445+0.00000j
2001-08-01 12:00:02.3836 PDT, +2187.80061+0.00000j
2001-08-01 12:00:02.3838 PDT, +2187.17677+0.00000j
2001-08-01 12:00:02.3840 PDT, +2186.55294+0.00000j
2001-08-01 12:00:02.3842 PDT, +2185.92910+0.00000j
2001-08-01 12:00:02.3844 PDT, +2185.30526+0.00000j
2001-08-01 12:00:02.3846 PDT, +2184.68142+0.00000j
2001-08-01 12:00:02.3848 PDT, +2184.05758+0.00000j
2001-08-01 12:00:02.3850 PDT, +2183.43375+0.00000j
2001-08-01 12:00:02.3852 PDT, +2182.80991+0.00000j
2001-08-01 12:00:02.3854 PDT, +2182.18607+0.00000j
2001-08-01 12:00:02.3856 PDT, +2181.56223+0.00000j
2001-08-01 12:00:02.3858 PDT, +2180.93839+0.00000j
2001-08-01 12:00:02.3860 PDT, +2180.31455+0.00000j
2001-08-01 12:00:02.3862 PDT, +2179.69072+0.00000j
2001-08-01 12:00:02.3864 PDT, +2179.06688+0.00000j
2001-08-01 12:00:02.3866 PDT, +2178.44304+0.00000j
2001-08-01 12:00:02.3868 PDT, +2177.81920+0.00000j
2001-08-01 12:00:02.3870 PDT, +2177.19536+0.00000j
2001-08-01 12:00:02.3872 PDT, +2176.57152+0.00000j
2001-08-01 12:00:02.3874 PDT, +2175.94769+0.00000j
2001-08-01 12:00:02.3876 PDT, +2175.32385+0.00000j
2001-08-01 12:00:02.3878 PDT, +2174.70001+0.00000j
2001-08-01 12:00:02.3880 PDT, +2174.07617+0.00000j
2001-08-01 12:00:02.3882 PDT, +2173.45233+0.00000j
2001-08-01 12:00:02.3884 PDT, +2172.82850+0.00000j
2001-08-01 12:00:02.3886 PDT, +2172.20466+0.00000j
2001-08-01 12:00:02.3888 PDT, +2171.58082+0.00000j
2001-08-01 12:00:02.3890 PDT, +2170.95698+0.00000j
2001-08-01 12:00:02.3892 PDT, +2170.33314+0.00000j
2001-08-01 12:00:02.3894 PDT, +2169.70930+0.00000j
2001-08-01 12:00:02.3896 PDT, +2169.08547+0.00000j
2001-08-01 12:00:02.3898 PDT, +2168.46163+0.00000j
2001-08-01 12:00:02.3900 PDT, +2167.83779+0.00000j
2001-08-01 12:00:02.3902 PDT, +2167.21395+0.00000j
2001-08-01 12:00:02.3904 PDT, +2166.59011+0.00000j
2001-08-01 12:00:02.3906 PDT, +2165.96628+0.00000j
2001-08-01 12:00:02.3908 PDT, +2165.34244+0.00000j
2001-08-01 12:00:02.3910 PDT, +2164.71860+0.00000j
2001-08-01 12:00:02.3912 PDT, +2164.09476+0.00000j
2001-08-01 12:00:02.3914 PDT, +2163.47092+0.00000j
2001-08-01 12:00:02.3916 PDT, +2162.84708+0.00000j
2001-08-01 12:00:02.3918 PDT, +2162.22325+0.00000j
2001-08-01 12:00:02.3920 PDT, +2161.59941+0.00000j
2001-08-01 12:00:02.3922 PDT, +2160.97557+0.00000j
2001-08-01 12:00:02.3924 PDT, +2160.35173+0.00000j
2001-08-01 12:00:02.3926 PDT, +2159.72789+0.00000j
2001-08-01 12:00:02.3928 PDT, +2159.10405+0.00000j
2001-08-01 12:00:02.3930 PDT, +2158.48022+0.00000j
2001-08-01 12:00:02.3932 PDT, +2157.85638+0.00000j
2001-08-01 12:00:02.3934 PDT, +2157.23254+0.00000j
2001-08-01 12:00:02.3936 PDT, +2156.60870+0.00000j
2001-08-01 12:00:02.3938 PDT, +2155.98486+0.00000j
2001-08-01 12:00:02.3940 PDT, +2155.36103+0.00000j
2001-08-01 12:00:02.3942 PDT, +2154.73719+0.00000j
2001-08-01 12:00:02.3944 PDT, +2154.11335+0.00000j
2001-08-01 12:00:02.3946 PDT, +2153.48951+0.00000j
2001-08-01 12:00:02.3948 PDT, +2152.86567+0.00000j
2001-08-01 12:00:02.3950 PDT, +2152.24183+0.00000j
2001-08-01 12:00:02.3952 PDT, +2151.61800+0.00000j
2001-08-01 12:00:02.3954 PDT, +2150.99416+0.00000j
2001-08-01 12:00:02.3956 PDT, +2150.37032+0.00000j
2001-08-01 12:00:02.3958 PDT, +2149.74648+0.00000j
2001-08-01 12:00:02.3960 PDT, +2149.12264+0.00000j
2001-08-01 12:00:02.3962 PDT, +2148.49881+0.00000j
2001-08-01 12:00:02.3964 PDT, +2147.87497+0.00000j
2001-08-01 12:00:02.3966 PDT, +2147.25113+0.00000j
2001-08-01 12:00:02.3968 PDT, +2146.62729+0.00000j
2001-08-01 12:00:02.3970 PDT, +2146.00345+0.00000j
2001-08-01 12:00:02.3972 PDT, +2145.37961+0.00000j
2001-08-01 12:00:02.3974 PDT, +2144.75578+0.00000j
2001-08-01 12:00:02.3976 PDT, +2144.13194+0.00000j
2001-08-01 12:00:02.3978 PDT, +2143.50810+0.00000j
2001-08-01 12:00:02.3980 PDT, +2142.88426+0.00000j
2001-08-01 12:00:02.3982 PDT, +2142.26042+0.00000j
2001-08-01 12:00:02.3984 PDT, +2141.63659+0.00000j
2001-08-01 12:00:02.3986 PDT, +2141.01275+0.00000j
2001-08-01 12:00:02.3988 PDT, +2140.38891+0.00000j
2001-08-01 12:00:02.3990 PDT, +2139.76507+0.00000j
2001-08-01 12:00:02.3992 PDT, +2139.14123+0.00000j
2001-08-01 12:00:02.3994 PDT, +2138.51739+0.00000j
2001-08-01 12:00:02.3996 PDT, +2137.89356+0.00000j
2001-08-01 12:00:02.3998 PDT, +2137.26972+0.00000j
2001-08-01 12:00:02.4000 PDT, +2136.64588+0.00000j
2001-08-01 12:00:02.4002 PDT, +2136.02204+0.00000j
2001-08-01 12:00:02.4004 PDT, +2135.39820+0.00000j
2001-08-01 12:00:02.4006 PDT, +2134.77436+0.00000j
2001-08-01 12:00:02.4008 PDT, +2134.15053+0.00000j
2001-08-01 12:00:02.4010 PDT, +2133.52669+0.00000j
2001-08-01 12:00:02.4012 PDT, +2132.90285+0.00000j
2001-08-01 12:00:02.4014 PDT, +2132.27901+0.00000j
2001-08-01 12:00:02.4016 PDT, +2131.65517+0.00000j
2001-08-01 12:00:02.4018 PDT, +2131.03134+0.00000j
2001-08-01 12:00:02.4020 PDT, +2130.40750+0.00000j
2001-08-01 12:00:02.4022 PDT, +2129.78366+0.00000j
2001-08-01 12:00:02.4024 PDT, +2129.15982+0.00000j
2001-08-01 12:00:02.4026 PDT, +2128.53598+0.00000j
2001-08-01 12:00:02.4028 PDT, +2127.91214+0.00000j
2001-08-01 12:00:02.4030 PDT, +2127.28831+0.00000j
2001-08-01 12:00:02.4032 PDT, +2126.66447+0.00000j
2001-08-01 12:00:02.4034 PDT, +2126.04063+0.00000j
2001-08-01 12:00:02.4036 PDT, +2125.41679+0.00000j
2001-08-01 12:00:02.4038 PDT, +2124.79295+0.00000j
2001-08-01 12:00:02.4040 PDT, +2124.16912+0.00000j
2001-08-01 12:00:02.4042 PDT, +2123.54528+0.00000j
2001-08-01 12:00:02.4044 PDT, +2122.92144+0.00000j
2001-08-01 12:00:02.4046 PDT, +2122.29760+0.00000j
2001-08-01 12:00:02.4048 PDT, +2121.67376+0.00000j
2001-08-01 12:00:02.4050 PDT, +2121.04992+0.00000j
2001-08-01 12:00:02.4052 PDT, +2120.42609+0.00000j
2001-08-01 12:00:02.4054 PDT, +2119.80225+0.00000j
2001-08-01 12:00:02.4056 PDT, +2119.17841+0.00000j
2001-08-01 12:00:02.4058 PDT, +2118.55457+0.00000j
2001-08-01 12:00:02.4060 PDT, +2117.93073+0.00000j
2001-08-01 12:00:02.4062 PDT, +2117.30689+0.00000j
2001-08-01 12:00:02.4064 PDT, +2116.68306+0.00000j
2001-08-01 12:00:02.4066 PDT, +2116.05922+0.00000j
2001-08-01 12:00:02.4068 PDT, +2115.43538+0.00000j
2001-08-01 12:00:02.4070 PDT, +2114.81154+0.00000j
2001-08-01 12:00:02.4072 PDT, +2114.18770+0.00000j
2001-08-01 12:00:02.4074 PDT, +2113.56387+0.00000j
2001-08-01 12:00:02.4076 PDT, +2112.94003+0.00000j
2001-08-01 12:00:02.4078 PDT, +2112.31619+0.00000j
2001-08-01 12:00:02.4080 PDT, +2111.69235+0.00000j
2001-08-01 12:00:02.4082 PDT, +2111.06851+0.00000j
2001-08-01 12:00:02.4084 PDT, +2110.44467+0.00000j
2001-08-01 12:00:02.4086 PDT, +2109.82084+0.00000j
2001-08-01 12:00:02.4088 PDT, +2109.19700+0.00000j
2001-08-01 12:00:02.4090 PDT, +2108.57316+0.00000j
2001-08-01 12:00:02.4092 PDT, +2107.94932+0.00000j
2001-08-01 12:00:02.4094 PDT, +2107.32548+0.00000j
2001-08-01 12:00:02.4096 PDT, +2106.70165+0.00000j
2001-08-01 12:00:02.4098 PDT, +2106.07781+0.00000j
2001-08-01 12:00:02.4100 PDT, +2105.45397+0.00000j
2001-08-01 12:00:02.4102 PDT, +2104.83013+0.00000j
2001-08-01 12:00:02.4104 PDT, +2104.20629+0.00000j
2001-08-01 12:00:02.4106 PDT, +2103.58245+0.00000j
2001-08-01 12:00:02.4108 PDT, +2102.95862+0.00000j
2001-08-01 12:00:02.4110 PDT, +2102.33478+0.00000j
2001-08-01 12:00:02.4112 PDT, +2101.71094+0.00000j
2001-08-01 12:00:02.4114 PDT, +2101.08710+0.00000j
2001-08-01 12:00:02.4116 PDT, +2100.46326+0.00000j
2001-08-01 12:00:02.4118 PDT, +2099.83942+0.00000j
2001-08-01 12:00:02.4120 PDT, +2099.21559+0.00000j
2001-08-01 12:00:02.4122 PDT, +2098.59175+0.00000j
2001-08-01 12:00:02.4124 PDT, +2097.96791+0.00000j
2001-08-01 12:00:02.4126 PDT, +2097.34407+0.00000j
2001-08-01 12:00:02.4128 PDT, +2096.72023+0.00000j
2001-08-01 12:00:02.4130 PDT, +2096.09640+0.00000j
2001-08-01 12:00:02.4132 PDT, +2095.47256+0.00000j
2001-08-01 12:00:02.4134 PDT, +2094.84872+0.00000j
2001-08-01 12:00:02.4136 PDT, +2094.22488+0.00000j
2001-08-01 12:00:02.4138 PDT, +2093.60104+0.00000j
2001-08-01 12:00:02.4140 PDT, +2092.97720+0.00000j
2001-08-01 12:00:02.4142 PDT, +2092.35337+0.00000j
2001-08-01 12:00:02.4144 PDT, +2091.72953+0.00000j
2001-08-01 12:00:02.4146 PDT, +2091.10569+0.00000j
2001-08-01 12:00:02.4148 PDT, +2090.48185+0.00000j
2001-08-01 12:00:02.4150 PDT, +2089.85801+0.00000j
2001-08-01 12:00:02.4152 PDT, +2089.23418+0.00000j
2001-08-01 12:00:02.4154 PDT, +2088.61034+0.00000j
2001-08-01 12:00:02.4156 PDT, +2087.98650+0.00000j
2001-08-01 12:00:02.4158 PDT, +2087.36266+0.00000j
2001-08-01 12:00:02.4160 PDT, +2086.73882+0.00000j
2001-08-01 12:00:02.4162 PDT, +2086.11498+0.00000j
2001-08-01 12:00:02.4164 PDT, +2085.49115+0.00000j
2001-08-01 12:00:02.4166 PDT, +2084.86731+0.00000j
2001-08-01 12:00:02.4168 PDT, +2084.24347+0.00000j
2001-08-01 12:00:02.4170 PDT, +2083.61963+0.00000j
2001-08-01 12:00:02.4172 PDT, +2082.99579+0.00000j
2001-08-01 12:00:02.4174 PDT, +2082.37195+0.00000j
2001-08-01 12:00:02.4176 PDT, +2081.74812+0.00000j
2001-08-01 12:00:02.4178 PDT, +2081.12428+0.00000j
2001-08-01 12:00:02.4180 PDT, +2080.50044+0.00000j
2001-08-01 12:00:02.4182 PDT, +2079.87660+0.00000j
2001-08-01 12:00:02.4184 PDT, +2079.25276+0.00000j
2001-08-01 12:00:02.4186 PDT, +2078.62893+0.00000j
2001-08-01 12:00:02.4188 PDT, +2078.00509+0.00000j
2001-08-01 12:00:02.4190 PDT, +2077.38125+0.00000j
2001-08-01 12:00:02.4192 PDT, +2076.75741+0.00000j
2001-08-01 12:00:02.4194 PDT, +2076.13357+0.00000j
2001-08-01 12:00:02.4196 PDT, +2075.50973+0.00000j
2001-08-01 12:00:02.4198 PDT, +2074.88590+0.00000j
2001-08-01 12:00:02.4200 PDT, +2074.26206+0.00000j
2001-08-01 12:00:02.4202 PDT, +2073.63822+0.00000j
2001-08-01 12:00:02.4204 PDT, +2073.01438+0.00000j
2001-08-01 12:00:02.4206 PDT, +2072.39054+0.00000j
2001-08-01 12:00:02.4208 PDT, +2071.76671+0.00000j
2001-08-01 12:00:02.4210 PDT, +2071.14287+0.00000j
2001-08-01 12:00:02.4212 PDT, +2070.51903+0.00000j
2001-08-01 12:00:02.4214 PDT, +2069.89519+0.00000j
2001-08-01 12:00:02.4216 PDT, +2069.27135+0.00000j
2001-08-01 12:00:02.4218 PDT, +2068.64751+0.00000j
2001-08-01 12:00:02.4220 PDT, +2068.02368+0.00000j
2001-08-01 12:00:02.4222 PDT, +2067.39984+0.00000j
2001-08-01 12:00:02.4224 PDT, +2066.77600+0.00000j
2001-08-01 12:00:02.4226 PDT, +2066.15216+0.00000j
2001-08-01 12:00:02.4228 PDT, +2065.52832+0.00000j
2001-08-01 12:00:02.4230 PDT, +2064.90448+0.00000j
2001-08-01 12:00:02.4232 PDT, +2064.28065+0.00000j
2001-08-01 12:00:02.4234 PDT, +2063.65681+0.00000j
2001-08-01 12:00:02.4236 PDT, +2063.03297+0.00000j
2001-08-01 12:00:02.4238 PDT, +2062.40913+0.00000j
2001-08-01 12:00:02.4240 PDT, +2061.78529+0.00000j
2001-08-01 12:00:02.4242 PDT, +2061.16146+0.00000j
2001-08-01 12:00:02.4244 PDT, +2060.53762+0.00000j
2001-08-01 12:00:02.4246 PDT, +2059.91378+0.00000j
2001-08-01 12:00:02.4248 PDT, +2059.28994+0.00000j
2001-08-01 12:00:02.4250 PDT, +2058.66610+0.00000j
2001-08-01 12:00:02.4252 PDT, +2058.04226+0.00000j
2001-08-01 12:00:02.4254 PDT, +2057.41843+0.00000j
2001-08-01 12:00:02.4256 PDT, +2056.79459+0.00000j
2001-08-01 12:00:02.4258 PDT, +2056.17075+0.00000j
2001-08-01 12:00:02.4260 PDT, +2055.54691+0.00000j
2001-08-01 12:00:02.4262 PDT, +2054.92307+0.00000j
2001-08-01 12:00:02.4264 PDT, +2054.29924+0.00000j
2001-08-01 12:00:02.4266 PDT, +2053.67540+0.00000j
2001-08-01 12:00:02.4268 PDT, +2053.05156+0.00000j
2001-08-01 12:00:02.4270 PDT, +2052.42772+0.00000j
2001-08-01 12:00:02.4272 PDT, +2051.80388+0.00000j
2001-08-01 12:00:02.4274 PDT, +2051.18004+0.00000j
2001-08-01 12:00:02.4276 PDT, +2050.55621+0.00000j
2001-08-01 12:00:02.4278 PDT, +2049.93237+0.00000j
2001-08-01 12:00:02.4280 PDT, +2049.30853+0.00000j
2001-08-01 12:00:02.4282 PDT, +2048.68469+0.00000j
2001-08-01 12:00:02.4284 PDT, +2048.06085+0.00000j
2001-08-01 12:00:02.4286 PDT, +2047.43701+0.00000j
2001-08-01 12:00:02.4288 PDT, +2046.81318+0.00000j
2001-08-01 12:00:02.4290 PDT, +2046.18934+0.00000j
2001-08-01 12:00:02.4292 PDT, +2045.56550+0.00000j
2001-08-01 12:00:02.4294 PDT, +2044.94166+0.00000j
2001-08-01 12:00:02.4296 PDT, +2044.31782+0.00000j
2001-08-01 12:00:02.4298 PDT, +2043.69399+0.00000j
2001-08-01 12:00:02.4300 PDT, +2043.07015+0.00000j
2001-08-01 12:00:02.4302 PDT, +2042.44631+0.00000j
2001-08-01 12:00:02.4304 PDT, +2041.82247+0.00000j
2001-08-01 12:00:02.4306 PDT, +2041.19863+0.00000j
2001-08-01 12:00:02.4308 PDT, +2040.57479+0.00000j
2001-08-01 12:00:02.4310 PDT, +2039.95096+0.00000j
2001-08-01 12:00:02.4312 PDT, +2039.32712+0.00000j
2001-08-01 12:00:02.4314 PDT, +2038.70328+0.00000j
2001-08-01 12:00:02.4316 PDT, +2038.07944+0.00000j
2001-08-01 12:00:02.4318 PDT, +2037.45560+0.00000j
2001-08-01 12:00:02.4320 PDT, +2036.83177+0.00000j
2001-08-01 12:00:02.4322 PDT, +2036.20793+0.00000j
2001-08-01 12:00:02.4324 PDT, +2035.58409+0.00000j
2001-08-01 12:00:02.4326 PDT, +2034.96025+0.00000j
2001-08-01 12:00:02.4328 PDT, +2034.33641+0.00000j
2001-08-01 12:00:02.4330 PDT, +2033.71257+0.00000j
2001-08-01 12:00:02.4332 PDT, +2033.08874+0.00000j
2001-08-01 12:00:02.4334 PDT, +2032.46490+0.00000j
2001-08-01 12:00:02.4336 PDT, +2031.84106+0.00000j
2001-08-01 12:00:02.4338 PDT, +2031.21722+0.00000j
2001-08-01 12:00:02.4340 PDT, +2030.59338+0.00000j
2001-08-01 12:00:02.4342 PDT, +2029.96954+0.00000j
2001-08-01 12:00:02.4344 PDT, +2029.34571+0.00000j
2001-08-01 12:00:02.4346 PDT, +2028.72187+0.00000j
2001-08-01 12:00:02.4348 PDT, +2028.09803+0.00000j
2001-08-01 12:00:02.4350 PDT, +2027.47419+0.00000j
2001-08-01 12:00:02.4352 PDT, +2026.85035+0.00000j
2001-08-01 12:00:02.4354 PDT, +2026.22652+0.00000j
2001-08-01 12:00:02.4356 PDT, +2025.60268+0.00000j
2001-08-01 12:00:02.4358 PDT, +2024.97884+0.00000j
2001-08-01 12:00:02.4360 PDT, +2024.35500+0.00000j
2001-08-01 12:00:02.4362 PDT, +2023.73116+0.00000j
2001-08-01 12:00:02.4364 PDT, +2023.10732+0.00000j
2001-08-01 12:00:02.4366 PDT, +2022.48349+0.00000j
2001-08-01 12:00:02.4368 PDT, +2021.85965+0.00000j
2001-08-01 12:00:02.4370 PDT, +2021.23581+0.00000j
2001-08-01 12:00:02.4372 PDT, +2020.61197+0.00000j
2001-08-01 12:00:02.4374 PDT, +2019.98813+0.00000j
2001-08-01 12:00:02.4376 PDT, +2019.36430+0.00000j
2001-08-01 12:00:02.4378 PDT, +2018.74046+0.00000j
2001-08-01 12:00:02.4380 PDT, +2018.11662+0.00000j
2001-08-01 12:00:02.4382 PDT, +2017.49278+0.00000j
2001-08-01 12:00:02.4384 PDT, +2016.86894+0.00000j
2001-08-01 12:00:02.4386 PDT, +2016.24510+0.00000j
2001-08-01 12:00:02.4388 PDT, +2015.62127+0.00000j
2001-08-01 12:00:02.4390 PDT, +2014.99743+0.00000j
2001-08-01 12:00:02.4392 PDT, +2014.37359+0.00000j
2001-08-01 12:00:02.4394 PDT, +2013.74975+0.00000j
2001-08-01 12:00:02.4396 PDT, +2013.12591+0.00000j
2001-08-01 12:00:02.4398 PDT, +2012.50207+0.00000j
2001-08-01 12:00:02.4400 PDT, +2011.87824+0.00000j
2001-08-01 12:00:02.4402 PDT, +2011.25440+0.00000j
2001-08-01 12:00:02.4404 PDT, +2010.63056+0.00000j
2001-08-01 12:00:02.4406 PDT, +2010.00672+0.00000j
2001-08-01 12:00:02.4408 PDT, +2009.38288+0.00000j
2001-08-01 12:00:02.4410 PDT, +2008.75905+0.00000j
2001-08-01 12:00:02.4412 PDT, +2008.13521+0.00000j
2001-08-01 12:00:02.4414 PDT, +2007.51137+0.00000j
2001-08-01 12:00:02.4416 PDT, +2006.88753+0.00000j
2001-08-01 12:00:02.4418 PDT, +2006.26369+0.00000j
2001-08-01 12:00:02.4420 PDT, +2005.63985+0.00000j
2001-08-01 12:00:02.4422 PDT, +2005.01602+0.00000j
2001-08-01 12:00:02.4424 PDT, +2004.39218+0.00000j
2001-08-01 12:00:02.4426 PDT, +2003.76834+0.00000j
2001-08-01 12:00:02.4428 PDT, +2003.14450+0.00000j
2001-08-01 12:00:02.4430 PDT, +2002.52066+0.00000j
2001-08-01 12:00:02.4432 PDT, +2001.89683+0.00000j
2001-08-01 12:00:02.4434 PDT, +2001.27299+0.00000j
2001-08-01 12:00:02.4436 PDT, +2000.64915+0.00000j
2001-08-01 12:00:02.4438 PDT, +2000.02531+0.00000j
2001-08-01 12:00:02.4440 PDT, +1999.40147+0.00000j
2001-08-01 12:00:02.4442 PDT, +1998.77763+0.00000j
2001-08-01 12:00:02.4444 PDT, +1998.15380+0.00000j
2001-08-01 12:00:02.4446 PDT, +1997.52996+0.00000j
2001-08-01 12:00:02.4448 PDT, +1996.90612+0.00000j
2001-08-01 12:00:02.4450 PDT, +1996.28228+0.00000j
2001-08-01 12:00:02.4452 PDT, +1995.65844+0.00000j
2001-08-01 12:00:02.4454 PDT, +1995.03460+0.00000j
2001-08-01 12:00:02.4456 PDT, +1994.41077+0.00000j
2001-08-01 12:00:02.4458 PDT, +1993.78693+0.00000j
2001-08-01 12:00:02.4460 PDT, +1993.16309+0.00000j
2001-08-01 12:00:02.4462 PDT, +1992.53925+0.00000j
2001-08-01 12:00:02.4464 PDT, +1991.91541+0.00000j
2001-08-01 12:00:02.4466 PDT, +1991.29158+0.00000j
2001-08-01 12:00:02.4468 PDT, +1990.66774+0.00000j
2001-08-01 12:00:02.4470 PDT, +1990.04390+0.00000j
2001-08-01 12:00:02.4472 PDT, +1989.42006+0.00000j
2001-08-01 12:00:02.4474 PDT, +1988.79622+0.00000j
2001-08-01 12:00:02.4476 PDT, +1988.17238+0.00000j
2001-08-01 12:00:02.4478 PDT, +1987.54855+0.00000j
2001-08-01 12:00:02.4480 PDT, +1986.92471+0.00000j
2001-08-01 12:00:02.4482 PDT, +1986.30087+0.00000j
2001-08-01 12:00:02.4484 PDT, +1985.67703+0.00000j
2001-08-01 12:00:02.4486 PDT, +1985.05319+0.00000j
2001-08-01 12:00:02.4488 PDT, +1984.42936+0.00000j
2001-08-01 12:00:02.4490 PDT, +1983.80552+0.00000j
2001-08-01 12:00:02.4492 PDT, +1983.18168+0.00000j
2001-08-01 12:00:02.4494 PDT, +1982.55784+0.00000j
2001-08-01 12:00:02.4496 PDT, +1981.93400+0.00000j
2001-08-01 12:00:02.4498 PDT, +1981.31016+0.00000j
2001-08-01 12:00:02.4500 PDT, +1980.68633+0.00000j
2001-08-01 12:00:02.4502 PDT, +1980.06249+0.00000j
2001-08-01 12:00:02.4504 PDT, +1979.43865+0.00000j
2001-08-01 12:00:02.4506 PDT, +1978.81481+0.00000j
2001-08-01 12:00:02.4508 PDT, +1978.19097+0.00000j
2001-08-01 12:00:02.4510 PDT, +1977.56714+0.00000j
2001-08-01 12:00:02.4512 PDT, +1976.94330+0.00000j
2001-08-01 12:00:02.4514 PDT, +1976.31946+0.00000j
2001-08-01 12:00:02.4516 PDT, +1975.69562+0.00000j
2001-08-01 12:00:02.4518 PDT, +1975.07178+0.00000j
2001-08-01 12:00:02.4520 PDT, +1974.44794+0.00000j
2001-08-01 12:00:02.4522 PDT, +1973.82411+0.00000j
2001-08-01 12:00:02.4524 PDT, +1973.20027+0.00000j
2001-08-01 12:00:02.4526 PDT, +1972.57643+0.00000j
2001-08-01 12:00:02.4528 PDT, +1971.95259+0.00000j
2001-08-01 12:00:02.4530 PDT, +1971.32875+0.00000j
2001-08-01 12:00:02.4532 PDT, +1970.70491+0.00000j
2001-08-01 12:00:02.4534 PDT, +1970.08108+0.00000j
2001-08-01 12:00:02.4536 PDT, +1969.45724+0.00000j
2001-08-01 12:00:02.4538 PDT, +1968.83340+0.00000j
2001-08-01 12:00:02.4540 PDT, +1968.20956+0.00000j
2001-08-01 12:00:02.4542 PDT, +1967.58572+0.00000j
2001-08-01 12:00:02.4544 PDT, +1966.96189+0.00000j
2001-08-01 12:00:02.4546 PDT, +1966.33805+0.00000j
2001-08-01 12:00:02.4548 PDT, +1965.71421+0.00000j
2001-08-01 12:00:02.4550 PDT, +1965.09037+0.00000j
2001-08-01 12:00:02.4552 PDT, +1964.46653+0.00000j
2001-08-01 12:00:02.4554 PDT, +1963.84269+0.00000j
2001-08-01 12:00:02.4556 PDT, +1963.21886+0.00000j
2001-08-01 12:00:02.4558 PDT, +1962.59502+0.00000j
2001-08-01 12:00:02.4560 PDT, +1961.97118+0.00000j
2001-08-01 12:00:02.4562 PDT, +1961.34734+0.00000j
2001-08-01 12:00:02.4564 PDT, +1960.72350+0.00000j
2001-08-01 12:00:02.4566 PDT, +1960.09967+0.00000j
2001-08-01 12:00:02.4568 PDT, +1959.47583+0.00000j
2001-08-01 12:00:02.4570 PDT, +1958.85199+0.00000j
2001-08-01 12:00:02.4572 PDT, +1958.22815+0.00000j
2001-08-01 12:00:02.4574 PDT, +1957.60431+0.00000j
2001-08-01 12:00:02.4576 PDT, +1956.98047+0.00000j
2001-08-01 12:00:02.4578 PDT, +1956.35664+0.00000j
2001-08-01 12:00:02.4580 PDT, +1955.73280+0.00000j
2001-08-01 12:00:02.4582 PDT, +1955.10896+0.00000j
2001-08-01 12:00:02.4584 PDT, +1954.48512+0.00000j
2001-08-01 12:00:02.4586 PDT, +1953.86128+0.00000j
2001-08-01 12:00:02.4588 PDT, +1953.23744+0.00000j
2001-08-01 12:00:02.4590 PDT, +1952.61361+0.00000j
2001-08-01 12:00:02.4592 PDT, +1951.98977+0.00000j
2001-08-01 12:00:02.4594 PDT, +1951.36593+0.00000j
2001-08-01 12:00:02.4596 PDT, +1950.74209+0.00000j
2001-08-01 12:00:02.4598 PDT, +1950.11825+0.00000j
2001-08-01 12:00:02.4600 PDT, +1949.49442+0.00000j
2001-08-01 12:00:02.4602 PDT, +1948.87058+0.00000j
2001-08-01 12:00:02.4604 PDT, +1948.24674+0.00000j
2001-08-01 12:00:02.4606 PDT, +1947.62290+0.00000j
2001-08-01 12:00:02.4608 PDT, +1946.99906+0.00000j
2001-08-01 12:00:02.4610 PDT, +1946.37522+0.00000j
2001-08-01 12:00:02.4612 PDT, +1945.75139+0.00000j
2001-08-01 12:00:02.4614 PDT, +1945.12755+0.00000j
2001-08-01 12:00:02.4616 PDT, +1944.50371+0.00000j
2001-08-01 12:00:02.4618 PDT, +1943.87987+0.00000j
2001-08-01 12:00:02.4620 PDT, +1943.25603+0.00000j
2001-08-01 12:00:02.4622 PDT, +1942.63220+0.00000j
2001-08-01 12:00:02.4624 PDT, +1942.00836+0.00000j
2001-08-01 12:00:02.4626 PDT, +1941.38452+0.00000j
2001-08-01 12:00:02.4628 PDT, +1940.76068+0.00000j
2001-08-01 12:00:02.4630 PDT, +1940.13684+0.00000j
2001-08-01 12:00:02.4632 PDT, +1939.51300+0.00000j
2001-08-01 12:00:02.4634 PDT, +1938.88917+0.00000j
2001-08-01 12:00:02.4636 PDT, +1938.26533+0.00000j
2001-08-01 12:00:02.4638 PDT, +1937.64149+0.00000j
2001-08-01 12:00:02.4640 PDT, +1937.01765+0.00000j
2001-08-01 12:00:02.4642 PDT, +1936.39381+0.00000j
2001-08-01 12:00:02.4644 PDT, +1935.76997+0.00000j
2001-08-01 12:00:02.4646 PDT, +1935.14614+0.00000j
2001-08-01 12:00:02.4648 PDT, +1934.52230+0.00000j
2001-08-01 12:00:02.4650 PDT, +1933.89846+0.00000j
2001-08-01 12:00:02.4652 PDT, +1933.27462+0.00000j
2001-08-01 12:00:02.4654 PDT, +1932.65078+0.00000j
2001-08-01 12:00:02.4656 PDT, +1932.02695+0.00000j
2001-08-01 12:00:02.4658 PDT, +1931.40311+0.00000j
2001-08-01 12:00:02.4660 PDT, +1930.77927+0.00000j
2001-08-01 12:00:02.4662 PDT, +1930.15543+0.00000j
2001-08-01 12:00:02.4664 PDT, +1929.53159+0.00000j
2001-08-01 12:00:02.4666 PDT, +1928.90775+0.00000j
2001-08-01 12:00:02.4668 PDT, +1928.28392+0.00000j
2001-08-01 12:00:02.4670 PDT, +1927.66008+0.00000j
2001-08-01 12:00:02.4672 PDT, +1927.03624+0.00000j
2001-08-01 12:00:02.4674 PDT, +1926.41240+0.00000j
2001-08-01 12:00:02.4676 PDT, +1925.78856+0.00000j
2001-08-01 12:00:02.4678 PDT, +1925.16473+0.00000j
2001-08-01 12:00:02.4680 PDT, +1924.54089+0.00000j
2001-08-01 12:00:02.4682 PDT, +1923.91705+0.00000j
2001-08-01 12:00:02.4684 PDT, +1923.29321+0.00000j
2001-08-01 12:00:02.4686 PDT, +1922.66937+0.00000j
2001-08-01 12:00:02.4688 PDT, +1922.04553+0.00000j
2001-08-01 12:00:02.4690 PDT, +1921.42170+0.00000j
2001-08-01 12:00:02.4692 PDT, +1920.79786+0.00000j
2001-08-01 12:00:02.4694 PDT, +1920.17402+0.00000j
2001-08-01 12:00:02.4696 PDT, +1919.55018+0.00000j
2001-08-01 12:00:02.4698 PDT, +1918.92634+0.00000j
2001-08-01 12:00:02.4700 PDT, +1918.30250+0.00000j
2001-08-01 12:00:02.4702 PDT, +1917.67867+0.00000j
2001-08-01 12:00:02.4704 PDT, +1917.05483+0.00000j
2001-08-01 12:00:02.4706 PDT, +1916.43099+0.00000j
2001-08-01 12:00:02.4708 PDT, +1915.80715+0.00000j
2001-08-01 12:00:02.4710 PDT, +1915.18331+0.00000j
2001-08-01 12:00:02.4712 PDT, +1914.55948+0.00000j
2001-08-01 12:00:02.4714 PDT, +1913.93564+0.00000j
2001-08-01 12:00:02.4716 PDT, +1913.31180+0.00000j
2001-08-01 12:00:02.4718 PDT, +1912.68796+0.00000j
2001-08-01 12:00:02.4720 PDT, +1912.06412+0.00000j
2001-08-01 12:00:02.4722 PDT, +1911.44028+0.00000j
2001-08-01 12:00:02.4724 PDT, +1910.81645+0.00000j
2001-08-01 12:00:02.4726 PDT, +1910.19261+0.00000j
2001-08-01 12:00:02.4728 PDT, +1909.56877+0.00000j
2001-08-01 12:00:02.4730 PDT, +1908.94493+0.00000j
2001-08-01 12:00:02.4732 PDT, +1908.32109+0.00000j
2001-08-01 12:00:02.4734 PDT, +1907.69726+0.00000j
2001-08-01 12:00:02.4736 PDT, +1907.07342+0.00000j
2001-08-01 12:00:02.4738 PDT, +1906.44958+0.00000j
2001-08-01 12:00:02.4740 PDT, +1905.82574+0.00000j
2001-08-01 12:00:02.4742 PDT, +1905.20190+0.00000j
2001-08-01 12:00:02.4744 PDT, +1904.57806+0.00000j
2001-08-01 12:00:02.4746 PDT, +1903.95423+0.00000j
2001-08-01 12:00:02.4748 PDT, +1903.33039+0.00000j
2001-08-01 12:00:02.4750 PDT, +1902.70655+0.00000j
2001-08-01 12:00:02.4752 PDT, +1902.08271+0.00000j
2001-08-01 12:00:02.4754 PDT, +1901.45887+0.00000j
2001-08-01 12:00:02.4756 PDT, +1900.83503+0.00000j
2001-08-01 12:00:02.4758 PDT, +1900.21120+0.00000j
2001-08-01 12:00:02.4760 PDT, +1899.58736+0.00000j
2001-08-01 12:00:02.4762 PDT, +1898.96352+0.00000j
2001-08-01 12:00:02.4764 PDT, +1898.33968+0.00000j
2001-08-01 12:00:02.4766 PDT, +1897.71584+0.00000j
2001-08-01 12:00:02.4768 PDT, +1897.09201+0.00000j
2001-08-01 12:00:02.4770 PDT, +1896.46817+0.00000j
2001-08-01 12:00:02.4772 PDT, +1895.84433+0.00000j
2001-08-01 12:00:02.4774 PDT, +1895.22049+0.00000j
2001-08-01 12:00:02.4776 PDT, +1894.59665+0.00000j
2001-08-01 12:00:02.4778 PDT, +1893.97281+0.00000j
2001-08-01 12:00:02.4780 PDT, +1893.34898+0.00000j
2001-08-01 12:00:02.4782 PDT, +1892.72514+0.00000j
2001-08-01 12:00:02.4784 PDT, +1892.10130+0.00000j
2001-08-01 12:00:02.4786 PDT, +1891.47746+0.00000j
2001-08-01 12:00:02.4788 PDT, +1890.85362+0.00000j
2001-08-01 12:00:02.4790 PDT, +1890.22979+0.00000j
2001-08-01 12:00:02.4792 PDT, +1889.60595+0.00000j
2001-08-01 12:00:02.4794 PDT, +1888.98211+0.00000j
2001-08-01 12:00:02.4796 PDT, +1888.35827+0.00000j
2001-08-01 12:00:02.4798 PDT, +1887.73443+0.00000j
2001-08-01 12:00:02.4800 PDT, +1887.11059+0.00000j
2001-08-01 12:00:02.4802 PDT, +1886.48676+0.00000j
2001-08-01 12:00:02.4804 PDT, +1885.86292+0.00000j
2001-08-01 12:00:02.4806 PDT, +1885.23908+0.00000j
2001-08-01 12:00:02.4808 PDT, +1884.61524+0.00000j
2001-08-01 12:00:02.4810 PDT, +1883.99140+0.00000j
2001-08-01 12:00:02.4812 PDT, +1883.36756+0.00000j
2001-08-01 12:00:02.4814 PDT, +1882.74373+0.00000j
2001-08-01 12:00:02.4816 PDT, +1882.11989+0.00000j
2001-08-01 12:00:02.4818 PDT, +1881.49605+0.00000j
2001-08-01 12:00:02.4820 PDT, +1880.87221+0.00000j
2001-08-01 12:00:02.4822 PDT, +1880.24837+0.00000j
2001-08-01 12:00:02.4824 PDT, +1879.62454+0.00000j
2001-08-01 12:00:02.4826 PDT, +1879.00070+0.00000j
2001-08-01 12:00:02.4828 PDT, +1878.37686+0.00000j
2001-08-01 12:00:02.4830 PDT, +1877.75302+0.00000j
2001-08-01 12:00:02.4832 PDT, +1877.12918+0.00000j
2001-08-01 12:00:02.4834 PDT, +1876.50534+0.00000j
2001-08-01 12:00:02.4836 PDT, +1875.88151+0.00000j
2001-08-01 12:00:02.4838 PDT, +1875.25767+0.00000j
2001-08-01 12:00:02.4840 PDT, +1874.63383+0.00000j
2001-08-01 12:00:02.4842 PDT, +1874.00999+0.00000j
2001-08-01 12:00:02.4844 PDT, +1873.38615+0.00000j
2001-08-01 12:00:02.4846 PDT, +1872.76232+0.00000j
2001-08-01 12:00:02.4848 PDT, +1872.13848+0.00000j
2001-08-01 12:00:02.4850 PDT, +1871.51464+0.00000j
2001-08-01 12:00:02.4852 PDT, +1870.89080+0.00000j
2001-08-01 12:00:02.4854 PDT, +1870.26696+0.00000j
2001-08-01 12:00:02.4856 PDT, +1869.64312+0.00000j
2001-08-01 12:00:02.4858 PDT, +1869.01929+0.00000j
2001-08-01 12:00:02.4860 PDT, +1868.39545+0.00000j
2001-08-01 12:00:02.4862 PDT, +1867.77161+0.00000j
2001-08-01 12:00:02.4864 PDT, +1867.14777+0.00000j
2001-08-01 12:00:02.4866 PDT, +1866.52393+0.00000j
2001-08-01 12:00:02.4868 PDT, +1865.90009+0.00000j
2001-08-01 12:00:02.4870 PDT, +1865.27626+0.00000j
2001-08-01 12:00:02.4872 PDT, +1864.65242+0.00000j
2001-08-01 12:00:02.4874 PDT, +1864.02858+0.00000j
2001-08-01 12:00:02.4876 PDT, +1863.40474+0.00000j
2001-08-01 12:00:02.4878 PDT, +1862.78090+0.00000j
2001-08-01 12:00:02.4880 PDT, +1862.15707+0.00000j
2001-08-01 12:00:02.4882 PDT, +1861.53323+0.00000j
2001-08-01 12:00:02.4884 PDT, +1860.90939+0.00000j
2001-08-01 12:00:02.4886 PDT, +1860.28555+0.00000j
2001-08-01 12:00:02.4888 PDT, +1859.66171+0.00000j
2001-08-01 12:00:02.4890 PDT, +1859.03787+0.00000j
2001-08-01 12:00:02.4892 PDT, +1858.41404+0.00000j
2001-08-01 12:00:02.4894 PDT, +1857.79020+0.00000j
2001-08-01 12:00:02.4896 PDT, +1857.16636+0.00000j
2001-08-01 12:00:02.4898 PDT, +1856.54252+0.00000j
2001-08-01 12:00:02.4900 PDT, +1855.91868+0.00000j
2001-08-01 12:00:02.4902 PDT, +1855.29485+0.00000j
2001-08-01 12:00:02.4904 PDT, +1854.67101+0.00000j
2001-08-01 12:00:02.4906 PDT, +1854.04717+0.00000j
2001-08-01 12:00:02.4908 PDT, +1853.42333+0.00000j
2001-08-01 12:00:02.4910 PDT, +1852.79949+0.00000j
2001-08-01 12:00:02.4912 PDT, +1852.17565+0.00000j
2001-08-01 12:00:02.4914 PDT, +1851.55182+0.00000j
2001-08-01 12:00:02.4916 PDT, +1850.92798+0.00000j
2001-08-01 12:00:02.4918 PDT, +1850.30414+0.00000j
2001-08-01 12:00:02.4920 PDT, +1849.68030+0.00000j
2001-08-01 12:00:02.4922 PDT, +1849.05646+0.00000j
2001-08-01 12:00:02.4924 PDT, +1848.43262+0.00000j
2001-08-01 12:00:02.4926 PDT, +1847.80879+0.00000j
2001-08-01 12:00:02.4928 PDT, +1847.18495+0.00000j
2001-08-01 12:00:02.4930 PDT, +1846.56111+0.00000j
2001-08-01 12:00:02.4932 PDT, +1845.93727+0.00000j
2001-08-01 12:00:02.4934 PDT, +1845.31343+0.00000j
2001-08-01 12:00:02.4936 PDT, +1844.68960+0.00000j
2001-08-01 12:00:02.4938 PDT, +1844.06576+0.00000j
2001-08-01 12:00:02.4940 PDT, +1843.44192+0.00000j
2001-08-01 12:00:02.4942 PDT, +1842.81808+0.00000j
2001-08-01 12:00:02.4944 PDT, +1842.19424+0.00000j
2001-08-01 12:00:02.4946 PDT, +1841.57040+0.00000j
2001-08-01 12:00:02.4948 PDT, +1840.94657+0.00000j
2001-08-01 12:00:02.4950 PDT, +1840.32273+0.00000j
2001-08-01 12:00:02.4952 PDT, +1839.69889+0.00000j
2001-08-01 12:00:02.4954 PDT, +1839.07505+0.00000j
2001-08-01 12:00:02.4956 PDT, +1838.45121+0.00000j
2001-08-01 12:00:02.4958 PDT, +1837.82738+0.00000j
2001-08-01 12:00:02.4960 PDT, +1837.20354+0.00000j
2001-08-01 12:00:02.4962 PDT, +1836.57970+0.00000j
2001-08-01 12:00:02.4964 PDT, +1835.95586+0.00000j
2001-08-01 12:00:02.4966 PDT, +1835.33202+0.00000j
2001-08-01 12:00:02.4968 PDT, +1834.70818+0.00000j
2001-08-01 12:00:02.4970 PDT, +1834.08435+0.00000j
2001-08-01 12:00:02.4972 PDT, +1833.46051+0.00000j
2001-08-01 12:00:02.4974 PDT, +1832.83667+0.00000j
2001-08-01 12:00:02.4976 PDT, +1832.21283+0.00000j
2001-08-01 12:00:02.4978 PDT, +1831.58899+0.00000j
2001-08-01 12:00:02.4980 PDT, +1830.96515+0.00000j
2001-08-01 12:00:02.4982 PDT, +1830.34132+0.00000j
2001-08-01 12:00:02.4984 PDT, +1829.71748+0.00000j
2001-08-01 12:00:02.4986 PDT, +1829.09364+0.00000j
2001-08-01 12:00:02.4988 PDT, +1828.46980+0.00000j
2001-08-01 12:00:02.4990 PDT, +1827.84596+0.00000j
2001-08-01 12:00:02.4992 PDT, +1827.22213+0.00000j
2001-08-01 12:00:02.4994 PDT, +1826.59829+0.00000j
2001-08-01 12:00:02.4996 PDT, +1825.97445+0.00000j
2001-08-01 12:00:02.4998 PDT, +1825.35061+0.00000j
2001-08-01 12:00:02.5000 PDT, +1824.72677+0.00000j
2001-08-01 12:00:02.5002 PDT, +1824.10293+0.00000j
2001-08-01 12:00:02.5004 PDT, +1823.47910+0.00000j
2001-08-01 12:00:02.5006 PDT, +1822.85526+0.00000j
2001-08-01 12:00:02.5008 PDT, +1822.23142+0.00000j
2001-08-01 12:00:02.5010 PDT, +1821.60758+0.00000j
2001-08-01 12:00:02.5012 PDT, +1820.98374+0.00000j
2001-08-01 12:00:02.5014 PDT, +1820.35991+0.00000j
2001-08-01 12:00:02.5016 PDT, +1819.73607+0.00000j
2001-08-01 12:00:02.5018 PDT, +1819.11223+0.00000j
2001-08-01 12:00:02.5020 PDT, +1818.48839+0.00000j
2001-08-01 12:00:02.5022 PDT, +1817.86455+0.00000j
2001-08-01 12:00:02.5024 PDT, +1817.24071+0.00000j
2001-08-01 12:00:02.5026 PDT, +1816.61688+0.00000j
2001-08-01 12:00:02.5028 PDT, +1815.99304+0.00000j
2001-08-01 12:00:02.5030 PDT, +1815.36920+0.00000j
2001-08-01 12:00:02.5032 PDT, +1814.74536+0.00000j
2001-08-01 12:00:02.5034 PDT, +1814.12152+0.00000j
2001-08-01 12:00:02.5036 PDT, +1813.49769+0.00000j
2001-08-01 12:00:02.5038 PDT, +1812.87385+0.00000j
2001-08-01 12:00:02.5040 PDT, +1812.25001+0.00000j
2001-08-01 12:00:02.5042 PDT, +1811.62617+0.00000j
2001-08-01 12:00:02.5044 PDT, +1811.00233+0.00000j
2001-08-01 12:00:02.5046 PDT, +1810.37849+0.00000j
2001-08-01 12:00:02.5048 PDT, +1809.75466+0.00000j
2001-08-01 12:00:02.5050 PDT, +1809.13082+0.00000j
2001-08-01 12:00:02.5052 PDT, +1808.50698+0.00000j
2001-08-01 12:00:02.5054 PDT, +1807.88314+0.00000j
2001-08-01 12:00:02.5056 PDT, +1807.25930+0.00000j
2001-08-01 12:00:02.5058 PDT, +1806.63546+0.00000j
2001-08-01 12:00:02.5060 PDT, +1806.01163+0.00000j
2001-08-01 12:00:02.5062 PDT, +1805.38779+0.00000j
2001-08-01 12:00:02.5064 PDT, +1804.76395+0.00000j
2001-08-01 12:00:02.5066 PDT, +1804.14011+0.00000j
2001-08-01 12:00:02.5068 PDT, +1803.51627+0.00000j
2001-08-01 12:00:02.5070 PDT, +1802.89244+0.00000j
2001-08-01 12:00:02.5072 PDT, +1802.26860+0.00000j
2001-08-01 12:00:02.5074 PDT, +1801.64476+0.00000j
2001-08-01 12:00:02.5076 PDT, +1801.02092+0.00000j
2001-08-01 12:00:02.5078 PDT, +1800.39708+0.00000j
2001-08-01 12:00:02.5080 PDT, +1799.77324+0.00000j
2001-08-01 12:00:02.5082 PDT, +1799.14941+0.00000j
2001-08-01 12:00:02.5084 PDT, +1798.52557+0.00000j
2001-08-01 12:00:02.5086 PDT, +1797.90173+0.00000j
2001-08-01 12:00:02.5088 PDT, +1797.27789+0.00000j
2001-08-01 12:00:02.5090 PDT, +1796.65405+0.00000j
2001-08-01 12:00:02.5092 PDT, +1796.03022+0.00000j
2001-08-01 12:00:02.5094 PDT, +1795.40638+0.00000j
2001-08-01 12:00:02.5096 PDT, +1794.78254+0.00000j
2001-08-01 12:00:02.5098 PDT, +1794.15870+0.00000j
2001-08-01 12:00:02.5100 PDT, +1793.53486+0.00000j
2001-08-01 12:00:02.5102 PDT, +1792.91102+0.00000j
2001-08-01 12:00:02.5104 PDT, +1792.28719+0.00000j
2001-08-01 12:00:02.5106 PDT, +1791.66335+0.00000j
2001-08-01 12:00:02.5108 PDT, +1791.03951+0.00000j
2001-08-01 12:00:02.5110 PDT, +1790.41567+0.00000j
2001-08-01 12:00:02.5112 PDT, +1789.79183+0.00000j
2001-08-01 12:00:02.5114 PDT, +1789.16799+0.00000j
2001-08-01 12:00:02.5116 PDT, +1788.54416+0.00000j
2001-08-01 12:00:02.5118 PDT, +1787.92032+0.00000j
2001-08-01 12:00:02.5120 PDT, +1787.29648+0.00000j
2001-08-01 12:00:02.5122 PDT, +1786.67264+0.00000j
2001-08-01 12:00:02.5124 PDT, +1786.04880+0.00000j
2001-08-01 12:00:02.5126 PDT, +1785.42497+0.00000j
2001-08-01 12:00:02.5128 PDT, +1784.80113+0.00000j
2001-08-01 12:00:02.5130 PDT, +1784.17729+0.00000j
2001-08-01 12:00:02.5132 PDT, +1783.55345+0.00000j
2001-08-01 12:00:02.5134 PDT, +1782.92961+0.00000j
2001-08-01 12:00:02.5136 PDT, +1782.30577+0.00000j
2001-08-01 12:00:02.5138 PDT, +1781.68194+0.00000j
2001-08-01 12:00:02.5140 PDT, +1781.05810+0.00000j
2001-08-01 12:00:02.5142 PDT, +1780.43426+0.00000j
2001-08-01 12:00:02.5144 PDT, +1779.81042+0.00000j
2001-08-01 12:00:02.5146 PDT, +1779.18658+0.00000j
2001-08-01 12:00:02.5148 PDT, +1778.56275+0.00000j
2001-08-01 12:00:02.5150 PDT, +1777.93891+0.00000j
2001-08-01 12:00:02.5152 PDT, +1777.31507+0.00000j
2001-08-01 12:00:02.5154 PDT, +1776.69123+0.00000j
2001-08-01 12:00:02.5156 PDT, +1776.06739+0.00000j
2001-08-01 12:00:02.5158 PDT, +1775.44355+0.00000j
2001-08-01 12:00:02.5160 PDT, +1774.81972+0.00000j
2001-08-01 12:00:02.5162 PDT, +1774.19588+0.00000j
2001-08-01 12:00:02.5164 PDT, +1773.57204+0.00000j
2001-08-01 12:00:02.5166 PDT, +1772.94820+0.00000j
2001-08-01 12:00:02.5168 PDT, +1772.32436+0.00000j
2001-08-01 12:00:02.5170 PDT, +1771.70052+0.00000j
2001-08-01 12:00:02.5172 PDT, +1771.07669+0.00000j
2001-08-01 12:00:02.5174 PDT, +1770.45285+0.00000j
2001-08-01 12:00:02.5176 PDT, +1769.82901+0.00000j
2001-08-01 12:00:02.5178 PDT, +1769.20517+0.00000j
2001-08-01 12:00:02.5180 PDT, +1768.58133+0.00000j
2001-08-01 12:00:02.5182 PDT, +1767.95750+0.00000j
2001-08-01 12:00:02.5184 PDT, +1767.33366+0.00000j
2001-08-01 12:00:02.5186 PDT, +1766.70982+0.00000j
2001-08-01 12:00:02.5188 PDT, +1766.08598+0.00000j
2001-08-01 12:00:02.5190 PDT, +1765.46214+0.00000j
2001-08-01 12:00:02.5192 PDT, +1764.83830+0.00000j
2001-08-01 12:00:02.5194 PDT, +1764.21447+0.00000j
2001-08-01 12:00:02.5196 PDT, +1763.59063+0.00000j
2001-08-01 12:00:02.5198 PDT, +1762.96679+0.00000j
2001-08-01 12:00:02.5200 PDT, +1762.34295+0.00000j
2001-08-01 12:00:02.5202 PDT, +1761.71911+0.00000j
2001-08-01 12:00:02.5204 PDT, +1761.09528+0.00000j
2001-08-01 12:00:02.5206 PDT, +1760.47144+0.00000j
2001-08-01 12:00:02.5208 PDT, +1759.84760+0.00000j
2001-08-01 12:00:02.5210 PDT, +1759.22376+0.00000j
2001-08-01 12:00:02.5212 PDT, +1758.59992+0.00000j
2001-08-01 12:00:02.5214 PDT, +1757.97608+0.00000j
2001-08-01 12:00:02.5216 PDT, +1757.35225+0.00000j
2001-08-01 12:00:02.5218 PDT, +1756.72841+0.00000j
2001-08-01 12:00:02.5220 PDT, +1756.10457+0.00000j
2001-08-01 12:00:02.5222 PDT, +1755.48073+0.00000j
2001-08-01 12:00:02.5224 PDT, +1754.85689+0.00000j
2001-08-01 12:00:02.5226 PDT, +1754.23305+0.00000j
2001-08-01 12:00:02.5228 PDT, +1753.60922+0.00000j
2001-08-01 12:00:02.5230 PDT, +1752.98538+0.00000j
2001-08-01 12:00:02.5232 PDT, +1752.36154+0.00000j
2001-08-01 12:00:02.5234 PDT, +1751.73770+0.00000j
2001-08-01 12:00:02.5236 PDT, +1751.11386+0.00000j
2001-08-01 12:00:02.5238 PDT, +1750.49003+0.00000j
2001-08-01 12:00:02.5240 PDT, +1749.86619+0.00000j
2001-08-01 12:00:02.5242 PDT, +1749.24235+0.00000j
2001-08-01 12:00:02.5244 PDT, +1748.61851+0.00000j
2001-08-01 12:00:02.5246 PDT, +1747.99467+0.00000j
2001-08-01 12:00:02.5248 PDT, +1747.37083+0.00000j
2001-08-01 12:00:02.5250 PDT, +1746.74700+0.00000j
2001-08-01 12:00:02.5252 PDT, +1746.12316+0.00000j
2001-08-01 12:00:02.5254 PDT, +1745.49932+0.00000j
2001-08-01 12:00:02.5256 PDT, +1744.87548+0.00000j
2001-08-01 12:00:02.5258 PDT, +1744.25164+0.00000j
2001-08-01 12:00:02.5260 PDT, +1743.62781+0.00000j
2001-08-01 12:00:02.5262 PDT, +1743.00397+0.00000j
2001-08-01 12:00:02.5264 PDT, +1742.38013+0.00000j
2001-08-01 12:00:02.5266 PDT, +1741.75629+0.00000j
2001-08-01 12:00:02.5268 PDT, +1741.13245+0.00000j
2001-08-01 12:00:02.5270 PDT, +1740.50861+0.00000j
2001-08-01 12:00:02.5272 PDT, +1739.88478+0.00000j
2001-08-01 12:00:02.5274 PDT, +1739.26094+0.00000j
2001-08-01 12:00:02.5276 PDT, +1738.63710+0.00000j
2001-08-01 12:00:02.5278 PDT, +1738.01326+0.00000j
2001-08-01 12:00:02.5280 PDT, +1737.38942+0.00000j
2001-08-01 12:00:02.5282 PDT, +1736.76558+0.00000j
2001-08-01 12:00:02.5284 PDT, +1736.14175+0.00000j
2001-08-01 12:00:02.5286 PDT, +1735.51791+0.00000j
2001-08-01 12:00:02.5288 PDT, +1734.89407+0.00000j
2001-08-01 12:00:02.5290 PDT, +1734.27023+0.00000j
2001-08-01 12:00:02.5292 PDT, +1733.64639+0.00000j
2001-08-01 12:00:02.5294 PDT, +1733.02256+0.00000j
2001-08-01 12:00:02.5296 PDT, +1732.39872+0.00000j
2001-08-01 12:00:02.5298 PDT, +1731.77488+0.00000j
2001-08-01 12:00:02.5300 PDT, +1731.15104+0.00000j
2001-08-01 12:00:02.5302 PDT, +1730.52720+0.00000j
2001-08-01 12:00:02.5304 PDT, +1729.90336+0.00000j
2001-08-01 12:00:02.5306 PDT, +1729.27953+0.00000j
2001-08-01 12:00:02.5308 PDT, +1728.65569+0.00000j
2001-08-01 12:00:02.5310 PDT, +1728.03185+0.00000j
2001-08-01 12:00:02.5312 PDT, +1727.40801+0.00000j
2001-08-01 12:00:02.5314 PDT, +1726.78417+0.00000j
2001-08-01 12:00:02.5316 PDT, +1726.16034+0.00000j
2001-08-01 12:00:02.5318 PDT, +1725.53650+0.00000j
2001-08-01 12:00:02.5320 PDT, +1724.91266+0.00000j
2001-08-01 12:00:02.5322 PDT, +1724.28882+0.00000j
2001-08-01 12:00:02.5324 PDT, +1723.66498+0.00000j
2001-08-01 12:00:02.5326 PDT, +1723.04114+0.00000j
2001-08-01 12:00:02.5328 PDT, +1722.41731+0.00000j
2001-08-01 12:00:02.5330 PDT, +1721.79347+0.00000j
2001-08-01 12:00:02.5332 PDT, +1721.16963+0.00000j
2001-08-01 12:00:02.5334 PDT, +1720.54579+0.00000j
2001-08-01 12:00:02.5336 PDT, +1719.92195+0.00000j
2001-08-01 12:00:02.5338 PDT, +1719.29811+0.00000j
2001-08-01 12:00:02.5340 PDT, +1718.67428+0.00000j
2001-08-01 12:00:02.5342 PDT, +1718.05044+0.00000j
2001-08-01 12:00:02.5344 PDT, +1717.42660+0.00000j
2001-08-01 12:00:02.5346 PDT, +1716.80276+0.00000j
2001-08-01 12:00:02.5348 PDT, +1716.17892+0.00000j
2001-08-01 12:00:02.5350 PDT, +1715.55509+0.00000j
2001-08-01 12:00:02.5352 PDT, +1714.93125+0.00000j
2001-08-01 12:00:02.5354 PDT, +1714.30741+0.00000j
2001-08-01 12:00:02.5356 PDT, +1713.68357+0.00000j
2001-08-01 12:00:02.5358 PDT, +1713.05973+0.00000j
2001-08-01 12:00:02.5360 PDT, +1712.43589+0.00000j
2001-08-01 12:00:02.5362 PDT, +1711.81206+0.00000j
2001-08-01 12:00:02.5364 PDT, +1711.18822+0.00000j
2001-08-01 12:00:02.5366 PDT, +1710.56438+0.00000j
2001-08-01 12:00:02.5368 PDT, +1709.94054+0.00000j
2001-08-01 12:00:02.5370 PDT, +1709.31670+0.00000j
2001-08-01 12:00:02.5372 PDT, +1708.69287+0.00000j
2001-08-01 12:00:02.5374 PDT, +1708.06903+0.00000j
2001-08-01 12:00:02.5376 PDT, +1707.44519+0.00000j
2001-08-01 12:00:02.5378 PDT, +1706.82135+0.00000j
2001-08-01 12:00:02.5380 PDT, +1706.19751+0.00000j
2001-08-01 12:00:02.5382 PDT, +1705.57367+0.00000j
2001-08-01 12:00:02.5384 PDT, +1704.94984+0.00000j
2001-08-01 12:00:02.5386 PDT, +1704.32600+0.00000j
2001-08-01 12:00:02.5388 PDT, +1703.70216+0.00000j
2001-08-01 12:00:02.5390 PDT, +1703.07832+0.00000j
2001-08-01 12:00:02.5392 PDT, +1702.45448+0.00000j
2001-08-01 12:00:02.5394 PDT, +1701.83064+0.00000j
2001-08-01 12:00:02.5396 PDT, +1701.20681+0.00000j
2001-08-01 12:00:02.5398 PDT, +1700.58297+0.00000j
2001-08-01 12:00:02.5400 PDT, +1699.95913+0.00000j
2001-08-01 12:00:02.5402 PDT, +1699.33529+0.00000j
2001-08-01 12:00:02.5404 PDT, +1698.71145+0.00000j
2001-08-01 12:00:02.5406 PDT, +1698.08762+0.00000j
2001-08-01 12:00:02.5408 PDT, +1697.46378+0.00000j
2001-08-01 12:00:02.5410 PDT, +1696.83994+0.00000j
2001-08-01 12:00:02.5412 PDT, +1696.21610+0.00000j
2001-08-01 12:00:02.5414 PDT, +1695.59226+0.00000j
2001-08-01 12:00:02.5416 PDT, +1694.96842+0.00000j
2001-08-01 12:00:02.5418 PDT, +1694.34459+0.00000j
2001-08-01 12:00:02.5420 PDT, +1693.72075+0.00000j
2001-08-01 12:00:02.5422 PDT, +1693.09691+0.00000j
2001-08-01 12:00:02.5424 PDT, +1692.47307+0.00000j
2001-08-01 12:00:02.5426 PDT, +1691.84923+0.00000j
2001-08-01 12:00:02.5428 PDT, +1691.22540+0.00000j
2001-08-01 12:00:02.5430 PDT, +1690.60156+0.00000j
2001-08-01 12:00:02.5432 PDT, +1689.97772+0.00000j
2001-08-01 12:00:02.5434 PDT, +1689.35388+0.00000j
2001-08-01 12:00:02.5436 PDT, +1688.73004+0.00000j
2001-08-01 12:00:02.5438 PDT, +1688.10620+0.00000j
2001-08-01 12:00:02.5440 PDT, +1687.48237+0.00000j
2001-08-01 12:00:02.5442 PDT, +1686.85853+0.00000j
2001-08-01 12:00:02.5444 PDT, +1686.23469+0.00000j
2001-08-01 12:00:02.5446 PDT, +1685.61085+0.00000j
2001-08-01 12:00:02.5448 PDT, +1684.98701+0.00000j
2001-08-01 12:00:02.5450 PDT, +1684.36317+0.00000j
2001-08-01 12:00:02.5452 PDT, +1683.73934+0.00000j
2001-08-01 12:00:02.5454 PDT, +1683.11550+0.00000j
2001-08-01 12:00:02.5456 PDT, +1682.49166+0.00000j
2001-08-01 12:00:02.5458 PDT, +1681.86782+0.00000j
2001-08-01 12:00:02.5460 PDT, +1681.24398+0.00000j
2001-08-01 12:00:02.5462 PDT, +1680.62015+0.00000j
2001-08-01 12:00:02.5464 PDT, +1679.99631+0.00000j
2001-08-01 12:00:02.5466 PDT, +1679.37247+0.00000j
2001-08-01 12:00:02.5468 PDT, +1678.74863+0.00000j
2001-08-01 12:00:02.5470 PDT, +1678.12479+0.00000j
2001-08-01 12:00:02.5472 PDT, +1677.50095+0.00000j
2001-08-01 12:00:02.5474 PDT, +1676.87712+0.00000j
2001-08-01 12:00:02.5476 PDT, +1676.25328+0.00000j
2001-08-01 12:00:02.5478 PDT, +1675.62944+0.00000j
2001-08-01 12:00:02.5480 PDT, +1675.00560+0.00000j
2001-08-01 12:00:02.5482 PDT, +1674.38176+0.00000j
2001-08-01 12:00:02.5484 PDT, +1673.75793+0.00000j
2001-08-01 12:00:02.5486 PDT, +1673.13409+0.00000j
2001-08-01 12:00:02.5488 PDT, +1672.51025+0.00000j
2001-08-01 12:00:02.5490 PDT, +1671.88641+0.00000j
2001-08-01 12:00:02.5492 PDT, +1671.26257+0.00000j
2001-08-01 12:00:02.5494 PDT, +1670.63873+0.00000j
2001-08-01 12:00:02.5496 PDT, +1670.01490+0.00000j
2001-08-01 12:00:02.5498 PDT, +1669.39106+0.00000j
2001-08-01 12:00:02.5500 PDT, +1668.76722+0.00000j
2001-08-01 12:00:02.5502 PDT, +1668.14338+0.00000j
2001-08-01 12:00:02.5504 PDT, +1667.51954+0.00000j
2001-08-01 12:00:02.5506 PDT, +1666.89570+0.00000j
2001-08-01 12:00:02.5508 PDT, +1666.27187+0.00000j
2001-08-01 12:00:02.5510 PDT, +1665.64803+0.00000j
2001-08-01 12:00:02.5512 PDT, +1665.02419+0.00000j
2001-08-01 12:00:02.5514 PDT, +1664.40035+0.00000j
2001-08-01 12:00:02.5516 PDT, +1663.77651+0.00000j
2001-08-01 12:00:02.5518 PDT, +1663.15268+0.00000j
2001-08-01 12:00:02.5520 PDT, +1662.52884+0.00000j
2001-08-01 12:00:02.5522 PDT, +1661.90500+0.00000j
2001-08-01 12:00:02.5524 PDT, +1661.28116+0.00000j
2001-08-01 12:00:02.5526 PDT, +1660.65732+0.00000j
2001-08-01 12:00:02.5528 PDT, +1660.03348+0.00000j
2001-08-01 12:00:02.5530 PDT, +1659.40965+0.00000j
2001-08-01 12:00:02.5532 PDT, +1658.78581+0.00000j
2001-08-01 12:00:02.5534 PDT, +1658.16197+0.00000j
2001-08-01 12:00:02.5536 PDT, +1657.53813+0.00000j
2001-08-01 12:00:02.5538 PDT, +1656.91429+0.00000j
2001-08-01 12:00:02.5540 PDT, +1656.29046+0.00000j
2001-08-01 12:00:02.5542 PDT, +1655.66662+0.00000j
2001-08-01 12:00:02.5544 PDT, +1655.04278+0.00000j
2001-08-01 12:00:02.5546 PDT, +1654.41894+0.00000j
2001-08-01 12:00:02.5548 PDT, +1653.79510+0.00000j
2001-08-01 12:00:02.5550 PDT, +1653.17126+0.00000j
2001-08-01 12:00:02.5552 PDT, +1652.54743+0.00000j
2001-08-01 12:00:02.5554 PDT, +1651.92359+0.00000j
2001-08-01 12:00:02.5556 PDT, +1651.29975+0.00000j
2001-08-01 12:00:02.5558 PDT, +1650.67591+0.00000j
2001-08-01 12:00:02.5560 PDT, +1650.05207+0.00000j
2001-08-01 12:00:02.5562 PDT, +1649.42824+0.00000j
2001-08-01 12:00:02.5564 PDT, +1648.80440+0.00000j
2001-08-01 12:00:02.5566 PDT, +1648.18056+0.00000j
2001-08-01 12:00:02.5568 PDT, +1647.55672+0.00000j
2001-08-01 12:00:02.5570 PDT, +1646.93288+0.00000j
2001-08-01 12:00:02.5572 PDT, +1646.30904+0.00000j
2001-08-01 12:00:02.5574 PDT, +1645.68521+0.00000j
2001-08-01 12:00:02.5576 PDT, +1645.06137+0.00000j
2001-08-01 12:00:02.5578 PDT, +1644.43753+0.00000j
2001-08-01 12:00:02.5580 PDT, +1643.81369+0.00000j
2001-08-01 12:00:02.5582 PDT, +1643.18985+0.00000j
2001-08-01 12:00:02.5584 PDT, +1642.56601+0.00000j
2001-08-01 12:00:02.5586 PDT, +1641.94218+0.00000j
2001-08-01 12:00:02.5588 PDT, +1641.31834+0.00000j
2001-08-01 12:00:02.5590 PDT, +1640.69450+0.00000j
2001-08-01 12:00:02.5592 PDT, +1640.07066+0.00000j
2001-08-01 12:00:02.5594 PDT, +1639.44682+0.00000j
2001-08-01 12:00:02.5596 PDT, +1638.82299+0.00000j
2001-08-01 12:00:02.5598 PDT, +1638.19915+0.00000j
2001-08-01 12:00:02.5600 PDT, +1637.57531+0.00000j
2001-08-01 12:00:02.5602 PDT, +1636.95147+0.00000j
2001-08-01 12:00:02.5604 PDT, +1636.32763+0.00000j
2001-08-01 12:00:02.5606 PDT, +1635.70379+0.00000j
2001-08-01 12:00:02.5608 PDT, +1635.07996+0.00000j
2001-08-01 12:00:02.5610 PDT, +1634.45612+0.00000j
2001-08-01 12:00:02.5612 PDT, +1633.83228+0.00000j
2001-08-01 12:00:02.5614 PDT, +1633.20844+0.00000j
2001-08-01 12:00:02.5616 PDT, +1632.58460+0.00000j
2001-08-01 12:00:02.5618 PDT, +1631.96077+0.00000j
2001-08-01 12:00:02.5620 PDT, +1631.33693+0.00000j
2001-08-01 12:00:02.5622 PDT, +1630.71309+0.00000j
2001-08-01 12:00:02.5624 PDT, +1630.08925+0.00000j
2001-08-01 12:00:02.5626 PDT, +1629.46541+0.00000j
2001-08-01 12:00:02.5628 PDT, +1628.84157+0.00000j
2001-08-01 12:00:02.5630 PDT, +1628.21774+0.00000j
2001-08-01 12:00:02.5632 PDT, +1627.59390+0.00000j
2001-08-01 12:00:02.5634 PDT, +1626.97006+0.00000j
2001-08-01 12:00:02.5636 PDT, +1626.34622+0.00000j
2001-08-01 12:00:02.5638 PDT, +1625.72238+0.00000j
2001-08-01 12:00:02.5640 PDT, +1625.09854+0.00000j
2001-08-01 12:00:02.5642 PDT, +1624.47471+0.00000j
2001-08-01 12:00:02.5644 PDT, +1623.85087+0.00000j
2001-08-01 12:00:02.5646 PDT, +1623.22703+0.00000j
2001-08-01 12:00:02.5648 PDT, +1622.60319+0.00000j
2001-08-01 12:00:02.5650 PDT, +1621.97935+0.00000j
2001-08-01 12:00:02.5652 PDT, +1621.35552+0.00000j
2001-08-01 12:00:02.5654 PDT, +1620.73168+0.00000j
2001-08-01 12:00:02.5656 PDT, +1620.10784+0.00000j
2001-08-01 12:00:02.5658 PDT, +1619.48400+0.00000j
2001-08-01 12:00:02.5660 PDT, +1618.86016+0.00000j
2001-08-01 12:00:02.5662 PDT, +1618.23632+0.00000j
2001-08-01 12:00:02.5664 PDT, +1617.61249+0.00000j
2001-08-01 12:00:02.5666 PDT, +1616.98865+0.00000j
2001-08-01 12:00:02.5668 PDT, +1616.36481+0.00000j
2001-08-01 12:00:02.5670 PDT, +1615.74097+0.00000j
2001-08-01 12:00:02.5672 PDT, +1615.11713+0.00000j
2001-08-01 12:00:02.5674 PDT, +1614.49330+0.00000j
2001-08-01 12:00:02.5676 PDT, +1613.86946+0.00000j
2001-08-01 12:00:02.5678 PDT, +1613.24562+0.00000j
2001-08-01 12:00:02.5680 PDT, +1612.62178+0.00000j
2001-08-01 12:00:02.5682 PDT, +1611.99794+0.00000j
2001-08-01 12:00:02.5684 PDT, +1611.37410+0.00000j
2001-08-01 12:00:02.5686 PDT, +1610.75027+0.00000j
2001-08-01 12:00:02.5688 PDT, +1610.12643+0.00000j
2001-08-01 12:00:02.5690 PDT, +1609.50259+0.00000j
2001-08-01 12:00:02.5692 PDT, +1608.87875+0.00000j
2001-08-01 12:00:02.5694 PDT, +1608.25491+0.00000j
2001-08-01 12:00:02.5696 PDT, +1607.63107+0.00000j
2001-08-01 12:00:02.5698 PDT, +1607.00724+0.00000j
2001-08-01 12:00:02.5700 PDT, +1606.38340+0.00000j
2001-08-01 12:00:02.5702 PDT, +1605.75956+0.00000j
2001-08-01 12:00:02.5704 PDT, +1605.13572+0.00000j
2001-08-01 12:00:02.5706 PDT, +1604.51188+0.00000j
2001-08-01 12:00:02.5708 PDT, +1603.88805+0.00000j
2001-08-01 12:00:02.5710 PDT, +1603.26421+0.00000j
2001-08-01 12:00:02.5712 PDT, +1602.64037+0.00000j
2001-08-01 12:00:02.5714 PDT, +1602.01653+0.00000j
2001-08-01 12:00:02.5716 PDT, +1601.39269+0.00000j
2001-08-01 12:00:02.5718 PDT, +1600.76885+0.00000j
2001-08-01 12:00:02.5720 PDT, +1600.14502+0.00000j
2001-08-01 12:00:02.5722 PDT, +1599.52118+0.00000j
2001-08-01 12:00:02.5724 PDT, +1598.89734+0.00000j
2001-08-01 12:00:02.5726 PDT, +1598.27350+0.00000j
2001-08-01 12:00:02.5728 PDT, +1597.64966+0.00000j
2001-08-01 12:00:02.5730 PDT, +1597.02583+0.00000j
2001-08-01 12:00:02.5732 PDT, +1596.40199+0.00000j
2001-08-01 12:00:02.5734 PDT, +1595.77815+0.00000j
2001-08-01 12:00:02.5736 PDT, +1595.15431+0.00000j
2001-08-01 12:00:02.5738 PDT, +1594.53047+0.00000j
2001-08-01 12:00:02.5740 PDT, +1593.90663+0.00000j
2001-08-01 12:00:02.5742 PDT, +1593.28280+0.00000j
2001-08-01 12:00:02.5744 PDT, +1592.65896+0.00000j
2001-08-01 12:00:02.5746 PDT, +1592.03512+0.00000j
2001-08-01 12:00:02.5748 PDT, +1591.41128+0.00000j
2001-08-01 12:00:02.5750 PDT, +1590.78744+0.00000j
2001-08-01 12:00:02.5752 PDT, +1590.16360+0.00000j
2001-08-01 12:00:02.5754 PDT, +1589.53977+0.00000j
2001-08-01 12:00:02.5756 PDT, +1588.91593+0.00000j
2001-08-01 12:00:02.5758 PDT, +1588.29209+0.00000j
2001-08-01 12:00:02.5760 PDT, +1587.66825+0.00000j
2001-08-01 12:00:02.5762 PDT, +1587.04441+0.00000j
2001-08-01 12:00:02.5764 PDT, +1586.42058+0.00000j
2001-08-01 12:00:02.5766 PDT, +1585.79674+0.00000j
2001-08-01 12:00:02.5768 PDT, +1585.17290+0.00000j
2001-08-01 12:00:02.5770 PDT, +1584.54906+0.00000j
2001-08-01 12:00:02.5772 PDT, +1583.92522+0.00000j
2001-08-01 12:00:02.5774 PDT, +1583.30138+0.00000j
2001-08-01 12:00:02.5776 PDT, +1582.67755+0.00000j
2001-08-01 12:00:02.5778 PDT, +1582.05371+0.00000j
2001-08-01 12:00:02.5780 PDT, +1581.42987+0.00000j
2001-08-01 12:00:02.5782 PDT, +1580.80603+0.00000j
2001-08-01 12:00:02.5784 PDT, +1580.18219+0.00000j
2001-08-01 12:00:02.5786 PDT, +1579.55836+0.00000j
2001-08-01 12:00:02.5788 PDT, +1578.93452+0.00000j
2001-08-01 12:00:02.5790 PDT, +1578.31068+0.00000j
2001-08-01 12:00:02.5792 PDT, +1577.68684+0.00000j
2001-08-01 12:00:02.5794 PDT, +1577.06300+0.00000j
2001-08-01 12:00:02.5796 PDT, +1576.43916+0.00000j
2001-08-01 12:00:02.5798 PDT, +1575.81533+0.00000j
2001-08-01 12:00:02.5800 PDT, +1575.19149+0.00000j
2001-08-01 12:00:02.5802 PDT, +1574.56765+0.00000j
2001-08-01 12:00:02.5804 PDT, +1573.94381+0.00000j
2001-08-01 12:00:02.5806 PDT, +1573.31997+0.00000j
2001-08-01 12:00:02.5808 PDT, +1572.69613+0.00000j
2001-08-01 12:00:02.5810 PDT, +1572.07230+0.00000j
2001-08-01 12:00:02.5812 PDT, +1571.44846+0.00000j
2001-08-01 12:00:02.5814 PDT, +1570.82462+0.00000j
2001-08-01 12:00:02.5816 PDT, +1570.20078+0.00000j
2001-08-01 12:00:02.5818 PDT, +1569.57694+0.00000j
2001-08-01 12:00:02.5820 PDT, +1568.95311+0.00000j
2001-08-01 12:00:02.5822 PDT, +1568.32927+0.00000j
2001-08-01 12:00:02.5824 PDT, +1567.70543+0.00000j
2001-08-01 12:00:02.5826 PDT, +1567.08159+0.00000j
2001-08-01 12:00:02.5828 PDT, +1566.45775+0.00000j
2001-08-01 12:00:02.5830 PDT, +1565.83391+0.00000j
2001-08-01 12:00:02.5832 PDT, +1565.21008+0.00000j
2001-08-01 12:00:02.5834 PDT, +1564.58624+0.00000j
2001-08-01 12:00:02.5836 PDT, +1563.96240+0.00000j
2001-08-01 12:00:02.5838 PDT, +1563.33856+0.00000j
2001-08-01 12:00:02.5840 PDT, +1562.71472+0.00000j
2001-08-01 12:00:02.5842 PDT, +1562.09089+0.00000j
2001-08-01 12:00:02.5844 PDT, +1561.46705+0.00000j
2001-08-01 12:00:02.5846 PDT, +1560.84321+0.00000j
2001-08-01 12:00:02.5848 PDT, +1560.21937+0.00000j
2001-08-01 12:00:02.5850 PDT, +1559.59553+0.00000j
2001-08-01 12:00:02.5852 PDT, +1558.97169+0.00000j
2001-08-01 12:00:02.5854 PDT, +1558.34786+0.00000j
2001-08-01 12:00:02.5856 PDT, +1557.72402+0.00000j
2001-08-01 12:00:02.5858 PDT, +1557.10018+0.00000j
2001-08-01 12:00:02.5860 PDT, +1556.47634+0.00000j
2001-08-01 12:00:02.5862 PDT, +1555.85250+0.00000j
2001-08-01 12:00:02.5864 PDT, +1555.22866+0.00000j
2001-08-01 12:00:02.5866 PDT, +1554.60483+0.00000j
2001-08-01 12:00:02.5868 PDT, +1553.98099+0.00000j
2001-08-01 12:00:02.5870 PDT, +1553.35715+0.00000j
2001-08-01 12:00:02.5872 PDT, +1552.73331+0.00000j
2001-08-01 12:00:02.5874 PDT, +1552.10947+0.00000j
2001-08-01 12:00:02.5876 PDT, +1551.48564+0.00000j
2001-08-01 12:00:02.5878 PDT, +1550.86180+0.00000j
2001-08-01 12:00:02.5880 PDT, +1550.23796+0.00000j
2001-08-01 12:00:02.5882 PDT, +1549.61412+0.00000j
2001-08-01 12:00:02.5884 PDT, +1548.99028+0.00000j
2001-08-01 12:00:02.5886 PDT, +1548.36644+0.00000j
2001-08-01 12:00:02.5888 PDT, +1547.74261+0.00000j
2001-08-01 12:00:02.5890 PDT, +1547.11877+0.00000j
2001-08-01 12:00:02.5892 PDT, +1546.49493+0.00000j
2001-08-01 12:00:02.5894 PDT, +1545.87109+0.00000j
2001-08-01 12:00:02.5896 PDT, +1545.24725+0.00000j
2001-08-01 12:00:02.5898 PDT, +1544.62342+0.00000j
2001-08-01 12:00:02.5900 PDT, +1543.99958+0.00000j
2001-08-01 12:00:02.5902 PDT, +1543.37574+0.00000j
2001-08-01 12:00:02.5904 PDT, +1542.75190+0.00000j
2001-08-01 12:00:02.5906 PDT, +1542.12806+0.00000j
2001-08-01 12:00:02.5908 PDT, +1541.50422+0.00000j
2001-08-01 12:00:02.5910 PDT, +1540.88039+0.00000j
2001-08-01 12:00:02.5912 PDT, +1540.25655+0.00000j
2001-08-01 12:00:02.5914 PDT, +1539.63271+0.00000j
2001-08-01 12:00:02.5916 PDT, +1539.00887+0.00000j
2001-08-01 12:00:02.5918 PDT, +1538.38503+0.00000j
2001-08-01 12:00:02.5920 PDT, +1537.76119+0.00000j
2001-08-01 12:00:02.5922 PDT, +1537.13736+0.00000j
2001-08-01 12:00:02.5924 PDT, +1536.51352+0.00000j
2001-08-01 12:00:02.5926 PDT, +1535.88968+0.00000j
2001-08-01 12:00:02.5928 PDT, +1535.26584+0.00000j
2001-08-01 12:00:02.5930 PDT, +1534.64200+0.00000j
2001-08-01 12:00:02.5932 PDT, +1534.01817+0.00000j
2001-08-01 12:00:02.5934 PDT, +1533.39433+0.00000j
2001-08-01 12:00:02.5936 PDT, +1532.77049+0.00000j
2001-08-01 12:00:02.5938 PDT, +1532.14665+0.00000j
2001-08-01 12:00:02.5940 PDT, +1531.52281+0.00000j
2001-08-01 12:00:02.5942 PDT, +1530.89897+0.00000j
2001-08-01 12:00:02.5944 PDT, +1530.27514+0.00000j
2001-08-01 12:00:02.5946 PDT, +1529.65130+0.00000j
2001-08-01 12:00:02.5948 PDT, +1529.02746+0.00000j
2001-08-01 12:00:02.5950 PDT, +1528.40362+0.00000j
2001-08-01 12:00:02.5952 PDT, +1527.77978+0.00000j
2001-08-01 12:00:02.5954 PDT, +1527.15595+0.00000j
2001-08-01 12:00:02.5956 PDT, +1526.53211+0.00000j
2001-08-01 12:00:02.5958 PDT, +1525.90827+0.00000j
2001-08-01 12:00:02.5960 PDT, +1525.28443+0.00000j
2001-08-01 12:00:02.5962 PDT, +1524.66059+0.00000j
2001-08-01 12:00:02.5964 PDT, +1524.03675+0.00000j
2001-08-01 12:00:02.5966 PDT, +1523.41292+0.00000j
2001-08-01 12:00:02.5968 PDT, +1522.78908+0.00000j
2001-08-01 12:00:02.5970 PDT, +1522.16524+0.00000j
2001-08-01 12:00:02.5972 PDT, +1521.54140+0.00000j
2001-08-01 12:00:02.5974 PDT, +1520.91756+0.00000j
2001-08-01 12:00:02.5976 PDT, +1520.29372+0.00000j
2001-08-01 12:00:02.5978 PDT, +1519.66989+0.00000j
2001-08-01 12:00:02.5980 PDT, +1519.04605+0.00000j
2001-08-01 12:00:02.5982 PDT, +1518.42221+0.00000j
2001-08-01 12:00:02.5984 PDT, +1517.79837+0.00000j
2001-08-01 12:00:02.5986 PDT, +1517.17453+0.00000j
2001-08-01 12:00:02.5988 PDT, +1516.55070+0.00000j
2001-08-01 12:00:02.5990 PDT, +1515.92686+0.00000j
2001-08-01 12:00:02.5992 PDT, +1515.30302+0.00000j
2001-08-01 12:00:02.5994 PDT, +1514.67918+0.00000j
2001-08-01 12:00:02.5996 PDT, +1514.05534+0.00000j
2001-08-01 12:00:02.5998 PDT, +1513.43150+0.00000j
2001-08-01 12:00:02.6000 PDT, +1512.80767+0.00000j
2001-08-01 12:00:02.6002 PDT, +1512.18383+0.00000j
2001-08-01 12:00:02.6004 PDT, +1511.55999+0.00000j
2001-08-01 12:00:02.6006 PDT, +1510.93615+0.00000j
2001-08-01 12:00:02.6008 PDT, +1510.31231+0.00000j
2001-08-01 12:00:02.6010 PDT, +1509.68848+0.00000j
2001-08-01 12:00:02.6012 PDT, +1509.06464+0.00000j
2001-08-01 12:00:02.6014 PDT, +1508.44080+0.00000j
2001-08-01 12:00:02.6016 PDT, +1507.81696+0.00000j
2001-08-01 12:00:02.6018 PDT, +1507.19312+0.00000j
2001-08-01 12:00:02.6020 PDT, +1506.56928+0.00000j
2001-08-01 12:00:02.6022 PDT, +1505.94545+0.00000j
2001-08-01 12:00:02.6024 PDT, +1505.32161+0.00000j
2001-08-01 12:00:02.6026 PDT, +1504.69777+0.00000j
2001-08-01 12:00:02.6028 PDT, +1504.07393+0.00000j
2001-08-01 12:00:02.6030 PDT, +1503.45009+0.00000j
2001-08-01 12:00:02.6032 PDT, +1502.82625+0.00000j
2001-08-01 12:00:02.6034 PDT, +1502.20242+0.00000j
2001-08-01 12:00:02.6036 PDT, +1501.57858+0.00000j
2001-08-01 12:00:02.6038 PDT, +1500.95474+0.00000j
2001-08-01 12:00:02.6040 PDT, +1500.33090+0.00000j
2001-08-01 12:00:02.6042 PDT, +1499.70706+0.00000j
2001-08-01 12:00:02.6044 PDT, +1499.08323+0.00000j
2001-08-01 12:00:02.6046 PDT, +1498.45939+0.00000j
2001-08-01 12:00:02.6048 PDT, +1497.83555+0.00000j
2001-08-01 12:00:02.6050 PDT, +1497.21171+0.00000j
2001-08-01 12:00:02.6052 PDT, +1496.58787+0.00000j
2001-08-01 12:00:02.6054 PDT, +1495.96403+0.00000j
2001-08-01 12:00:02.6056 PDT, +1495.34020+0.00000j
2001-08-01 12:00:02.6058 PDT, +1494.71636+0.00000j
2001-08-01 12:00:02.6060 PDT, +1494.09252+0.00000j
2001-08-01 12:00:02.6062 PDT, +1493.46868+0.00000j
2001-08-01 12:00:02.6064 PDT, +1492.84484+0.00000j
2001-08-01 12:00:02.6066 PDT, +1492.22101+0.00000j
2001-08-01 12:00:02.6068 PDT, +1491.59717+0.00000j
2001-08-01 12:00:02.6070 PDT, +1490.97333+0.00000j
2001-08-01 12:00:02.6072 PDT, +1490.34949+0.00000j
2001-08-01 12:00:02.6074 PDT, +1489.72565+0.00000j
2001-08-01 12:00:02.6076 PDT, +1489.10181+0.00000j
2001-08-01 12:00:02.6078 PDT, +1488.47798+0.00000j
2001-08-01 12:00:02.6080 PDT, +1487.85414+0.00000j
2001-08-01 12:00:02.6082 PDT, +1487.23030+0.00000j
2001-08-01 12:00:02.6084 PDT, +1486.60646+0.00000j
2001-08-01 12:00:02.6086 PDT, +1485.98262+0.00000j
2001-08-01 12:00:02.6088 PDT, +1485.35879+0.00000j
2001-08-01 12:00:02.6090 PDT, +1484.73495+0.00000j
2001-08-01 12:00:02.6092 PDT, +1484.11111+0.00000j
2001-08-01 12:00:02.6094 PDT, +1483.48727+0.00000j
2001-08-01 12:00:02.6096 PDT, +1482.86343+0.00000j
2001-08-01 12:00:02.6098 PDT, +1482.23959+0.00000j
2001-08-01 12:00:02.6100 PDT, +1481.61576+0.00000j
2001-08-01 12:00:02.6102 PDT, +1480.99192+0.00000j
2001-08-01 12:00:02.6104 PDT, +1480.36808+0.00000j
2001-08-01 12:00:02.6106 PDT, +1479.74424+0.00000j
2001-08-01 12:00:02.6108 PDT, +1479.12040+0.00000j
2001-08-01 12:00:02.6110 PDT, +1478.49656+0.00000j
2001-08-01 12:00:02.6112 PDT, +1477.87273+0.00000j
2001-08-01 12:00:02.6114 PDT, +1477.24889+0.00000j
2001-08-01 12:00:02.6116 PDT, +1476.62505+0.00000j
2001-08-01 12:00:02.6118 PDT, +1476.00121+0.00000j
2001-08-01 12:00:02.6120 PDT, +1475.37737+0.00000j
2001-08-01 12:00:02.6122 PDT, +1474.75354+0.00000j
2001-08-01 12:00:02.6124 PDT, +1474.12970+0.00000j
2001-08-01 12:00:02.6126 PDT, +1473.50586+0.00000j
2001-08-01 12:00:02.6128 PDT, +1472.88202+0.00000j
2001-08-01 12:00:02.6130 PDT, +1472.25818+0.00000j
2001-08-01 12:00:02.6132 PDT, +1471.63434+0.00000j
2001-08-01 12:00:02.6134 PDT, +1471.01051+0.00000j
2001-08-01 12:00:02.6136 PDT, +1470.38667+0.00000j
2001-08-01 12:00:02.6138 PDT, +1469.76283+0.00000j
2001-08-01 12:00:02.6140 PDT, +1469.13899+0.00000j
2001-08-01 12:00:02.6142 PDT, +1468.51515+0.00000j
2001-08-01 12:00:02.6144 PDT, +1467.89132+0.00000j
2001-08-01 12:00:02.6146 PDT, +1467.26748+0.00000j
2001-08-01 12:00:02.6148 PDT, +1466.64364+0.00000j
2001-08-01 12:00:02.6150 PDT, +1466.01980+0.00000j
2001-08-01 12:00:02.6152 PDT, +1465.39596+0.00000j
2001-08-01 12:00:02.6154 PDT, +1464.77212+0.00000j
2001-08-01 12:00:02.6156 PDT, +1464.14829+0.00000j
2001-08-01 12:00:02.6158 PDT, +1463.52445+0.00000j
2001-08-01 12:00:02.6160 PDT, +1462.90061+0.00000j
2001-08-01 12:00:02.6162 PDT, +1462.27677+0.00000j
2001-08-01 12:00:02.6164 PDT, +1461.65293+0.00000j
2001-08-01 12:00:02.6166 PDT, +1461.02909+0.00000j
2001-08-01 12:00:02.6168 PDT, +1460.40526+0.00000j
2001-08-01 12:00:02.6170 PDT, +1459.78142+0.00000j
2001-08-01 12:00:02.6172 PDT, +1459.15758+0.00000j
2001-08-01 12:00:02.6174 PDT, +1458.53374+0.00000j
2001-08-01 12:00:02.6176 PDT, +1457.90990+0.00000j
2001-08-01 12:00:02.6178 PDT, +1457.28607+0.00000j
2001-08-01 12:00:02.6180 PDT, +1456.66223+0.00000j
2001-08-01 12:00:02.6182 PDT, +1456.03839+0.00000j
2001-08-01 12:00:02.6184 PDT, +1455.41455+0.00000j
2001-08-01 12:00:02.6186 PDT, +1454.79071+0.00000j
2001-08-01 12:00:02.6188 PDT, +1454.16687+0.00000j
2001-08-01 12:00:02.6190 PDT, +1453.54304+0.00000j
2001-08-01 12:00:02.6192 PDT, +1452.91920+0.00000j
2001-08-01 12:00:02.6194 PDT, +1452.29536+0.00000j
2001-08-01 12:00:02.6196 PDT, +1451.67152+0.00000j
2001-08-01 12:00:02.6198 PDT, +1451.04768+0.00000j
2001-08-01 12:00:02.6200 PDT, +1450.42385+0.00000j
2001-08-01 12:00:02.6202 PDT, +1449.80001+0.00000j
2001-08-01 12:00:02.6204 PDT, +1449.17617+0.00000j
2001-08-01 12:00:02.6206 PDT, +1448.55233+0.00000j
2001-08-01 12:00:02.6208 PDT, +1447.92849+0.00000j
2001-08-01 12:00:02.6210 PDT, +1447.30465+0.00000j
2001-08-01 12:00:02.6212 PDT, +1446.68082+0.00000j
2001-08-01 12:00:02.6214 PDT, +1446.05698+0.00000j
2001-08-01 12:00:02.6216 PDT, +1445.43314+0.00000j
2001-08-01 12:00:02.6218 PDT, +1444.80930+0.00000j
2001-08-01 12:00:02.6220 PDT, +1444.18546+0.00000j
2001-08-01 12:00:02.6222 PDT, +1443.56162+0.00000j
2001-08-01 12:00:02.6224 PDT, +1442.93779+0.00000j
2001-08-01 12:00:02.6226 PDT, +1442.31395+0.00000j
2001-08-01 12:00:02.6228 PDT, +1441.69011+0.00000j
2001-08-01 12:00:02.6230 PDT, +1441.06627+0.00000j
2001-08-01 12:00:02.6232 PDT, +1440.44243+0.00000j
2001-08-01 12:00:02.6234 PDT, +1439.81860+0.00000j
2001-08-01 12:00:02.6236 PDT, +1439.19476+0.00000j
2001-08-01 12:00:02.6238 PDT, +1438.57092+0.00000j
2001-08-01 12:00:02.6240 PDT, +1437.94708+0.00000j
2001-08-01 12:00:02.6242 PDT, +1437.32324+0.00000j
2001-08-01 12:00:02.6244 PDT, +1436.69940+0.00000j
2001-08-01 12:00:02.6246 PDT, +1436.07557+0.00000j
2001-08-01 12:00:02.6248 PDT, +1435.45173+0.00000j
2001-08-01 12:00:02.6250 PDT, +1434.82789+0.00000j
2001-08-01 12:00:02.6252 PDT, +1434.20405+0.00000j
2001-08-01 12:00:02.6254 PDT, +1433.58021+0.00000j
2001-08-01 12:00:02.6256 PDT, +1432.95638+0.00000j
2001-08-01 12:00:02.6258 PDT, +1432.33254+0.00000j
2001-08-01 12:00:02.6260 PDT, +1431.70870+0.00000j
2001-08-01 12:00:02.6262 PDT, +1431.08486+0.00000j
2001-08-01 12:00:02.6264 PDT, +1430.46102+0.00000j
2001-08-01 12:00:02.6266 PDT, +1429.83718+0.00000j
2001-08-01 12:00:02.6268 PDT, +1429.21335+0.00000j
2001-08-01 12:00:02.6270 PDT, +1428.58951+0.00000j
2001-08-01 12:00:02.6272 PDT, +1427.96567+0.00000j
2001-08-01 12:00:02.6274 PDT, +1427.34183+0.00000j
2001-08-01 12:00:02.6276 PDT, +1426.71799+0.00000j
2001-08-01 12:00:02.6278 PDT, +1426.09415+0.00000j
2001-08-01 12:00:02.6280 PDT, +1425.47032+0.00000j
2001-08-01 12:00:02.6282 PDT, +1424.84648+0.00000j
2001-08-01 12:00:02.6284 PDT, +1424.22264+0.00000j
2001-08-01 12:00:02.6286 PDT, +1423.59880+0.00000j
2001-08-01 12:00:02.6288 PDT, +1422.97496+0.00000j
2001-08-01 12:00:02.6290 PDT, +1422.35113+0.00000j
2001-08-01 12:00:02.6292 PDT, +1421.72729+0.00000j
2001-08-01 12:00:02.6294 PDT, +1421.10345+0.00000j
2001-08-01 12:00:02.6296 PDT, +1420.47961+0.00000j
2001-08-01 12:00:02.6298 PDT, +1419.85577+0.00000j
2001-08-01 12:00:02.6300 PDT, +1419.23193+0.00000j
2001-08-01 12:00:02.6302 PDT, +1418.60810+0.00000j
2001-08-01 12:00:02.6304 PDT, +1417.98426+0.00000j
2001-08-01 12:00:02.6306 PDT, +1417.36042+0.00000j
2001-08-01 12:00:02.6308 PDT, +1416.73658+0.00000j
2001-08-01 12:00:02.6310 PDT, +1416.11274+0.00000j
2001-08-01 12:00:02.6312 PDT, +1415.48891+0.00000j
2001-08-01 12:00:02.6314 PDT, +1414.86507+0.00000j
2001-08-01 12:00:02.6316 PDT, +1414.24123+0.00000j
2001-08-01 12:00:02.6318 PDT, +1413.61739+0.00000j
2001-08-01 12:00:02.6320 PDT, +1412.99355+0.00000j
2001-08-01 12:00:02.6322 PDT, +1412.36971+0.00000j
2001-08-01 12:00:02.6324 PDT, +1411.74588+0.00000j
2001-08-01 12:00:02.6326 PDT, +1411.12204+0.00000j
2001-08-01 12:00:02.6328 PDT, +1410.49820+0.00000j
2001-08-01 12:00:02.6330 PDT, +1409.87436+0.00000j
2001-08-01 12:00:02.6332 PDT, +1409.25052+0.00000j
2001-08-01 12:00:02.6334 PDT, +1408.62668+0.00000j
2001-08-01 12:00:02.6336 PDT, +1408.00285+0.00000j
2001-08-01 12:00:02.6338 PDT, +1407.37901+0.00000j
2001-08-01 12:00:02.6340 PDT, +1406.75517+0.00000j
2001-08-01 12:00:02.6342 PDT, +1406.13133+0.00000j
2001-08-01 12:00:02.6344 PDT, +1405.50749+0.00000j
2001-08-01 12:00:02.6346 PDT, +1404.88366+0.00000j
2001-08-01 12:00:02.6348 PDT, +1404.25982+0.00000j
2001-08-01 12:00:02.6350 PDT, +1403.63598+0.00000j
2001-08-01 12:00:02.6352 PDT, +1403.01214+0.00000j
2001-08-01 12:00:02.6354 PDT, +1402.38830+0.00000j
2001-08-01 12:00:02.6356 PDT, +1401.76446+0.00000j
2001-08-01 12:00:02.6358 PDT, +1401.14063+0.00000j
2001-08-01 12:00:02.6360 PDT, +1400.51679+0.00000j
2001-08-01 12:00:02.6362 PDT, +1399.89295+0.00000j
2001-08-01 12:00:02.6364 PDT, +1399.26911+0.00000j
2001-08-01 12:00:02.6366 PDT, +1398.64527+0.00000j
2001-08-01 12:00:02.6368 PDT, +1398.02144+0.00000j
2001-08-01 12:00:02.6370 PDT, +1397.39760+0.00000j
2001-08-01 12:00:02.6372 PDT, +1396.77376+0.00000j
2001-08-01 12:00:02.6374 PDT, +1396.14992+0.00000j
2001-08-01 12:00:02.6376 PDT, +1395.52608+0.00000j
2001-08-01 12:00:02.6378 PDT, +1394.90224+0.00000j
2001-08-01 12:00:02.6380 PDT, +1394.27841+0.00000j
2001-08-01 12:00:02.6382 PDT, +1393.65457+0.00000j
2001-08-01 12:00:02.6384 PDT, +1393.03073+0.00000j
2001-08-01 12:00:02.6386 PDT, +1392.40689+0.00000j
2001-08-01 12:00:02.6388 PDT, +1391.78305+0.00000j
2001-08-01 12:00:02.6390 PDT, +1391.15921+0.00000j
2001-08-01 12:00:02.6392 PDT, +1390.53538+0.00000j
2001-08-01 12:00:02.6394 PDT, +1389.91154+0.00000j
2001-08-01 12:00:02.6396 PDT, +1389.28770+0.00000j
2001-08-01 12:00:02.6398 PDT, +1388.66386+0.00000j
2001-08-01 12:00:02.6400 PDT, +1388.04002+0.00000j
2001-08-01 12:00:02.6402 PDT, +1387.41619+0.00000j
2001-08-01 12:00:02.6404 PDT, +1386.79235+0.00000j
2001-08-01 12:00:02.6406 PDT, +1386.16851+0.00000j
2001-08-01 12:00:02.6408 PDT, +1385.54467+0.00000j
2001-08-01 12:00:02.6410 PDT, +1384.92083+0.00000j
2001-08-01 12:00:02.6412 PDT, +1384.29699+0.00000j
2001-08-01 12:00:02.6414 PDT, +1383.67316+0.00000j
2001-08-01 12:00:02.6416 PDT, +1383.04932+0.00000j
2001-08-01 12:00:02.6418 PDT, +1382.42548+0.00000j
2001-08-01 12:00:02.6420 PDT, +1381.80164+0.00000j
2001-08-01 12:00:02.6422 PDT, +1381.17780+0.00000j
2001-08-01 12:00:02.6424 PDT, +1380.55397+0.00000j
2001-08-01 12:00:02.6426 PDT, +1379.93013+0.00000j
2001-08-01 12:00:02.6428 PDT, +1379.30629+0.00000j
2001-08-01 12:00:02.6430 PDT, +1378.68245+0.00000j
2001-08-01 12:00:02.6432 PDT, +1378.05861+0.00000j
2001-08-01 12:00:02.6434 PDT, +1377.43477+0.00000j
2001-08-01 12:00:02.6436 PDT, +1376.81094+0.00000j
2001-08-01 12:00:02.6438 PDT, +1376.18710+0.00000j
2001-08-01 12:00:02.6440 PDT, +1375.56326+0.00000j
2001-08-01 12:00:02.6442 PDT, +1374.93942+0.00000j
2001-08-01 12:00:02.6444 PDT, +1374.31558+0.00000j
2001-08-01 12:00:02.6446 PDT, +1373.69174+0.00000j
2001-08-01 12:00:02.6448 PDT, +1373.06791+0.00000j
2001-08-01 12:00:02.6450 PDT, +1372.44407+0.00000j
2001-08-01 12:00:02.6452 PDT, +1371.82023+0.00000j
2001-08-01 12:00:02.6454 PDT, +1371.19639+0.00000j
2001-08-01 12:00:02.6456 PDT, +1370.57255+0.00000j
2001-08-01 12:00:02.6458 PDT, +1369.94872+0.00000j
2001-08-01 12:00:02.6460 PDT, +1369.32488+0.00000j
2001-08-01 12:00:02.6462 PDT, +1368.70104+0.00000j
2001-08-01 12:00:02.6464 PDT, +1368.07720+0.00000j
2001-08-01 12:00:02.6466 PDT, +1367.45336+0.00000j
2001-08-01 12:00:02.6468 PDT, +1366.82952+0.00000j
2001-08-01 12:00:02.6470 PDT, +1366.20569+0.00000j
2001-08-01 12:00:02.6472 PDT, +1365.58185+0.00000j
2001-08-01 12:00:02.6474 PDT, +1364.95801+0.00000j
2001-08-01 12:00:02.6476 PDT, +1364.33417+0.00000j
2001-08-01 12:00:02.6478 PDT, +1363.71033+0.00000j
2001-08-01 12:00:02.6480 PDT, +1363.08650+0.00000j
2001-08-01 12:00:02.6482 PDT, +1362.46266+0.00000j
2001-08-01 12:00:02.6484 PDT, +1361.83882+0.00000j
2001-08-01 12:00:02.6486 PDT, +1361.21498+0.00000j
2001-08-01 12:00:02.6488 PDT, +1360.59114+0.00000j
2001-08-01 12:00:02.6490 PDT, +1359.96730+0.00000j
2001-08-01 12:00:02.6492 PDT, +1359.34347+0.00000j
2001-08-01 12:00:02.6494 PDT, +1358.71963+0.00000j
2001-08-01 12:00:02.6496 PDT, +1358.09579+0.00000j
2001-08-01 12:00:02.6498 PDT, +1357.47195+0.00000j
2001-08-01 12:00:02.6500 PDT, +1356.84811+0.00000j
2001-08-01 12:00:02.6502 PDT, +1356.22427+0.00000j
2001-08-01 12:00:02.6504 PDT, +1355.60044+0.00000j
2001-08-01 12:00:02.6506 PDT, +1354.97660+0.00000j
2001-08-01 12:00:02.6508 PDT, +1354.35276+0.00000j
2001-08-01 12:00:02.6510 PDT, +1353.72892+0.00000j
2001-08-01 12:00:02.6512 PDT, +1353.10508+0.00000j
2001-08-01 12:00:02.6514 PDT, +1352.48125+0.00000j
2001-08-01 12:00:02.6516 PDT, +1351.85741+0.00000j
2001-08-01 12:00:02.6518 PDT, +1351.23357+0.00000j
2001-08-01 12:00:02.6520 PDT, +1350.60973+0.00000j
2001-08-01 12:00:02.6522 PDT, +1349.98589+0.00000j
2001-08-01 12:00:02.6524 PDT, +1349.36205+0.00000j
2001-08-01 12:00:02.6526 PDT, +1348.73822+0.00000j
2001-08-01 12:00:02.6528 PDT, +1348.11438+0.00000j
2001-08-01 12:00:02.6530 PDT, +1347.49054+0.00000j
2001-08-01 12:00:02.6532 PDT, +1346.86670+0.00000j
2001-08-01 12:00:02.6534 PDT, +1346.24286+0.00000j
2001-08-01 12:00:02.6536 PDT, +1345.61903+0.00000j
2001-08-01 12:00:02.6538 PDT, +1344.99519+0.00000j
2001-08-01 12:00:02.6540 PDT, +1344.37135+0.00000j
2001-08-01 12:00:02.6542 PDT, +1343.74751+0.00000j
2001-08-01 12:00:02.6544 PDT, +1343.12367+0.00000j
2001-08-01 12:00:02.6546 PDT, +1342.49983+0.00000j
2001-08-01 12:00:02.6548 PDT, +1341.87600+0.00000j
2001-08-01 12:00:02.6550 PDT, +1341.25216+0.00000j
2001-08-01 12:00:02.6552 PDT, +1340.62832+0.00000j
2001-08-01 12:00:02.6554 PDT, +1340.00448+0.00000j
2001-08-01 12:00:02.6556 PDT, +1339.38064+0.00000j
2001-08-01 12:00:02.6558 PDT, +1338.75680+0.00000j
2001-08-01 12:00:02.6560 PDT, +1338.13297+0.00000j
2001-08-01 12:00:02.6562 PDT, +1337.50913+0.00000j
2001-08-01 12:00:02.6564 PDT, +1336.88529+0.00000j
2001-08-01 12:00:02.6566 PDT, +1336.26145+0.00000j
2001-08-01 12:00:02.6568 PDT, +1335.63761+0.00000j
2001-08-01 12:00:02.6570 PDT, +1335.01378+0.00000j
2001-08-01 12:00:02.6572 PDT, +1334.38994+0.00000j
2001-08-01 12:00:02.6574 PDT, +1333.76610+0.00000j
2001-08-01 12:00:02.6576 PDT, +1333.14226+0.00000j
2001-08-01 12:00:02.6578 PDT, +1332.51842+0.00000j
2001-08-01 12:00:02.6580 PDT, +1331.89458+0.00000j
2001-08-01 12:00:02.6582 PDT, +1331.27075+0.00000j
2001-08-01 12:00:02.6584 PDT, +1330.64691+0.00000j
2001-08-01 12:00:02.6586 PDT, +1330.02307+0.00000j
2001-08-01 12:00:02.6588 PDT, +1329.39923+0.00000j
2001-08-01 12:00:02.6590 PDT, +1328.77539+0.00000j
2001-08-01 12:00:02.6592 PDT, +1328.15156+0.00000j
2001-08-01 12:00:02.6594 PDT, +1327.52772+0.00000j
2001-08-01 12:00:02.6596 PDT, +1326.90388+0.00000j
2001-08-01 12:00:02.6598 PDT, +1326.28004+0.00000j
2001-08-01 12:00:02.6600 PDT, +1325.65620+0.00000j
2001-08-01 12:00:02.6602 PDT, +1325.03236+0.00000j
2001-08-01 12:00:02.6604 PDT, +1324.40853+0.00000j
2001-08-01 12:00:02.6606 PDT, +1323.78469+0.00000j
2001-08-01 12:00:02.6608 PDT, +1323.16085+0.00000j
2001-08-01 12:00:02.6610 PDT, +1322.53701+0.00000j
2001-08-01 12:00:02.6612 PDT, +1321.91317+0.00000j
2001-08-01 12:00:02.6614 PDT, +1321.28934+0.00000j
2001-08-01 12:00:02.6616 PDT, +1320.66550+0.00000j
2001-08-01 12:00:02.6618 PDT, +1320.04166+0.00000j
2001-08-01 12:00:02.6620 PDT, +1319.41782+0.00000j
2001-08-01 12:00:02.6622 PDT, +1318.79398+0.00000j
2001-08-01 12:00:02.6624 PDT, +1318.17014+0.00000j
2001-08-01 12:00:02.6626 PDT, +1317.54631+0.00000j
2001-08-01 12:00:02.6628 PDT, +1316.92247+0.00000j
2001-08-01 12:00:02.6630 PDT, +1316.29863+0.00000j
2001-08-01 12:00:02.6632 PDT, +1315.67479+0.00000j
2001-08-01 12:00:02.6634 PDT, +1315.05095+0.00000j
2001-08-01 12:00:02.6636 PDT, +1314.42711+0.00000j
2001-08-01 12:00:02.6638 PDT, +1313.80328+0.00000j
2001-08-01 12:00:02.6640 PDT, +1313.17944+0.00000j
2001-08-01 12:00:02.6642 PDT, +1312.55560+0.00000j
2001-08-01 12:00:02.6644 PDT, +1311.93176+0.00000j
2001-08-01 12:00:02.6646 PDT, +1311.30792+0.00000j
2001-08-01 12:00:02.6648 PDT, +1310.68409+0.00000j
2001-08-01 12:00:02.6650 PDT, +1310.06025+0.00000j
2001-08-01 12:00:02.6652 PDT, +1309.43641+0.00000j
2001-08-01 12:00:02.6654 PDT, +1308.81257+0.00000j
2001-08-01 12:00:02.6656 PDT, +1308.18873+0.00000j
2001-08-01 12:00:02.6658 PDT, +1307.56489+0.00000j
2001-08-01 12:00:02.6660 PDT, +1306.94106+0.00000j
2001-08-01 12:00:02.6662 PDT, +1306.31722+0.00000j
2001-08-01 12:00:02.6664 PDT, +1305.69338+0.00000j
2001-08-01 12:00:02.6666 PDT, +1305.06954+0.00000j
2001-08-01 12:00:02.6668 PDT, +1304.44570+0.00000j
2001-08-01 12:00:02.6670 PDT, +1303.82187+0.00000j
2001-08-01 12:00:02.6672 PDT, +1303.19803+0.00000j
2001-08-01 12:00:02.6674 PDT, +1302.57419+0.00000j
2001-08-01 12:00:02.6676 PDT, +1301.95035+0.00000j
2001-08-01 12:00:02.6678 PDT, +1301.32651+0.00000j
2001-08-01 12:00:02.6680 PDT, +1300.70267+0.00000j
2001-08-01 12:00:02.6682 PDT, +1300.07884+0.00000j
2001-08-01 12:00:02.6684 PDT, +1299.45500+0.00000j
2001-08-01 12:00:02.6686 PDT, +1298.83116+0.00000j
2001-08-01 12:00:02.6688 PDT, +1298.20732+0.00000j
2001-08-01 12:00:02.6690 PDT, +1297.58348+0.00000j
2001-08-01 12:00:02.6692 PDT, +1296.95964+0.00000j
2001-08-01 12:00:02.6694 PDT, +1296.33581+0.00000j
2001-08-01 12:00:02.6696 PDT, +1295.71197+0.00000j
2001-08-01 12:00:02.6698 PDT, +1295.08813+0.00000j
2001-08-01 12:00:02.6700 PDT, +1294.46429+0.00000j
2001-08-01 12:00:02.6702 PDT, +1293.84045+0.00000j
2001-08-01 12:00:02.6704 PDT, +1293.21662+0.00000j
2001-08-01 12:00:02.6706 PDT, +1292.59278+0.00000j
2001-08-01 12:00:02.6708 PDT, +1291.96894+0.00000j
2001-08-01 12:00:02.6710 PDT, +1291.34510+0.00000j
2001-08-01 12:00:02.6712 PDT, +1290.72126+0.00000j
2001-08-01 12:00:02.6714 PDT, +1290.09742+0.00000j
2001-08-01 12:00:02.6716 PDT, +1289.47359+0.00000j
2001-08-01 12:00:02.6718 PDT, +1288.84975+0.00000j
2001-08-01 12:00:02.6720 PDT, +1288.22591+0.00000j
2001-08-01 12:00:02.6722 PDT, +1287.60207+0.00000j
2001-08-01 12:00:02.6724 PDT, +1286.97823+0.00000j
2001-08-01 12:00:02.6726 PDT, +1286.35440+0.00000j
2001-08-01 12:00:02.6728 PDT, +1285.73056+0.00000j
2001-08-01 12:00:02.6730 PDT, +1285.10672+0.00000j
2001-08-01 12:00:02.6732 PDT, +1284.48288+0.00000j
2001-08-01 12:00:02.6734 PDT, +1283.85904+0.00000j
2001-08-01 12:00:02.6736 PDT, +1283.23520+0.00000j
2001-08-01 12:00:02.6738 PDT, +1282.61137+0.00000j
2001-08-01 12:00:02.6740 PDT, +1281.98753+0.00000j
2001-08-01 12:00:02.6742 PDT, +1281.36369+0.00000j
2001-08-01 12:00:02.6744 PDT, +1280.73985+0.00000j
2001-08-01 12:00:02.6746 PDT, +1280.11601+0.00000j
2001-08-01 12:00:02.6748 PDT, +1279.49217+0.00000j
2001-08-01 12:00:02.6750 PDT, +1278.86834+0.00000j
2001-08-01 12:00:02.6752 PDT, +1278.24450+0.00000j
2001-08-01 12:00:02.6754 PDT, +1277.62066+0.00000j
2001-08-01 12:00:02.6756 PDT, +1276.99682+0.00000j
2001-08-01 12:00:02.6758 PDT, +1276.37298+0.00000j
2001-08-01 12:00:02.6760 PDT, +1275.74915+0.00000j
2001-08-01 12:00:02.6762 PDT, +1275.12531+0.00000j
2001-08-01 12:00:02.6764 PDT, +1274.50147+0.00000j
2001-08-01 12:00:02.6766 PDT, +1273.87763+0.00000j
2001-08-01 12:00:02.6768 PDT, +1273.25379+0.00000j
2001-08-01 12:00:02.6770 PDT, +1272.62995+0.00000j
2001-08-01 12:00:02.6772 PDT, +1272.00612+0.00000j
2001-08-01 12:00:02.6774 PDT, +1271.38228+0.00000j
2001-08-01 12:00:02.6776 PDT, +1270.75844+0.00000j
2001-08-01 12:00:02.6778 PDT, +1270.13460+0.00000j
2001-08-01 12:00:02.6780 PDT, +1269.51076+0.00000j
2001-08-01 12:00:02.6782 PDT, +1268.88693+0.00000j
2001-08-01 12:00:02.6784 PDT, +1268.26309+0.00000j
2001-08-01 12:00:02.6786 PDT, +1267.63925+0.00000j
2001-08-01 12:00:02.6788 PDT, +1267.01541+0.00000j
2001-08-01 12:00:02.6790 PDT, +1266.39157+0.00000j
2001-08-01 12:00:02.6792 PDT, +1265.76773+0.00000j
2001-08-01 12:00:02.6794 PDT, +1265.14390+0.00000j
2001-08-01 12:00:02.6796 PDT, +1264.52006+0.00000j
2001-08-01 12:00:02.6798 PDT, +1263.89622+0.00000j
2001-08-01 12:00:02.6800 PDT, +1263.27238+0.00000j
2001-08-01 12:00:02.6802 PDT, +1262.64854+0.00000j
2001-08-01 12:00:02.6804 PDT, +1262.02470+0.00000j
2001-08-01 12:00:02.6806 PDT, +1261.40087+0.00000j
2001-08-01 12:00:02.6808 PDT, +1260.77703+0.00000j
2001-08-01 12:00:02.6810 PDT, +1260.15319+0.00000j
2001-08-01 12:00:02.6812 PDT, +1259.52935+0.00000j
2001-08-01 12:00:02.6814 PDT, +1258.90551+0.00000j
2001-08-01 12:00:02.6816 PDT, +1258.28168+0.00000j
2001-08-01 12:00:02.6818 PDT, +1257.65784+0.00000j
2001-08-01 12:00:02.6820 PDT, +1257.03400+0.00000j
2001-08-01 12:00:02.6822 PDT, +1256.41016+0.00000j
2001-08-01 12:00:02.6824 PDT, +1255.78632+0.00000j
2001-08-01 12:00:02.6826 PDT, +1255.16248+0.00000j
2001-08-01 12:00:02.6828 PDT, +1254.53865+0.00000j
2001-08-01 12:00:02.6830 PDT, +1253.91481+0.00000j
2001-08-01 12:00:02.6832 PDT, +1253.29097+0.00000j
2001-08-01 12:00:02.6834 PDT, +1252.66713+0.00000j
2001-08-01 12:00:02.6836 PDT, +1252.04329+0.00000j
2001-08-01 12:00:02.6838 PDT, +1251.41946+0.00000j
2001-08-01 12:00:02.6840 PDT, +1250.79562+0.00000j
2001-08-01 12:00:02.6842 PDT, +1250.17178+0.00000j
2001-08-01 12:00:02.6844 PDT, +1249.54794+0.00000j
2001-08-01 12:00:02.6846 PDT, +1248.92410+0.00000j
2001-08-01 12:00:02.6848 PDT, +1248.30026+0.00000j
2001-08-01 12:00:02.6850 PDT, +1247.67643+0.00000j
2001-08-01 12:00:02.6852 PDT, +1247.05259+0.00000j
2001-08-01 12:00:02.6854 PDT, +1246.42875+0.00000j
2001-08-01 12:00:02.6856 PDT, +1245.80491+0.00000j
2001-08-01 12:00:02.6858 PDT, +1245.18107+0.00000j
2001-08-01 12:00:02.6860 PDT, +1244.55723+0.00000j
2001-08-01 12:00:02.6862 PDT, +1243.93340+0.00000j
2001-08-01 12:00:02.6864 PDT, +1243.30956+0.00000j
2001-08-01 12:00:02.6866 PDT, +1242.68572+0.00000j
2001-08-01 12:00:02.6868 PDT, +1242.06188+0.00000j
2001-08-01 12:00:02.6870 PDT, +1241.43804+0.00000j
2001-08-01 12:00:02.6872 PDT, +1240.81421+0.00000j
2001-08-01 12:00:02.6874 PDT, +1240.19037+0.00000j
2001-08-01 12:00:02.6876 PDT, +1239.56653+0.00000j
2001-08-01 12:00:02.6878 PDT, +1238.94269+0.00000j
2001-08-01 12:00:02.6880 PDT, +1238.31885+0.00000j
2001-08-01 12:00:02.6882 PDT, +1237.69501+0.00000j
2001-08-01 12:00:02.6884 PDT, +1237.07118+0.00000j
2001-08-01 12:00:02.6886 PDT, +1236.44734+0.00000j
2001-08-01 12:00:02.6888 PDT, +1235.82350+0.00000j
2001-08-01 12:00:02.6890 PDT, +1235.19966+0.00000j
2001-08-01 12:00:02.6892 PDT, +1234.57582+0.00000j
2001-08-01 12:00:02.6894 PDT, +1233.95199+0.00000j
2001-08-01 12:00:02.6896 PDT, +1233.32815+0.00000j
2001-08-01 12:00:02.6898 PDT, +1232.70431+0.00000j
2001-08-01 12:00:02.6900 PDT, +1232.08047+0.00000j
2001-08-01 12:00:02.6902 PDT, +1231.45663+0.00000j
2001-08-01 12:00:02.6904 PDT, +1230.83279+0.00000j
2001-08-01 12:00:02.6906 PDT, +1230.20896+0.00000j
2001-08-01 12:00:02.6908 PDT, +1229.58512+0.00000j
2001-08-01 12:00:02.6910 PDT, +1228.96128+0.00000j
2001-08-01 12:00:02.6912 PDT, +1228.33744+0.00000j
2001-08-01 12:00:02.6914 PDT, +1227.71360+0.00000j
2001-08-01 12:00:02.6916 PDT, +1227.08976+0.00000j
2001-08-01 12:00:02.6918 PDT, +1226.46593+0.00000j
2001-08-01 12:00:02.6920 PDT, +1225.84209+0.00000j
2001-08-01 12:00:02.6922 PDT, +1225.21825+0.00000j
2001-08-01 12:00:02.6924 PDT, +1224.59441+0.00000j
2001-08-01 12:00:02.6926 PDT, +1223.97057+0.00000j
2001-08-01 12:00:02.6928 PDT, +1223.34674+0.00000j
2001-08-01 12:00:02.6930 PDT, +1222.72290+0.00000j
2001-08-01 12:00:02.6932 PDT, +1222.09906+0.00000j
2001-08-01 12:00:02.6934 PDT, +1221.47522+0.00000j
2001-08-01 12:00:02.6936 PDT, +1220.85138+0.00000j
2001-08-01 12:00:02.6938 PDT, +1220.22754+0.00000j
2001-08-01 12:00:02.6940 PDT, +1219.60371+0.00000j
2001-08-01 12:00:02.6942 PDT, +1218.97987+0.00000j
2001-08-01 12:00:02.6944 PDT, +1218.35603+0.00000j
2001-08-01 12:00:02.6946 PDT, +1217.73219+0.00000j
2001-08-01 12:00:02.6948 PDT, +1217.10835+0.00000j
2001-08-01 12:00:02.6950 PDT, +1216.48452+0.00000j
2001-08-01 12:00:02.6952 PDT, +1215.86068+0.00000j
2001-08-01 12:00:02.6954 PDT, +1215.23684+0.00000j
2001-08-01 12:00:02.6956 PDT, +1214.61300+0.00000j
2001-08-01 12:00:02.6958 PDT, +1213.98916+0.00000j
2001-08-01 12:00:02.6960 PDT, +1213.36532+0.00000j
2001-08-01 12:00:02.6962 PDT, +1212.74149+0.00000j
2001-08-01 12:00:02.6964 PDT, +1212.11765+0.00000j
2001-08-01 12:00:02.6966 PDT, +1211.49381+0.00000j
2001-08-01 12:00:02.6968 PDT, +1210.86997+0.00000j
2001-08-01 12:00:02.6970 PDT, +1210.24613+0.00000j
2001-08-01 12:00:02.6972 PDT, +1209.62229+0.00000j
2001-08-01 12:00:02.6974 PDT, +1208.99846+0.00000j
2001-08-01 12:00:02.6976 PDT, +1208.37462+0.00000j
2001-08-01 12:00:02.6978 PDT, +1207.75078+0.00000j
2001-08-01 12:00:02.6980 PDT, +1207.12694+0.00000j
2001-08-01 12:00:02.6982 PDT, +1206.50310+0.00000j
2001-08-01 12:00:02.6984 PDT, +1205.87927+0.00000j
2001-08-01 12:00:02.6986 PDT, +1205.25543+0.00000j
2001-08-01 12:00:02.6988 PDT, +1204.63159+0.00000j
2001-08-01 12:00:02.6990 PDT, +1204.00775+0.00000j
2001-08-01 12:00:02.6992 PDT, +1203.38391+0.00000j
2001-08-01 12:00:02.6994 PDT, +1202.76007+0.00000j
2001-08-01 12:00:02.6996 PDT, +1202.13624+0.00000j
2001-08-01 12:00:02.6998 PDT, +1201.51240+0.00000j
2001-08-01 12:00:02.7000 PDT, +1200.88856+0.00000j
