# file...... rtp_noreaction.csv,,,,,,,,,,,,,,,
# date...... Thu May 07 15:23:33 2009,,,,,,,,,,,,,,,
# user...... D3X175,,,,,,,,,,,,,,,
# host...... (null),,,,,,,,,,,,,,,
# group..... class=triplex_meter,,,,,,,,,,,,,,,
# trigger... (none),,,,,,,,,,,,,,,
# interval.. 86400,,,,,,,,,,,,,,,
# limit..... 365,,,,,,,,,,,,,,,
# property.. timestamp,sum(measured_energy),,,,,,,,,,,,,,
4/1/2006 8:00,0,noreaction,balance,econ,total,,,,,,,,,,
4/2/2006 8:00,334745,334745,955722,141618,1432085,,,,,,,,,,
4/3/2006 8:00,688421,353676,1016838,153920,1524434,,,,,,,,,,
4/4/2006 8:00,1.05E+06,357589,1023220,157287,1538096,,,,,,,,,,
4/5/2006 8:00,1.39E+06,342490,1022630,166908,1532028,,,January,50256800,50.2568,64.636,,565.2222552,459.601,-105.6212552
4/6/2006 8:00,1.74E+06,356080,1034870,163658,1554608,,,February,44508200,44.5082,45.335,,,,-0.22981076
4/7/2006 8:00,2.09E+06,347160,1023590,159797,1530547,,,March,48434200,48.4342,38.349,,,,
4/8/2006 8:00,2.44E+06,343450,1008300,157012,1508762,,,April,46096655.17,46.09665517,27.03,,,,
4/9/2006 8:00,2.78E+06,346230,1009740,155330,1511300,,,May,46867640,46.86764,27.162,,,,
4/10/2006 8:00,3.13E+06,352150,1021960,160220,1534330,,,June,44997260,44.99726,24.181,,,,
4/11/2006 8:00,3.49E+06,360060,1029230,161540,1550830,,,July,46200100,46.2001,24.607,,,,
4/12/2006 8:00,3.86E+06,362690,1037100,165680,1565470,,,August,46135100,46.1351,24.836,,,,
4/13/2006 8:00,4.21E+06,356010,1039100,161120,1556230,,,September,45449400,45.4494,24.32,,,,
4/14/2006 8:00,4.57E+06,358030,1031600,163740,1553370,,,October,48348600,48.3486,35.764,,,,
4/15/2006 8:00,4.92E+06,351800,1019800,160850,1532450,,,November,48289000,48.289,55.819,,,,
4/16/2006 8:00,5.28E+06,354940,1024600,159180,1538720,,,December,49639300,49.6393,67.562,,,,
4/17/2006 8:00,5.63E+06,352880,1025300,162420,1540600,,,,,,,,,,
4/18/2006 8:00,5.98E+06,352750,1027700,158740,1539190,,,,,,,,,,
4/19/2006 8:00,6.34E+06,353750,1026200,161220,1541170,,,,,,,,,,
4/20/2006 8:00,6.68E+06,347590,1019200,157740,1524530,,,,,,,,,,
4/21/2006 8:00,7.03E+06,343450,1007500,154640,1505590,,,,,,,,,,
4/22/2006 8:00,7.37E+06,342520,1008000,154860,1505380,,,,,,,,,,
4/23/2006 8:00,7.72E+06,349320,1024200,160290,1533810,,,,,,,,,,
4/24/2006 8:00,8.08E+06,355830,1031500,163460,1550790,,,,,,,,,,
4/25/2006 8:00,8.44E+06,362150,1043000,164220,1569370,,,,,,,,,,
4/26/2006 8:00,8.80E+06,361760,1034100,164270,1560130,,,,,,,,,,
4/27/2006 8:00,9.15E+06,354020,1035300,161730,1551050,,,,,,,,,,
4/28/2006 8:00,9.51E+06,355630,1027800,158720,1542150,,,,,,,,,,
4/29/2006 8:00,9.87E+06,360080,1041600,162540,1564220,,,,,,,,,,
4/30/2006 8:00,1.02E+07,363470,1038100,167290,1568860,,,,,,,,,,
5/1/2006 8:00,1.06E+07,352800,1030900,163280,1546980,,,,,,,,,,
5/2/2006 8:00,1.09E+07,341500,1004500,156290,1502290,,,,,,,,,,
5/3/2006 8:00,1.13E+07,341800,1004200,155000,1501000,,,,,,,,,,
5/4/2006 8:00,1.16E+07,341200,1004100,154420,1499720,,,,,,,,,,
5/5/2006 8:00,1.19E+07,339600,993400,153850,1486850,,,,,,,,,,
5/6/2006 8:00,1.23E+07,339400,1000900,152450,1492750,,,,,,,,,,
5/7/2006 8:00,1.26E+07,336300,998600,152780,1487680,,,,,,,,,,
5/8/2006 8:00,1.30E+07,337200,999800,152720,1489720,,,,,,,,,,
5/9/2006 8:00,1.33E+07,338100,1000200,152180,1490480,,,,,,,,,,
5/10/2006 8:00,1.36E+07,344200,1009600,156680,1510480,,,,,,,,,,
5/11/2006 8:00,1.40E+07,344600,1016700,160090,1521390,,,,,,,,,,
5/12/2006 8:00,1.43E+07,350700,1022800,159980,1533480,,,,,,,,,,
5/13/2006 8:00,1.47E+07,348400,1019500,158370,1526270,,,,,,,,,,
5/14/2006 8:00,1.50E+07,341400,1012900,156280,1510580,,,,,,,,,,
5/15/2006 8:00,1.54E+07,341000,1011400,156010,1508410,,,,,,,,,,
5/16/2006 8:00,1.57E+07,345100,1007500,155140,1507740,,,,,,,,,,
5/17/2006 8:00,1.61E+07,339900,998800,152870,1491570,,,,,,,,,,
5/18/2006 8:00,1.64E+07,350600,1015100,162340,1528040,,,,,,,,,,
5/19/2006 8:00,1.68E+07,349100,1022300,161260,1532660,,,,,,,,,,
5/20/2006 8:00,1.71E+07,343300,1012900,158710,1514910,,,,,,,,,,
5/21/2006 8:00,1.74E+07,342700,1011700,156050,1510450,,,,,,,,,,
5/22/2006 8:00,1.78E+07,344000,1013900,156170,1514070,,,,,,,,,,
5/23/2006 8:00,1.81E+07,342700,1012100,157100,1511900,,,,,,,,,,
5/24/2006 8:00,1.85E+07,346700,1018000,159290,1523990,,,,,,,,,,
5/25/2006 8:00,1.88E+07,344700,1016800,158790,1520290,,,,,,,,,,
5/26/2006 8:00,1.92E+07,341400,1013800,157980,1513180,,,,,,,,,,
5/27/2006 8:00,1.95E+07,346400,1015800,157560,1519760,,,,,,,,,,
5/28/2006 8:00,1.99E+07,344800,1018500,160420,1523720,,,,,,,,,,
5/29/2006 8:00,2.02E+07,347900,1019000,159160,1526060,,,,,,,,,,
5/30/2006 8:00,2.05E+07,343600,1013100,156520,1513220,,,,,,,,,,
5/31/2006 8:00,2.09E+07,339100,1010300,158600,1508000,,,,,,,,,,
6/1/2006 8:00,2.12E+07,339700,1004700,153220,1497620,,,,,,,,,,
6/2/2006 8:00,2.16E+07,340200,1001000,155480,1496680,,,,,,,,,,
6/3/2006 8:00,2.19E+07,341000,1002400,154230,1497630,,,,,,,,,,
6/4/2006 8:00,2.22E+07,340800,1005100,155130,1501030,,,,,,,,,,
6/5/2006 8:00,2.26E+07,345600,1007100,157900,1510600,,,,,,,,,,
6/6/2006 8:00,2.29E+07,345000,1011600,159600,1516200,,,,,,,,,,
6/7/2006 8:00,2.33E+07,340700,1002800,157900,1501400,,,,,,,,,,
6/8/2006 8:00,2.36E+07,340300,1013300,158200,1511800,,,,,,,,,,
6/9/2006 8:00,2.40E+07,340900,1003800,155200,1499900,,,,,,,,,,
6/10/2006 8:00,2.43E+07,342200,1004000,155900,1502100,,,,,,,,,,
6/11/2006 8:00,2.46E+07,340900,1006100,155200,1502200,,,,,,,,,,
6/12/2006 8:00,2.50E+07,345800,1013900,159100,1518800,,,,,,,,,,
6/13/2006 8:00,2.53E+07,336100,1001900,153100,1491100,,,,,,,,,,
6/14/2006 8:00,2.57E+07,334900,996800,153200,1484900,,,,,,,,,,
6/15/2006 8:00,2.60E+07,333100,992400,153900,1479400,,,,,,,,,,
6/16/2006 8:00,2.63E+07,340800,1003900,154700,1499400,,,,,,,,,,
6/17/2006 8:00,2.67E+07,338800,1003600,155600,1498000,,,,,,,,,,
6/18/2006 8:00,2.70E+07,341700,1007300,158400,1507400,,,,,,,,,,
6/19/2006 8:00,2.74E+07,340000,1003000,157100,1500100,,,,,,,,,,
6/20/2006 8:00,2.77E+07,341100,1001400,158700,1501200,,,,,,,,,,
6/21/2006 8:00,2.80E+07,339700,1006600,157300,1503600,,,,,,,,,,
6/22/2006 8:00,2.84E+07,338000,1002700,153500,1494200,,,,,,,,,,
6/23/2006 8:00,2.87E+07,337800,997500,155200,1490500,,,,,,,,,,
6/24/2006 8:00,2.90E+07,341500,1005800,156000,1503300,,,,,,,,,,
6/25/2006 8:00,2.94E+07,344800,1019000,161800,1525600,,,,,,,,,,
6/26/2006 8:00,2.97E+07,340100,1002400,155300,1497800,,,,,,,,,,
6/27/2006 8:00,3.01E+07,335400,998900,155200,1489500,,,,,,,,,,
6/28/2006 8:00,3.04E+07,337700,1003100,155400,1496200,,,,,,,,,,
6/29/2006 8:00,3.07E+07,337800,997100,153800,1488700,,,,,,,,,,
6/30/2006 8:00,3.11E+07,338800,997700,153900,1490400,,,,,,,,,,
7/1/2006 8:00,3.14E+07,339700,1000800,155100,1495600,,,,,,,,,,
7/2/2006 8:00,3.18E+07,343000,1012700,156800,1512500,,,,,,,,,,
7/3/2006 8:00,3.21E+07,339700,1004000,155600,1499300,,,,,,,,,,
7/4/2006 8:00,3.24E+07,339100,1000300,156300,1495700,,,,,,,,,,
7/5/2006 8:00,3.28E+07,334000,993300,154700,1482000,,,,,,,,,,
7/6/2006 8:00,3.31E+07,342100,997200,151600,1490900,,,,,,,,,,
7/7/2006 8:00,3.35E+07,337100,993200,152800,1483100,,,,,,,,,,
7/8/2006 8:00,3.38E+07,334100,989900,151100,1475100,,,,,,,,,,
7/9/2006 8:00,3.41E+07,335500,996800,153000,1485300,,,,,,,,,,
7/10/2006 8:00,3.45E+07,333900,993000,151400,1478300,,,,,,,,,,
7/11/2006 8:00,3.48E+07,330700,983000,150500,1464200,,,,,,,,,,
7/12/2006 8:00,3.51E+07,334800,991000,151100,1476900,,,,,,,,,,
7/13/2006 8:00,3.55E+07,339400,998000,153300,1490700,,,,,,,,,,
7/14/2006 8:00,3.58E+07,338800,1003000,153300,1495100,,,,,,,,,,
7/15/2006 8:00,3.61E+07,341300,1002000,154200,1497500,,,,,,,,,,
7/16/2006 8:00,3.65E+07,340800,1006000,156400,1503200,,,,,,,,,,
7/17/2006 8:00,3.68E+07,347200,1014000,158400,1519600,,,,,,,,,,
7/18/2006 8:00,3.72E+07,341200,1010000,155700,1506900,,,,,,,,,,
7/19/2006 8:00,3.75E+07,339000,998000,151600,1488600,,,,,,,,,,
7/20/2006 8:00,3.79E+07,338200,999000,154400,1491600,,,,,,,,,,
7/21/2006 8:00,3.82E+07,337900,991000,152300,1481200,,,,,,,,,,
7/22/2006 8:00,3.85E+07,333500,992000,150700,1476200,,,,,,,,,,
7/23/2006 8:00,3.89E+07,338300,996000,152600,1486900,,,,,,,,,,
7/24/2006 8:00,3.92E+07,337100,995000,151900,1484000,,,,,,,,,,
7/25/2006 8:00,3.95E+07,338600,998000,152800,1489400,,,,,,,,,,
7/26/2006 8:00,3.99E+07,339000,999000,153900,1491900,,,,,,,,,,
7/27/2006 8:00,4.02E+07,337700,1001000,153600,1492300,,,,,,,,,,
7/28/2006 8:00,4.06E+07,339000,995000,150400,1484400,,,,,,,,,,
7/29/2006 8:00,4.09E+07,336200,994000,150300,1480500,,,,,,,,,,
7/30/2006 8:00,4.12E+07,344200,1008000,158000,1510200,,,,,,,,,,
7/31/2006 8:00,4.16E+07,337800,1000000,153200,1491000,,,,,,,,,,
8/1/2006 8:00,4.19E+07,338600,1003000,154900,1496500,,,,,,,,,,
8/2/2006 8:00,4.23E+07,342500,1012000,155400,1509900,,,,,,,,,,
8/3/2006 8:00,4.26E+07,341900,1008000,153800,1503700,,,,,,,,,,
8/4/2006 8:00,4.29E+07,344200,1004000,155500,1503700,,,,,,,,,,
8/5/2006 8:00,4.33E+07,339400,1002000,155400,1496800,,,,,,,,,,
8/6/2006 8:00,4.36E+07,343400,996000,151200,1490600,,,,,,,,,,
8/7/2006 8:00,4.40E+07,340600,994000,151400,1486000,,,,,,,,,,
8/8/2006 8:00,4.43E+07,342200,998000,152600,1492800,,,,,,,,,,
8/9/2006 8:00,4.46E+07,340400,995000,151900,1487300,,,,,,,,,,
8/10/2006 8:00,4.50E+07,345600,1005000,154600,1505200,,,,,,,,,,
8/11/2006 8:00,4.53E+07,341800,996000,152200,1490000,,,,,,,,,,
8/12/2006 8:00,4.57E+07,336100,993000,147800,1476900,,,,,,,,,,
8/13/2006 8:00,4.60E+07,336100,990000,151800,1477900,,,,,,,,,,
8/14/2006 8:00,4.63E+07,338100,993000,150500,1481600,,,,,,,,,,
8/15/2006 8:00,4.67E+07,335700,993000,148200,1476900,,,,,,,,,,
8/16/2006 8:00,4.70E+07,344400,999000,152400,1495800,,,,,,,,,,
8/17/2006 8:00,4.74E+07,343000,1002000,154000,1499000,,,,,,,,,,
8/18/2006 8:00,4.77E+07,339600,990000,149700,1479300,,,,,,,,,,
8/19/2006 8:00,4.80E+07,338400,994000,149400,1481800,,,,,,,,,,
8/20/2006 8:00,4.84E+07,335800,991000,148500,1475300,,,,,,,,,,
8/21/2006 8:00,4.87E+07,337700,989000,150400,1477100,,,,,,,,,,
8/22/2006 8:00,4.91E+07,341100,998000,152200,1491300,,,,,,,,,,
8/23/2006 8:00,4.94E+07,335000,986000,148800,1469800,,,,,,,,,,
8/24/2006 8:00,4.97E+07,332900,990000,147300,1470200,,,,,,,,,,
8/25/2006 8:00,5.01E+07,337300,990000,147700,1475000,,,,,,,,,,
8/26/2006 8:00,5.04E+07,340800,993000,152400,1486200,,,,,,,,,,
8/27/2006 8:00,5.07E+07,342900,1000000,151200,1494100,,,,,,,,,,
8/28/2006 8:00,5.11E+07,345300,1001000,152300,1498600,,,,,,,,,,
8/29/2006 8:00,5.14E+07,344400,1003000,151500,1498900,,,,,,,,,,
8/30/2006 8:00,5.18E+07,340800,1000000,152600,1493400,,,,,,,,,,
8/31/2006 8:00,5.21E+07,337200,987000,149300,1473500,,,,,,,,,,
9/1/2006 8:00,5.25E+07,336500,989000,147900,1473400,,,,,,,,,,
9/2/2006 8:00,5.28E+07,342100,998000,152300,1492400,,,,,,,,,,
9/3/2006 8:00,5.31E+07,342900,998000,153500,1494400,,,,,,,,,,
9/4/2006 8:00,5.35E+07,345500,1009000,153200,1507700,,,,,,,,,,
9/5/2006 8:00,5.38E+07,346000,1024000,164100,1534100,,,,,,,,,,
9/6/2006 8:00,5.42E+07,346500,1028000,165100,1539600,,,,,,,,,,
9/7/2006 8:00,5.45E+07,341000,1010000,162500,1513500,,,,,,,,,,
9/8/2006 8:00,5.49E+07,341500,1014000,160600,1516100,,,,,,,,,,
9/9/2006 8:00,5.52E+07,347100,1028000,162600,1537700,,,,,,,,,,
9/10/2006 8:00,5.55E+07,343000,1020000,161600,1524600,,,,,,,,,,
9/11/2006 8:00,5.59E+07,342800,1019000,161400,1523200,,,,,,,,,,
9/12/2006 8:00,5.62E+07,348700,1022000,162300,1533000,,,,,,,,,,
9/13/2006 8:00,5.66E+07,344700,1018000,163300,1526000,,,,,,,,,,
9/14/2006 8:00,5.69E+07,339100,1014000,159000,1512100,,,,,,,,,,
9/15/2006 8:00,5.73E+07,340300,1011000,159000,1510300,,,,,,,,,,
9/16/2006 8:00,5.76E+07,345100,1026000,162000,1533100,,,,,,,,,,
9/17/2006 8:00,5.80E+07,345300,1024000,159900,1529200,,,,,,,,,,
9/18/2006 8:00,5.83E+07,341900,1018000,162900,1522800,,,,,,,,,,
9/19/2006 8:00,5.86E+07,336700,1008000,158800,1503500,,,,,,,,,,
9/20/2006 8:00,5.90E+07,334800,997000,153900,1485700,,,,,,,,,,
9/21/2006 8:00,5.93E+07,336000,1004000,158100,1498100,,,,,,,,,,
9/22/2006 8:00,5.96E+07,337500,1008000,157000,1502500,,,,,,,,,,
9/23/2006 8:00,6.00E+07,342300,1016000,159200,1517500,,,,,,,,,,
9/24/2006 8:00,6.03E+07,345400,1019000,157800,1522200,,,,,,,,,,
9/25/2006 8:00,6.07E+07,343200,1015000,161300,1519500,,,,,,,,,,
9/26/2006 8:00,6.10E+07,341100,1011000,160700,1512800,,,,,,,,,,
9/27/2006 8:00,6.14E+07,341400,1006000,158700,1506100,,,,,,,,,,
9/28/2006 8:00,6.17E+07,344000,1011000,162100,1517100,,,,,,,,,,
9/29/2006 8:00,6.20E+07,348600,1014000,160800,1523400,,,,,,,,,,
9/30/2006 8:00,6.24E+07,342000,1016000,159800,1517800,,,,,,,,,,
10/1/2006 8:00,6.27E+07,346700,1019000,162600,1528300,,,,,,,,,,
10/2/2006 8:00,6.31E+07,349400,1025000,164000,1538400,,,,,,,,,,
10/3/2006 8:00,6.34E+07,352900,1041000,167100,1561000,,,,,,,,,,
10/4/2006 8:00,6.38E+07,356000,1038000,167700,1561700,,,,,,,,,,
10/5/2006 8:00,6.41E+07,346400,1020000,163000,1529400,,,,,,,,,,
10/6/2006 8:00,6.45E+07,352400,1027000,164000,1543400,,,,,,,,,,
10/7/2006 8:00,6.48E+07,348900,1024000,161100,1534000,,,,,,,,,,
10/8/2006 8:00,6.52E+07,351000,1022000,162800,1535800,,,,,,,,,,
10/9/2006 8:00,6.55E+07,351400,1027000,164900,1543300,,,,,,,,,,
10/10/2006 8:00,6.59E+07,349400,1027000,162900,1539300,,,,,,,,,,
10/11/2006 8:00,6.62E+07,347200,1017000,160900,1525100,,,,,,,,,,
10/12/2006 8:00,6.66E+07,352500,1027000,164500,1544000,,,,,,,,,,
10/13/2006 8:00,6.69E+07,355500,1028000,163600,1547100,,,,,,,,,,
10/14/2006 8:00,6.73E+07,354200,1035000,166300,1555500,,,,,,,,,,
10/15/2006 8:00,6.77E+07,364600,1047000,169800,1581400,,,,,,,,,,
10/16/2006 8:00,6.80E+07,362400,1046000,171300,1579700,,,,,,,,,,
10/17/2006 8:00,6.84E+07,366000,1054000,172900,1592900,,,,,,,,,,
10/18/2006 8:00,6.88E+07,357200,1036000,167600,1560800,,,,,,,,,,
10/19/2006 8:00,6.91E+07,357300,1028000,164400,1549700,,,,,,,,,,
10/20/2006 8:00,6.95E+07,354500,1031000,163600,1549100,,,,,,,,,,
10/21/2006 8:00,6.98E+07,355100,1037000,166000,1558100,,,,,,,,,,
10/22/2006 8:00,7.02E+07,356600,1037000,162500,1556100,,,,,,,,,,
10/23/2006 8:00,7.05E+07,358500,1037000,164500,1560000,,,,,,,,,,
10/24/2006 8:00,7.09E+07,359700,1040000,164100,1563800,,,,,,,,,,
10/25/2006 8:00,7.13E+07,360500,1036000,164700,1561200,,,,,,,,,,
10/26/2006 8:00,7.16E+07,361800,1040000,164500,1566300,,,,,,,,,,
10/27/2006 8:00,7.20E+07,362900,1045000,172100,1580000,,,,,,,,,,
10/28/2006 8:00,7.23E+07,362400,1057000,172500,1591900,,,,,,,,,,
10/29/2006 8:00,7.27E+07,368400,1059000,175200,1602600,,,,,,,,,,
10/30/2006 8:00,7.31E+07,370100,1067000,177100,1614200,,,,,,,,,,
10/31/2006 8:00,7.34E+07,365900,1054000,174600,1594500,,,,,,,,,,
11/1/2006 8:00,7.38E+07,360000,1051000,168600,1579600,,,,,,,,,,
11/2/2006 8:00,7.42E+07,364800,1052000,171900,1588700,,,,,,,,,,
11/3/2006 8:00,7.45E+07,359400,1040000,168300,1567700,,,,,,,,,,
11/4/2006 8:00,7.49E+07,358500,1039000,164200,1561700,,,,,,,,,,
11/5/2006 8:00,7.52E+07,350900,1032000,169000,1551900,,,,,,,,,,
11/6/2006 8:00,7.56E+07,369200,1055000,177400,1601600,,,,,,,,,,
11/7/2006 8:00,7.60E+07,361100,1050000,173100,1584200,,,,,,,,,,
11/8/2006 8:00,7.63E+07,362800,1048000,171000,1581800,,,,,,,,,,
11/9/2006 8:00,7.67E+07,369400,1070000,177600,1617000,,,,,,,,,,
11/10/2006 8:00,7.71E+07,360700,1048000,170900,1579600,,,,,,,,,,
11/11/2006 8:00,7.74E+07,364600,1056000,175400,1596000,,,,,,,,,,
11/12/2006 8:00,7.78E+07,371800,1075000,181100,1627900,,,,,,,,,,
11/13/2006 8:00,7.82E+07,385200,1086000,184700,1655900,,,,,,,,,,
11/14/2006 8:00,7.86E+07,369800,1069000,179500,1618300,,,,,,,,,,
11/15/2006 8:00,7.89E+07,373700,1077000,183800,1634500,,,,,,,,,,
11/16/2006 8:00,7.93E+07,380700,1082000,184500,1647200,,,,,,,,,,
11/17/2006 8:00,7.97E+07,374500,1079000,183400,1636900,,,,,,,,,,
11/18/2006 8:00,8.01E+07,382100,1088000,182600,1652700,,,,,,,,,,
11/19/2006 8:00,8.04E+07,369300,1061000,177300,1607600,,,,,,,,,,
11/20/2006 8:00,8.08E+07,367800,1067000,177600,1612400,,,,,,,,,,
11/21/2006 8:00,8.12E+07,375500,1081000,185300,1641800,,,,,,,,,,
11/22/2006 8:00,8.16E+07,374300,1073000,180300,1627600,,,,,,,,,,
11/23/2006 8:00,8.19E+07,368300,1070000,177900,1616200,,,,,,,,,,
11/24/2006 8:00,8.23E+07,365400,1058000,175900,1599300,,,,,,,,,,
11/25/2006 8:00,8.27E+07,369300,1070000,178100,1617400,,,,,,,,,,
11/26/2006 8:00,8.30E+07,365500,1056000,173400,1594900,,,,,,,,,,
11/27/2006 8:00,8.34E+07,368100,1060000,173900,1602000,,,,,,,,,,
11/28/2006 8:00,8.38E+07,380000,1079000,184100,1643100,,,,,,,,,,
11/29/2006 8:00,8.41E+07,373500,1075000,180700,1629200,,,,,,,,,,
11/30/2006 8:00,8.45E+07,369100,1069000,176200,1614300,,,,,,,,,,
12/1/2006 8:00,8.49E+07,373400,1061000,175500,1609900,,,,,,,,,,
12/2/2006 8:00,8.52E+07,357000,1035000,165900,1557900,,,,,,,,,,
12/3/2006 8:00,8.56E+07,350300,1026000,163300,1539600,,,,,,,,,,
12/4/2006 8:00,8.59E+07,352700,1030000,164700,1547400,,,,,,,,,,
12/5/2006 8:00,8.63E+07,358800,1043000,167100,1568900,,,,,,,,,,
12/6/2006 8:00,8.67E+07,389600,1098000,185100,1672700,,,,,,,,,,
12/7/2006 8:00,8.71E+07,377300,1078000,180600,1635900,,,,,,,,,,
12/8/2006 8:00,8.74E+07,368100,1061000,171300,1600400,,,,,,,,,,
12/9/2006 8:00,8.78E+07,353400,1025000,162100,1540500,,,,,,,,,,
12/10/2006 8:00,8.82E+07,359500,1041000,163100,1563600,,,,,,,,,,
12/11/2006 8:00,8.85E+07,375600,1063000,173400,1612000,,,,,,,,,,
12/12/2006 8:00,8.89E+07,377000,1072000,181100,1630100,,,,,,,,,,
12/13/2006 8:00,8.93E+07,382300,1085000,178700,1646000,,,,,,,,,,
12/14/2006 8:00,8.97E+07,384300,1081000,182200,1647500,,,,,,,,,,
12/15/2006 8:00,9.01E+07,378900,1083000,178700,1640600,,,,,,,,,,
12/16/2006 8:00,9.04E+07,369900,1061000,176200,1607100,,,,,,,,,,
12/17/2006 8:00,9.08E+07,373400,1075000,176800,1625200,,,,,,,,,,
12/18/2006 8:00,9.12E+07,378700,1082000,180800,1641500,,,,,,,,,,
12/19/2006 8:00,9.16E+07,381700,1091000,178600,1651300,,,,,,,,,,
12/20/2006 8:00,9.19E+07,376800,1078000,177500,1632300,,,,,,,,,,
12/21/2006 8:00,9.23E+07,376300,1082000,181000,1639300,,,,,,,,,,
12/22/2006 8:00,9.27E+07,375400,1083000,180500,1638900,,,,,,,,,,
12/23/2006 8:00,9.31E+07,369300,1070000,170300,1609600,,,,,,,,,,
12/24/2006 8:00,9.34E+07,363600,1049000,165900,1578500,,,,,,,,,,
12/25/2006 8:00,9.38E+07,357200,1037000,164500,1558700,,,,,,,,,,
12/26/2006 8:00,9.41E+07,361700,1048000,168000,1577700,,,,,,,,,,
12/27/2006 8:00,9.45E+07,353800,1032000,161800,1547600,,,,,,,,,,
12/28/2006 8:00,9.49E+07,367700,1053000,169100,1589800,,,,,,,,,,
12/29/2006 8:00,9.52E+07,362600,1042000,168000,1572600,,,,,,,,,,
12/30/2006 8:00,9.56E+07,354600,1036000,162000,1552600,,,,,,,,,,
12/31/2006 8:00,9.59E+07,366800,1063000,173800,1603600,,,,,,,,,,
1/1/2007 8:00,9.63E+07,375800,1079000,181200,1636000,,,,,,,,,,
1/2/2007 8:00,9.67E+07,378500,1071000,179000,1628500,,,,,,,,,,
1/3/2007 8:00,9.71E+07,385700,1083000,179300,1648000,,,,,,,,,,
1/4/2007 8:00,9.75E+07,384000,1087000,185300,1656300,,,,,,,,,,
1/5/2007 8:00,9.78E+07,375300,1064000,171900,1611200,,,,,,,,,,
1/6/2007 8:00,9.82E+07,401800,1102000,182800,1686600,,,,,,,,,,
1/7/2007 8:00,9.86E+07,391900,1102000,184900,1678800,,,,,,,,,,
1/8/2007 8:00,9.90E+07,392300,1096000,184900,1673200,,,,,,,,,,
1/9/2007 8:00,9.94E+07,383100,1082000,178700,1643800,,,,,,,,,,
1/10/2007 8:00,9.98E+07,379600,1072000,172600,1624200,,,,,,,,,,
1/11/2007 8:00,1.00E+08,388400,1082000,178800,1649200,,,,,,,,,,
1/12/2007 8:00,1.01E+08,384000,1076000,175700,1635700,,,,,,,,,,
1/13/2007 8:00,1.01E+08,382000,1087000,177000,1646000,,,,,,,,,,
1/14/2007 8:00,1.01E+08,367000,1051000,169500,1587500,,,,,,,,,,
1/15/2007 8:00,1.02E+08,367000,1056000,169000,1592000,,,,,,,,,,
1/16/2007 8:00,1.02E+08,383000,1081000,180500,1644500,,,,,,,,,,
1/17/2007 8:00,1.02E+08,389000,1087000,180800,1656800,,,,,,,,,,
1/18/2007 8:00,1.03E+08,382000,1069000,176400,1627400,,,,,,,,,,
1/19/2007 8:00,1.03E+08,361000,1040000,165400,1566400,,,,,,,,,,
1/20/2007 8:00,1.04E+08,362000,1039000,162900,1563900,,,,,,,,,,
1/21/2007 8:00,1.04E+08,365000,1044000,164000,1573000,,,,,,,,,,
1/22/2007 8:00,1.04E+08,363000,1037000,163500,1563500,,,,,,,,,,
1/23/2007 8:00,1.05E+08,369000,1049000,164900,1582900,,,,,,,,,,
1/24/2007 8:00,1.05E+08,362000,1043000,163900,1568900,,,,,,,,,,
1/25/2007 8:00,1.05E+08,367000,1060000,168400,1595400,,,,,,,,,,
1/26/2007 8:00,1.06E+08,374000,1066000,171300,1611300,,,,,,,,,,
1/27/2007 8:00,1.06E+08,377000,1073000,174400,1624400,,,,,,,,,,
1/28/2007 8:00,1.07E+08,372000,1063000,173000,1608000,,,,,,,,,,
1/29/2007 8:00,1.07E+08,381000,1063000,174700,1618700,,,,,,,,,,
1/30/2007 8:00,1.07E+08,380000,1083000,179700,1642700,,,,,,,,,,
1/31/2007 8:00,1.08E+08,375000,1065000,172000,1612000,,,,,,,,,,
2/1/2007 8:00,1.08E+08,367000,1053000,167200,1587200,,,,,,,,,,
2/2/2007 8:00,1.08E+08,369000,1054000,166600,1589600,,,,,,,,,,
2/3/2007 8:00,1.09E+08,363000,1043000,163600,1569600,,,,,,,,,,
2/4/2007 8:00,1.09E+08,361000,1041000,162100,1564100,,,,,,,,,,
2/5/2007 8:00,1.09E+08,362000,1038000,163400,1563400,,,,,,,,,,
2/6/2007 8:00,1.10E+08,371000,1064000,168200,1603200,,,,,,,,,,
2/7/2007 8:00,1.10E+08,374000,1060000,170000,1604000,,,,,,,,,,
2/8/2007 8:00,1.11E+08,377000,1059000,170800,1606800,,,,,,,,,,
2/9/2007 8:00,1.11E+08,375000,1051000,167300,1593300,,,,,,,,,,
2/10/2007 8:00,1.11E+08,365000,1045000,165000,1575000,,,,,,,,,,
2/11/2007 8:00,1.12E+08,363000,1048000,163200,1574200,,,,,,,,,,
2/12/2007 8:00,1.12E+08,366000,1050000,166700,1582700,,,,,,,,,,
2/13/2007 8:00,1.12E+08,367000,1052000,166900,1585900,,,,,,,,,,
2/14/2007 8:00,1.13E+08,372000,1065000,172300,1609300,,,,,,,,,,
2/15/2007 8:00,1.13E+08,377000,1065000,173200,1615200,,,,,,,,,,
2/16/2007 8:00,1.14E+08,373000,1059000,167300,1599300,,,,,,,,,,
2/17/2007 8:00,1.14E+08,368000,1054000,167600,1589600,,,,,,,,,,
2/18/2007 8:00,1.14E+08,363000,1045000,164300,1572300,,,,,,,,,,
2/19/2007 8:00,1.15E+08,370000,1051000,168700,1589700,,,,,,,,,,
2/20/2007 8:00,1.15E+08,368000,1057000,172900,1597900,,,,,,,,,,
2/21/2007 8:00,1.15E+08,373000,1059000,170300,1602300,,,,,,,,,,
2/22/2007 8:00,1.16E+08,376000,1053000,166900,1595900,,,,,,,,,,
2/23/2007 8:00,1.16E+08,369000,1059000,168800,1596800,,,,,,,,,,
2/24/2007 8:00,1.16E+08,372000,1064000,169200,1605200,,,,,,,,,,
2/25/2007 8:00,1.17E+08,370000,1060000,169200,1599200,,,,,,,,,,
2/26/2007 8:00,1.17E+08,367000,1047000,167700,1581700,,,,,,,,,,
2/27/2007 8:00,1.18E+08,373000,1051000,167500,1591500,,,,,,,,,,
2/28/2007 8:00,1.18E+08,360000,1041000,162300,1563300,,,,,,,,,,
3/1/2007 8:00,1.18E+08,361000,1042000,164300,1567300,,,,,,,,,,
3/2/2007 8:00,1.19E+08,372000,1069000,169800,1610800,,,,,,,,,,
3/3/2007 8:00,1.19E+08,373000,1060000,165100,1598100,,,,,,,,,,
3/4/2007 8:00,1.19E+08,371000,1060000,169600,1600600,,,,,,,,,,
3/5/2007 8:00,1.20E+08,370000,1057000,171600,1598600,,,,,,,,,,
3/6/2007 8:00,1.20E+08,361000,1036000,165900,1562900,,,,,,,,,,
3/7/2007 8:00,1.21E+08,364000,1043000,166500,1573500,,,,,,,,,,
3/8/2007 8:00,1.21E+08,368000,1040000,165100,1573100,,,,,,,,,,
3/9/2007 8:00,1.21E+08,357000,1032000,160600,1549600,,,,,,,,,,
3/10/2007 8:00,1.22E+08,360000,1032000,162600,1554600,,,,,,,,,,
3/11/2007 8:00,1.22E+08,364000,1038000,163200,1565200,,,,,,,,,,
3/12/2007 8:00,1.22E+08,367000,1040000,164400,1571400,,,,,,,,,,
3/13/2007 8:00,1.23E+08,356000,1029000,161400,1546400,,,,,,,,,,
3/14/2007 8:00,1.23E+08,352000,1021000,158700,1531700,,,,,,,,,,
3/15/2007 8:00,1.23E+08,355000,1028000,161700,1544700,,,,,,,,,,
3/16/2007 8:00,1.24E+08,358000,1036000,162700,1556700,,,,,,,,,,
3/17/2007 8:00,1.24E+08,369000,1049000,166800,1584800,,,,,,,,,,
3/18/2007 8:00,1.25E+08,366000,1043000,163800,1572800,,,,,,,,,,
3/19/2007 8:00,1.25E+08,357000,1035000,163100,1555100,,,,,,,,,,
3/20/2007 8:00,1.25E+08,365000,1055000,168100,1588100,,,,,,,,,,
3/21/2007 8:00,1.26E+08,371000,1060000,167700,1598700,,,,,,,,,,
3/22/2007 8:00,1.26E+08,367000,1055000,168400,1590400,,,,,,,,,,
3/23/2007 8:00,1.26E+08,364000,1048000,166300,1578300,,,,,,,,,,
3/24/2007 8:00,1.27E+08,364000,1034000,160200,1558200,,,,,,,,,,
3/25/2007 8:00,1.27E+08,358000,1029000,159200,1546200,,,,,,,,,,
3/26/2007 8:00,1.27E+08,354000,1026000,157700,1537700,,,,,,,,,,
3/27/2007 8:00,1.28E+08,350000,1021000,157000,1528000,,,,,,,,,,
3/28/2007 8:00,1.28E+08,355000,1024000,158900,1537900,,,,,,,,,,
3/29/2007 8:00,1.28E+08,355000,1028000,159000,1542000,,,,,,,,,,
3/30/2007 8:00,1.29E+08,345000,1009000,152200,1506200,,,,,,,,,,
3/31/2007 8:00,1.29E+08,345000,1007000,152600,1504600,,,,,,,,,,
