rec_id,cust_id,invensys_acct_id,device_type_code,invensys_device_type_id,invensys_device_id,instance_id,rec_create_date,rec_last_update_date
1,1,444,DRYER,7,817,2,11/8/2005 11:10,11/8/2005 11:10
2,1,444,WH,3,814,1,11/8/2005 11:10,11/8/2005 11:10
3,1,444,TSTAT,1,591,0,11/8/2005 11:10,11/8/2005 11:10
4,1,444,METER,2,820,3,11/8/2005 11:10,11/8/2005 11:10
5,2,1029,TSTAT,1,962,0,11/8/2005 11:12,11/8/2005 11:12
6,2,1029,TSTAT,1,1011,1,11/8/2005 11:12,11/8/2005 11:12
7,2,1029,TSTAT,1,1014,2,11/8/2005 11:12,11/8/2005 11:12
8,2,1029,TSTAT,1,1015,3,11/8/2005 11:12,11/8/2005 11:12
9,2,1029,TSTAT,1,1020,4,11/8/2005 11:12,11/8/2005 11:12
10,2,1029,WH,3,1215,1,11/8/2005 11:12,11/8/2005 11:12
11,3,1061,TSTAT,1,1027,0,11/8/2005 11:13,11/8/2005 11:13
12,3,1061,TSTAT,1,1028,1,11/8/2005 11:13,11/8/2005 11:13
13,3,1061,METER,2,1286,0,11/8/2005 11:13,11/8/2005 11:13
14,3,1061,WH,3,1287,1,11/8/2005 11:13,11/8/2005 11:13
15,3,1061,DRYER,5,1306,2,11/8/2005 11:13,3/21/2006 13:12
16,4,1062,TSTAT,1,1029,0,11/8/2005 11:15,11/8/2005 11:15
17,4,1062,TSTAT,1,1030,1,11/8/2005 11:15,11/8/2005 11:15
18,4,1062,WH,3,1289,1,11/8/2005 11:15,11/8/2005 11:15
19,5,1063,TSTAT,1,1031,0,11/8/2005 11:15,11/8/2005 11:15
20,6,1064,TSTAT,1,1032,0,11/8/2005 11:15,11/8/2005 11:15
21,6,1064,TSTAT,1,1033,1,11/8/2005 11:15,11/8/2005 11:15
22,6,1064,DRYER,5,1292,1,11/8/2005 11:15,3/21/2006 13:12
23,6,1064,WH,3,1293,2,11/8/2005 11:15,11/8/2005 11:15
24,7,1065,TSTAT,1,1034,0,11/8/2005 11:15,11/8/2005 11:15
25,7,1065,DRYER,5,1295,1,11/8/2005 11:15,3/21/2006 13:12
26,7,1065,WH,3,1296,2,11/8/2005 11:15,11/8/2005 11:15
27,8,1066,TSTAT,1,1035,0,11/8/2005 11:15,11/8/2005 11:15
28,8,1066,TSTAT,1,1036,1,11/8/2005 11:15,11/8/2005 11:15
29,8,1066,WH,3,1298,1,11/8/2005 11:15,11/8/2005 11:15
30,8,1066,WH,3,1299,2,11/8/2005 11:15,11/8/2005 11:15
31,9,1067,TSTAT,1,1037,0,11/8/2005 11:15,11/8/2005 11:15
32,9,1067,WH,3,1301,1,11/8/2005 11:15,11/8/2005 11:15
33,10,1068,TSTAT,1,1038,0,11/8/2005 11:15,11/8/2005 11:15
34,10,1068,TSTAT,1,1039,1,11/8/2005 11:15,11/8/2005 11:15
35,10,1068,WH,3,1303,1,11/8/2005 11:15,11/8/2005 11:15
36,11,1069,TSTAT,1,1040,0,11/8/2005 11:15,11/8/2005 11:15
37,11,1069,WH,3,1305,1,11/8/2005 11:15,11/8/2005 11:15
38,2,1029,METER,2,1214,0,11/8/2005 11:15,11/8/2005 11:15
39,4,1062,METER,2,1288,0,11/8/2005 11:15,11/8/2005 11:15
40,5,1063,METER,2,1290,0,11/8/2005 11:15,11/8/2005 11:15
41,6,1064,METER,2,1291,0,11/8/2005 11:15,11/8/2005 11:15
42,7,1065,METER,2,1294,0,11/8/2005 11:15,11/8/2005 11:15
43,8,1066,METER,2,1297,0,11/8/2005 11:15,11/8/2005 11:15
44,9,1067,METER,2,1300,0,11/8/2005 11:15,11/8/2005 11:15
45,10,1068,METER,2,1302,0,11/8/2005 11:15,11/8/2005 11:15
46,11,1069,METER,2,1304,0,11/8/2005 11:15,11/8/2005 11:15
47,4,1062,DRYER,5,1307,2,11/11/2005 13:32,3/21/2006 13:12
48,12,90012,METER,2,1312,3,1/13/2006 9:53,1/27/2006 17:38
49,13,90013,METER,2,1313,3,1/13/2006 9:53,1/27/2006 17:38
50,14,90014,METER,2,1314,3,1/13/2006 9:53,1/27/2006 17:38
51,15,90015,METER,2,1315,3,1/13/2006 9:53,1/27/2006 17:38
52,16,90016,METER,2,1316,3,1/13/2006 9:53,1/27/2006 17:38
53,17,90017,METER,2,1317,3,1/13/2006 9:53,1/27/2006 17:38
54,18,90018,METER,2,1318,3,1/13/2006 9:53,1/27/2006 17:38
55,19,90019,METER,2,1319,3,1/13/2006 9:53,1/27/2006 17:38
56,20,90020,METER,2,1320,3,1/13/2006 9:53,1/27/2006 17:38
57,21,90021,METER,2,1321,3,1/13/2006 9:53,1/27/2006 17:38
58,22,90022,METER,2,1322,3,1/13/2006 9:53,1/27/2006 17:38
59,23,90023,METER,2,1323,3,1/13/2006 9:53,1/27/2006 17:38
60,24,90024,METER,2,1324,3,1/13/2006 9:53,1/27/2006 17:38
61,25,90025,METER,2,1325,3,1/13/2006 9:53,1/27/2006 17:38
62,26,90026,METER,2,1326,3,1/13/2006 9:53,1/27/2006 17:38
63,27,90027,METER,2,1327,3,1/13/2006 9:53,1/27/2006 17:38
64,28,90028,METER,2,1328,3,1/13/2006 9:53,1/27/2006 17:38
65,29,90029,METER,2,1329,3,1/13/2006 9:53,1/27/2006 17:38
66,30,90030,METER,2,1330,3,1/13/2006 9:53,1/27/2006 17:38
67,31,90031,METER,2,1331,3,1/13/2006 9:53,1/27/2006 17:38
68,32,90032,METER,2,1332,3,1/13/2006 9:53,1/27/2006 17:38
69,33,90033,METER,2,1333,3,1/13/2006 9:53,1/27/2006 17:38
70,34,90034,METER,2,1334,3,1/13/2006 9:53,1/27/2006 17:38
71,35,90035,METER,2,1335,3,1/13/2006 9:53,1/27/2006 17:38
72,36,90036,METER,2,1336,3,1/13/2006 9:53,1/27/2006 17:38
73,37,90037,METER,2,1337,3,1/13/2006 9:53,1/27/2006 17:38
74,38,90038,METER,2,1338,3,1/13/2006 9:53,1/27/2006 17:38
75,39,90039,METER,2,1339,3,1/13/2006 9:53,1/27/2006 17:38
76,40,90040,METER,2,1340,3,1/13/2006 9:53,1/27/2006 17:38
77,41,90041,METER,2,1341,3,1/13/2006 9:53,1/27/2006 17:38
78,42,90042,METER,2,1342,3,1/13/2006 9:53,1/27/2006 17:38
79,43,90043,METER,2,1343,3,1/13/2006 9:53,1/27/2006 17:38
80,44,90044,METER,2,1344,3,1/13/2006 9:53,1/27/2006 17:38
81,45,90045,METER,2,1345,3,1/13/2006 9:53,1/27/2006 17:38
82,46,90046,METER,2,1346,3,1/13/2006 9:53,1/27/2006 17:38
83,47,90047,METER,2,1347,3,1/13/2006 9:53,1/27/2006 17:38
84,48,90048,METER,2,1348,3,1/13/2006 9:53,1/27/2006 17:38
85,49,90049,METER,2,1349,3,1/13/2006 9:53,1/27/2006 17:38
86,50,90050,METER,2,1350,3,1/13/2006 9:53,1/27/2006 17:38
87,51,90051,METER,2,1351,3,1/13/2006 9:53,1/27/2006 17:38
88,52,90052,METER,2,1352,3,1/13/2006 9:53,1/27/2006 17:38
89,53,90053,METER,2,1353,3,1/13/2006 9:53,1/27/2006 17:38
90,54,90054,METER,2,1354,3,1/13/2006 9:53,1/27/2006 17:38
91,55,90055,METER,2,1355,3,1/13/2006 9:53,1/27/2006 17:38
92,56,90056,METER,2,1356,3,1/13/2006 9:53,1/27/2006 17:38
93,57,90057,METER,2,1357,3,1/13/2006 9:53,1/27/2006 17:38
94,58,90058,METER,2,1358,3,1/13/2006 9:53,1/27/2006 17:38
95,59,90059,METER,2,1359,3,1/13/2006 9:53,1/27/2006 17:38
96,60,90060,METER,2,1360,3,1/13/2006 9:53,1/27/2006 17:38
97,61,90061,METER,2,1361,3,1/13/2006 9:53,1/27/2006 17:38
98,62,90062,METER,2,1362,3,1/13/2006 9:53,1/27/2006 17:38
99,63,90063,METER,2,1363,3,1/13/2006 9:53,1/27/2006 17:38
100,64,90064,METER,2,1364,3,1/13/2006 9:53,1/27/2006 17:38
101,65,90065,METER,2,1365,3,1/13/2006 9:53,1/27/2006 17:38
102,66,90066,METER,2,1366,3,1/13/2006 9:53,1/27/2006 17:38
103,67,90067,METER,2,1367,3,1/13/2006 9:53,1/27/2006 17:38
104,68,90068,METER,2,1368,3,1/13/2006 9:53,1/27/2006 17:38
105,69,90069,METER,2,1369,3,1/13/2006 9:53,1/27/2006 17:38
106,70,90070,METER,2,1370,3,1/13/2006 9:53,1/27/2006 17:38
107,71,90071,METER,2,1371,3,1/13/2006 9:53,1/27/2006 17:38
108,72,90072,METER,2,1372,3,1/13/2006 9:53,1/27/2006 17:38
109,73,90073,METER,2,1373,3,1/13/2006 9:53,1/27/2006 17:38
110,74,90074,METER,2,1374,3,1/13/2006 9:53,1/27/2006 17:38
111,75,90075,METER,2,1375,3,1/13/2006 9:53,1/27/2006 17:38
112,76,90076,METER,2,1376,3,1/13/2006 9:53,1/27/2006 17:38
113,77,90077,METER,2,1377,3,1/13/2006 9:53,1/27/2006 17:38
114,78,90078,METER,2,1378,3,1/13/2006 9:53,1/27/2006 17:38
115,79,90079,METER,2,1379,3,1/13/2006 9:53,1/27/2006 17:38
116,80,90080,METER,2,1380,3,1/13/2006 9:53,1/27/2006 17:38
117,81,90081,METER,2,1381,3,1/13/2006 9:53,1/27/2006 17:38
118,82,90082,METER,2,1382,3,1/13/2006 9:53,1/27/2006 17:38
119,83,90083,METER,2,1383,3,1/13/2006 9:53,1/27/2006 17:38
120,84,90084,METER,2,1384,3,1/13/2006 9:53,1/27/2006 17:38
121,85,90085,METER,2,1385,3,1/13/2006 9:53,1/27/2006 17:38
122,86,90086,METER,2,1386,3,1/13/2006 9:53,1/27/2006 17:38
123,87,90087,METER,2,1387,3,1/13/2006 9:53,1/27/2006 17:38
124,88,90088,METER,2,1388,3,1/13/2006 9:53,1/27/2006 17:38
125,89,90089,METER,2,1389,3,1/13/2006 9:53,1/27/2006 17:38
126,90,90090,METER,2,1390,3,1/13/2006 9:53,1/27/2006 17:38
127,91,90091,METER,2,1391,3,1/13/2006 9:53,1/27/2006 17:38
128,92,90092,METER,2,1392,3,1/13/2006 9:53,1/27/2006 17:38
129,93,90093,METER,2,1393,3,1/13/2006 9:53,1/27/2006 17:38
130,94,90094,METER,2,1394,3,1/13/2006 9:53,1/27/2006 17:38
131,95,90095,METER,2,1395,3,1/13/2006 9:53,1/27/2006 17:38
132,96,90096,METER,2,1396,3,1/13/2006 9:53,1/27/2006 17:38
133,97,90097,METER,2,1397,3,1/13/2006 9:53,1/27/2006 17:38
134,98,90098,METER,2,1398,3,1/13/2006 9:53,1/27/2006 17:38
135,99,90099,METER,2,1399,3,1/13/2006 9:53,1/27/2006 17:38
136,100,90100,METER,2,1400,3,1/13/2006 9:53,1/27/2006 17:38
137,101,90101,METER,2,1401,3,1/13/2006 9:53,1/27/2006 17:38
138,102,90102,METER,2,1402,3,1/13/2006 9:53,1/27/2006 17:38
139,103,90103,METER,2,1403,3,1/13/2006 9:53,1/27/2006 17:38
140,104,90104,METER,2,1404,3,1/13/2006 9:53,1/27/2006 17:38
141,105,90105,METER,2,1405,3,1/13/2006 9:53,1/27/2006 17:38
142,106,90106,METER,2,1406,3,1/13/2006 9:53,1/27/2006 17:38
143,107,90107,METER,2,1407,3,1/13/2006 9:53,1/27/2006 17:38
144,108,90108,METER,2,1408,3,1/13/2006 9:53,1/27/2006 17:38
145,109,90109,METER,2,1409,3,1/13/2006 9:53,1/27/2006 17:38
146,110,90110,METER,2,1410,3,1/13/2006 9:53,1/27/2006 17:38
147,111,90111,METER,2,1411,3,1/13/2006 9:53,1/27/2006 17:38
148,112,90112,METER,2,1412,3,1/13/2006 9:53,1/27/2006 17:38
149,113,90113,METER,2,1413,3,1/13/2006 9:53,1/27/2006 17:38
150,114,90114,METER,2,1414,3,1/13/2006 9:53,1/27/2006 17:38
151,115,90115,METER,2,1415,3,1/13/2006 9:53,1/27/2006 17:38
152,116,90116,METER,2,1416,3,1/13/2006 9:53,1/27/2006 17:38
153,117,90117,METER,2,1417,3,1/13/2006 9:53,1/27/2006 17:38
154,118,90118,METER,2,1418,3,1/13/2006 9:53,1/27/2006 17:38
155,119,90119,METER,2,1419,3,1/13/2006 9:53,1/27/2006 17:38
156,120,90120,METER,2,1420,3,1/13/2006 9:53,1/27/2006 17:38
157,121,90121,METER,2,1421,3,1/13/2006 9:53,1/27/2006 17:38
158,122,90122,METER,2,1422,3,1/13/2006 9:53,1/27/2006 17:38
159,123,90123,METER,2,1423,3,1/13/2006 9:53,1/27/2006 17:38
160,124,90124,METER,2,1424,3,1/13/2006 9:53,1/27/2006 17:38
161,125,90125,METER,2,1425,3,1/13/2006 9:53,1/27/2006 17:38
162,126,90126,METER,2,1426,3,1/13/2006 9:53,1/27/2006 17:38
163,127,90127,METER,2,1427,3,1/13/2006 9:53,1/27/2006 17:38
164,128,90128,METER,2,1428,3,1/13/2006 9:53,1/27/2006 17:38
165,129,90129,METER,2,1429,3,1/13/2006 9:53,1/27/2006 17:38
166,130,90130,METER,2,1430,3,1/13/2006 9:53,1/27/2006 17:38
167,131,90131,METER,2,1431,3,1/13/2006 9:53,1/27/2006 17:38
168,132,90132,METER,2,1432,3,1/13/2006 9:53,1/27/2006 17:38
169,133,90133,METER,2,1433,3,1/13/2006 9:53,1/27/2006 17:38
170,134,90134,METER,2,1434,3,1/13/2006 9:53,1/27/2006 17:38
171,135,90135,METER,2,1435,3,1/13/2006 9:53,1/27/2006 17:38
172,136,90136,METER,2,1436,3,1/13/2006 9:53,1/27/2006 17:38
173,137,90137,METER,2,1437,3,1/13/2006 9:53,1/27/2006 17:38
174,138,90138,METER,2,1438,3,1/13/2006 9:53,1/27/2006 17:38
175,139,90139,METER,2,1439,3,1/13/2006 9:53,1/27/2006 17:38
176,140,90140,METER,2,1440,3,1/13/2006 9:53,1/27/2006 17:38
177,141,90141,METER,2,1441,3,1/13/2006 9:53,1/27/2006 17:38
178,142,90142,METER,2,1442,3,1/13/2006 9:53,1/27/2006 17:38
179,143,90143,METER,2,1443,3,1/13/2006 9:53,1/27/2006 17:38
180,144,90144,METER,2,1444,3,1/13/2006 9:53,1/27/2006 17:38
181,145,90145,METER,2,1445,3,1/13/2006 9:53,1/27/2006 17:38
182,146,90146,METER,2,1446,3,1/13/2006 9:53,1/27/2006 17:38
183,147,90147,METER,2,1447,3,1/13/2006 9:53,1/27/2006 17:38
184,148,90148,METER,2,1448,3,1/13/2006 9:53,1/27/2006 17:38
185,149,90149,METER,2,1449,3,1/13/2006 9:53,1/27/2006 17:38
186,150,90150,METER,2,1450,3,1/13/2006 9:53,1/27/2006 17:38
187,151,90151,METER,2,1451,3,1/13/2006 9:53,1/27/2006 17:38
188,152,90152,METER,2,1452,3,1/13/2006 9:53,1/27/2006 17:38
189,153,90153,METER,2,1453,3,1/13/2006 9:53,1/27/2006 17:38
190,154,90154,METER,2,1454,3,1/13/2006 9:53,1/27/2006 17:38
191,155,90155,METER,2,1455,3,1/13/2006 9:53,1/27/2006 17:38
192,156,90156,METER,2,1456,3,1/13/2006 9:53,1/27/2006 17:38
193,157,90157,METER,2,1457,3,1/13/2006 9:53,1/27/2006 17:38
194,158,90158,METER,2,1458,3,1/13/2006 9:53,1/27/2006 17:38
195,159,90159,METER,2,1459,3,1/13/2006 9:53,1/27/2006 17:38
196,160,90160,METER,2,1460,3,1/13/2006 9:53,1/27/2006 17:38
197,161,90161,METER,2,1461,3,1/13/2006 9:53,1/27/2006 17:38
198,162,90162,METER,2,1462,3,1/13/2006 9:53,1/27/2006 17:38
199,163,90163,METER,2,1463,3,1/13/2006 9:53,1/27/2006 17:38
200,164,90164,METER,2,1464,3,1/13/2006 9:53,1/27/2006 17:38
201,165,90165,METER,2,1465,3,1/13/2006 9:53,1/27/2006 17:38
202,166,90166,METER,2,1466,3,1/13/2006 9:53,1/27/2006 17:38
203,167,90167,METER,2,1467,3,1/13/2006 9:53,1/27/2006 17:38
204,168,90168,METER,2,1468,3,1/13/2006 9:53,1/27/2006 17:38
205,169,90169,METER,2,1469,3,1/13/2006 9:53,1/27/2006 17:38
206,170,90170,METER,2,1470,3,1/13/2006 9:53,1/27/2006 17:38
207,171,90171,METER,2,1471,3,1/13/2006 9:53,1/27/2006 17:38
208,172,90172,METER,2,1472,3,1/13/2006 9:53,1/27/2006 17:38
209,173,90173,METER,2,1473,3,1/13/2006 9:53,1/27/2006 17:38
210,174,90174,METER,2,1474,3,1/13/2006 9:53,1/27/2006 17:38
211,175,90175,METER,2,1475,3,1/13/2006 9:53,1/27/2006 17:38
212,176,90176,METER,2,1476,3,1/13/2006 9:53,1/27/2006 17:38
213,177,90177,METER,2,1477,3,1/13/2006 9:53,1/27/2006 17:38
214,178,90178,METER,2,1478,3,1/13/2006 9:53,1/27/2006 17:38
215,179,90179,METER,2,1479,3,1/13/2006 9:53,1/27/2006 17:38
216,180,90180,METER,2,1480,3,1/13/2006 9:53,1/27/2006 17:38
217,181,90181,METER,2,1481,3,1/13/2006 9:53,1/27/2006 17:38
218,182,90182,METER,2,1482,3,1/13/2006 9:53,1/27/2006 17:38
219,183,90183,METER,2,1483,3,1/13/2006 9:53,1/27/2006 17:38
220,184,90184,METER,2,1484,3,1/13/2006 9:53,1/27/2006 17:38
221,185,90185,METER,2,1485,3,1/13/2006 9:53,1/27/2006 17:38
222,186,90186,METER,2,1486,3,1/13/2006 9:53,1/27/2006 17:38
223,187,90187,METER,2,1487,3,1/13/2006 9:53,1/27/2006 17:38
224,188,90188,METER,2,1488,3,1/13/2006 9:53,1/27/2006 17:38
225,189,90189,METER,2,1489,3,1/13/2006 9:53,1/27/2006 17:38
226,190,90190,METER,2,1490,3,1/13/2006 9:53,1/27/2006 17:38
227,191,90191,METER,2,1491,3,1/13/2006 9:53,1/27/2006 17:38
228,192,90192,METER,2,1492,3,1/13/2006 9:53,1/27/2006 17:38
229,193,90193,METER,2,1493,3,1/13/2006 9:53,1/27/2006 17:38
230,194,90194,METER,2,1494,3,1/13/2006 9:53,1/27/2006 17:38
231,195,90195,METER,2,1495,3,1/13/2006 9:53,1/27/2006 17:38
232,196,90196,METER,2,1496,3,1/13/2006 9:53,1/27/2006 17:38
233,197,90197,METER,2,1497,3,1/13/2006 9:53,1/27/2006 17:38
234,198,90198,METER,2,1498,3,1/13/2006 9:53,1/27/2006 17:38
235,199,90199,METER,2,1499,3,1/13/2006 9:53,1/27/2006 17:38
236,200,90200,METER,2,1500,3,1/13/2006 9:53,1/27/2006 17:38
237,201,90201,METER,2,1501,3,1/13/2006 9:53,1/27/2006 17:38
238,202,90202,METER,2,1502,3,1/13/2006 9:53,1/27/2006 17:38
239,203,90203,METER,2,1503,3,1/13/2006 9:53,1/27/2006 17:38
240,204,90204,METER,2,1504,3,1/13/2006 9:53,1/27/2006 17:38
241,205,90205,METER,2,1505,3,1/13/2006 9:53,1/27/2006 17:38
242,206,90206,METER,2,1506,3,1/13/2006 9:53,1/27/2006 17:38
243,207,90207,METER,2,1507,3,1/13/2006 9:53,1/27/2006 17:38
244,208,90208,METER,2,1508,3,1/13/2006 9:53,1/27/2006 17:38
245,209,90209,METER,2,1509,3,1/13/2006 9:53,1/27/2006 17:38
246,210,90210,METER,2,1510,3,1/13/2006 9:53,1/27/2006 17:38
247,211,90211,METER,2,1511,3,1/13/2006 9:53,1/27/2006 17:38
248,212,90212,METER,2,1512,3,1/13/2006 9:53,1/27/2006 17:38
249,213,90213,METER,2,1513,3,1/13/2006 9:53,1/27/2006 17:38
250,214,90214,METER,2,1514,3,1/13/2006 9:53,1/27/2006 17:38
251,215,90215,METER,2,1515,3,1/13/2006 9:53,1/27/2006 17:38
252,216,90216,METER,2,1516,3,1/13/2006 9:53,1/27/2006 17:38
253,217,90217,METER,2,1517,3,1/13/2006 9:53,1/27/2006 17:38
254,218,90218,METER,2,1518,3,1/13/2006 9:53,1/27/2006 17:38
255,219,90219,METER,2,1519,3,1/13/2006 9:53,1/27/2006 17:38
256,220,90220,METER,2,1520,3,1/13/2006 9:53,1/27/2006 17:38
257,221,90221,METER,2,1521,3,1/13/2006 9:53,1/27/2006 17:38
258,222,90222,METER,2,1522,3,1/13/2006 9:53,1/27/2006 17:38
259,223,90223,METER,2,1523,3,1/13/2006 9:53,1/27/2006 17:38
260,224,90224,METER,2,1524,3,1/13/2006 9:53,1/27/2006 17:38
261,225,90225,METER,2,1525,3,1/13/2006 9:53,1/27/2006 17:38
262,226,90226,METER,2,1526,3,1/13/2006 9:53,1/27/2006 17:38
263,227,90227,METER,2,1527,3,1/13/2006 9:53,1/27/2006 17:38
264,228,90228,METER,2,1528,3,1/13/2006 9:53,1/27/2006 17:38
265,229,90229,METER,2,1529,3,1/13/2006 9:53,1/27/2006 17:38
266,230,90230,METER,2,1530,3,1/13/2006 9:53,1/27/2006 17:38
267,231,90231,METER,2,1531,3,1/13/2006 9:53,1/27/2006 17:38
268,232,90232,METER,2,1532,3,1/13/2006 9:53,1/27/2006 17:38
269,233,90233,METER,2,1533,3,1/13/2006 9:53,1/27/2006 17:38
270,234,90234,METER,2,1534,3,1/13/2006 9:53,1/27/2006 17:38
271,235,90235,METER,2,1535,3,1/13/2006 9:53,1/27/2006 17:38
272,236,90236,METER,2,1536,3,1/13/2006 9:53,1/27/2006 17:38
273,237,90237,METER,2,1537,3,1/13/2006 9:53,1/27/2006 17:38
274,238,90238,METER,2,1538,3,1/13/2006 9:53,1/27/2006 17:38
275,239,90239,METER,2,1539,3,1/13/2006 9:53,1/27/2006 17:38
276,240,90240,METER,2,1540,3,1/13/2006 9:53,1/27/2006 17:38
277,241,90241,METER,2,1541,3,1/13/2006 9:53,1/27/2006 17:38
278,242,90242,METER,2,1542,3,1/13/2006 9:53,1/27/2006 17:38
279,243,90243,METER,2,1543,3,1/13/2006 9:53,1/27/2006 17:38
280,244,90244,METER,2,1544,3,1/13/2006 9:53,1/27/2006 17:38
281,245,90245,METER,2,1545,3,1/13/2006 9:53,1/27/2006 17:38
282,246,90246,METER,2,1546,3,1/13/2006 9:53,1/27/2006 17:38
283,247,90247,METER,2,1547,3,1/13/2006 9:53,1/27/2006 17:38
284,248,90248,METER,2,1548,3,1/13/2006 9:53,1/27/2006 17:38
285,249,90249,METER,2,1549,3,1/13/2006 9:53,1/27/2006 17:38
286,250,90250,METER,2,1550,3,1/13/2006 9:53,1/27/2006 17:38
287,251,90251,METER,2,1551,3,1/13/2006 9:53,1/27/2006 17:38
288,252,90252,METER,2,1552,3,1/13/2006 9:53,1/27/2006 17:38
289,253,90253,METER,2,1553,3,1/13/2006 9:53,1/27/2006 17:38
290,254,90254,METER,2,1554,3,1/13/2006 9:53,1/27/2006 17:38
291,255,90255,METER,2,1555,3,1/13/2006 9:53,1/27/2006 17:38
292,256,90256,METER,2,1556,3,1/13/2006 9:53,1/27/2006 17:38
293,257,90257,METER,2,1557,3,1/13/2006 9:53,1/27/2006 17:38
294,258,90258,METER,2,1558,3,1/13/2006 9:53,1/27/2006 17:38
295,259,90259,METER,2,1559,3,1/13/2006 9:53,1/27/2006 17:38
296,260,90260,METER,2,1560,3,1/13/2006 9:53,1/27/2006 17:38
297,261,90261,METER,2,1561,3,1/13/2006 9:53,1/27/2006 17:38
298,262,90262,METER,2,1562,3,1/13/2006 9:53,1/27/2006 17:38
299,263,90263,METER,2,1563,3,1/13/2006 9:53,1/27/2006 17:38
300,264,90264,METER,2,1564,3,1/13/2006 9:53,1/27/2006 17:38
301,265,90265,METER,2,1565,3,1/13/2006 9:53,1/27/2006 17:38
302,266,90266,METER,2,1566,3,1/13/2006 9:53,1/27/2006 17:38
303,267,90267,METER,2,1567,3,1/13/2006 9:53,1/27/2006 17:38
304,268,90268,METER,2,1568,3,1/13/2006 9:53,1/27/2006 17:38
305,269,90269,METER,2,1569,3,1/13/2006 9:53,1/27/2006 17:38
306,270,90270,METER,2,1570,3,1/13/2006 9:53,1/27/2006 17:38
307,271,90271,METER,2,1571,3,1/13/2006 9:53,1/27/2006 17:38
308,272,90272,METER,2,1572,3,1/13/2006 9:53,1/27/2006 17:38
309,273,90273,METER,2,1573,3,1/13/2006 9:53,1/27/2006 17:38
310,274,90274,METER,2,1574,3,1/13/2006 9:53,1/27/2006 17:38
311,275,90275,METER,2,1575,3,1/13/2006 9:53,1/27/2006 17:38
312,276,90276,METER,2,1576,3,1/13/2006 9:53,1/27/2006 17:38
313,277,90277,METER,2,1577,3,1/13/2006 9:53,1/27/2006 17:38
314,278,90278,METER,2,1578,3,1/13/2006 9:53,1/27/2006 17:38
315,279,90279,METER,2,1579,3,1/13/2006 9:53,1/27/2006 17:38
316,280,90280,METER,2,1580,3,1/13/2006 9:53,1/27/2006 17:38
317,281,90281,METER,2,1581,3,1/13/2006 9:53,1/27/2006 17:38
318,282,90282,METER,2,1582,3,1/13/2006 9:53,1/27/2006 17:38
319,283,90283,METER,2,1583,3,1/13/2006 9:53,1/27/2006 17:38
320,284,90284,METER,2,1584,3,1/13/2006 9:53,1/27/2006 17:38
321,285,90285,METER,2,1585,3,1/13/2006 9:53,1/27/2006 17:38
322,286,90286,METER,2,1586,3,1/13/2006 9:53,1/27/2006 17:38
323,287,90287,METER,2,1587,3,1/13/2006 9:53,1/27/2006 17:38
516,671,1316,METER,2,1909,0,2/9/2006 12:04,2/9/2006 12:04
517,672,1318,METER,2,1912,0,2/9/2006 12:04,2/9/2006 12:04
518,673,1320,METER,2,1914,0,2/9/2006 12:04,2/9/2006 12:04
519,674,1321,METER,2,1915,0,2/9/2006 12:04,2/9/2006 12:04
520,675,1322,METER,2,1916,0,2/9/2006 12:04,2/9/2006 12:04
521,676,1323,METER,2,1917,0,2/9/2006 12:04,2/9/2006 12:04
522,677,1324,METER,2,1918,0,2/9/2006 12:04,2/9/2006 12:04
523,678,1325,METER,2,1919,0,2/9/2006 12:04,2/9/2006 12:04
524,679,1326,METER,2,1920,0,2/9/2006 12:04,2/9/2006 12:04
525,680,1327,METER,2,1921,0,2/9/2006 12:04,2/9/2006 12:04
526,681,1328,METER,2,1933,0,2/9/2006 12:04,2/9/2006 12:04
527,682,1329,METER,2,1934,0,2/9/2006 12:04,2/9/2006 12:04
528,683,1330,METER,2,1935,0,2/9/2006 12:04,2/9/2006 12:04
529,684,1331,METER,2,1936,0,2/9/2006 12:04,2/9/2006 12:04
530,685,1332,METER,2,1937,0,2/9/2006 12:04,2/9/2006 12:04
531,686,1333,METER,2,1938,0,2/9/2006 12:04,2/9/2006 12:04
532,687,1334,METER,2,1939,0,2/9/2006 12:04,2/9/2006 12:04
533,688,1336,METER,2,1941,0,2/9/2006 12:04,2/9/2006 12:04
534,689,1337,METER,2,1942,0,2/9/2006 12:04,2/9/2006 12:04
535,690,1338,METER,2,1943,0,2/9/2006 12:04,2/9/2006 12:04
536,691,1339,METER,2,1944,0,2/9/2006 12:04,2/9/2006 12:04
537,692,1340,METER,2,1945,0,2/9/2006 12:04,2/9/2006 12:04
538,693,1342,METER,2,1947,0,2/9/2006 12:04,2/9/2006 12:04
539,694,1343,METER,2,1948,0,2/9/2006 12:04,2/9/2006 12:04
540,695,1341,METER,2,1946,0,2/9/2006 12:04,2/9/2006 12:04
541,696,1344,METER,2,1949,0,2/9/2006 12:04,2/9/2006 12:04
542,697,1345,METER,2,1950,0,2/9/2006 12:04,2/9/2006 12:04
543,698,1360,METER,2,1959,0,2/9/2006 12:04,2/9/2006 12:04
544,699,1361,METER,2,1960,0,2/9/2006 12:04,2/9/2006 12:04
545,700,1362,METER,2,1961,0,2/9/2006 12:04,2/9/2006 12:04
546,701,1363,METER,2,1962,0,2/9/2006 12:04,2/9/2006 12:04
547,702,1364,METER,2,1963,0,2/9/2006 12:04,2/9/2006 12:04
548,703,1365,METER,2,1964,0,2/9/2006 12:04,2/9/2006 12:04
549,704,1366,METER,2,1965,0,2/9/2006 12:04,2/9/2006 12:04
550,705,1367,METER,2,1966,0,2/9/2006 12:04,2/9/2006 12:04
551,706,1368,METER,2,1967,0,2/9/2006 12:04,2/9/2006 12:04
552,707,1369,METER,2,1968,0,2/9/2006 12:04,2/9/2006 12:04
553,708,1370,METER,2,1969,0,2/9/2006 12:04,2/9/2006 12:04
554,709,1371,METER,2,1970,0,2/9/2006 12:04,2/9/2006 12:04
555,710,1372,METER,2,1971,0,2/9/2006 12:04,2/9/2006 12:04
556,711,1373,METER,2,1972,0,2/9/2006 12:04,2/9/2006 12:04
557,712,1374,METER,2,1973,0,2/9/2006 12:04,2/9/2006 12:04
558,713,1376,METER,2,1975,0,2/9/2006 12:04,2/9/2006 12:04
559,714,1377,METER,2,1977,0,2/9/2006 12:04,2/9/2006 12:04
560,715,1378,METER,2,1979,0,2/9/2006 12:04,2/9/2006 12:04
561,716,1379,METER,2,1990,0,2/9/2006 12:04,2/9/2006 12:04
562,717,1380,METER,2,1992,0,2/9/2006 12:04,2/9/2006 12:04
563,718,1381,METER,2,1994,0,2/9/2006 12:04,2/9/2006 12:04
564,719,1382,METER,2,1996,0,2/9/2006 12:04,2/9/2006 12:04
565,720,1383,METER,2,1997,0,2/9/2006 12:04,2/9/2006 12:04
566,721,1384,METER,2,1998,0,2/9/2006 12:04,2/9/2006 12:04
567,722,1385,METER,2,1999,0,2/9/2006 12:04,2/9/2006 12:04
568,723,1386,METER,2,2000,0,2/9/2006 12:04,2/9/2006 12:04
569,724,1387,METER,2,2001,0,2/9/2006 12:04,2/9/2006 12:04
570,725,1388,METER,2,2002,0,2/9/2006 12:04,2/9/2006 12:04
571,726,1389,METER,2,2003,0,2/9/2006 12:04,2/9/2006 12:04
572,727,1390,METER,2,2004,0,2/9/2006 12:04,2/9/2006 12:04
573,728,1391,METER,2,2005,0,2/9/2006 12:04,2/9/2006 12:04
574,729,1392,METER,2,2006,0,2/9/2006 12:04,2/9/2006 12:04
575,730,1393,METER,2,2007,0,2/9/2006 12:04,2/9/2006 12:04
576,731,1394,METER,2,2008,0,2/9/2006 12:04,2/9/2006 12:04
577,732,1395,METER,2,2009,0,2/9/2006 12:04,2/9/2006 12:04
578,733,1396,METER,2,2010,0,2/9/2006 12:04,2/9/2006 12:04
579,734,1397,METER,2,2011,0,2/9/2006 12:04,2/9/2006 12:04
580,735,1398,METER,2,2012,0,2/9/2006 12:04,2/9/2006 12:04
581,736,1399,METER,2,2013,0,2/9/2006 12:04,2/9/2006 12:04
582,737,1400,METER,2,2014,0,2/9/2006 12:04,2/9/2006 12:04
583,738,1401,METER,2,2015,0,2/9/2006 12:04,2/9/2006 12:04
584,739,1402,METER,2,2016,0,2/9/2006 12:04,2/9/2006 12:04
585,740,1403,METER,2,2017,0,2/9/2006 12:04,2/9/2006 12:04
586,741,1404,METER,2,2018,0,2/9/2006 12:04,2/9/2006 12:04
587,742,1405,METER,2,2019,0,2/9/2006 12:04,2/9/2006 12:04
588,743,1406,METER,2,2020,0,2/9/2006 12:04,2/9/2006 12:04
589,744,1407,METER,2,2021,0,2/9/2006 12:04,2/9/2006 12:04
590,745,1408,METER,2,2022,0,2/9/2006 12:04,2/9/2006 12:04
591,746,1409,METER,2,2023,0,2/9/2006 12:04,2/9/2006 12:04
592,747,1410,METER,2,2024,0,2/9/2006 12:04,2/9/2006 12:04
593,748,1411,METER,2,2025,0,2/9/2006 12:04,2/9/2006 12:04
594,749,1412,METER,2,2026,0,2/9/2006 12:04,2/9/2006 12:04
595,750,1413,METER,2,2027,0,2/9/2006 12:04,2/9/2006 12:04
596,751,1414,METER,2,2028,0,2/9/2006 12:04,2/9/2006 12:04
597,752,1415,METER,2,2029,0,2/9/2006 12:04,2/9/2006 12:04
598,753,1416,METER,2,2030,0,2/9/2006 12:04,2/9/2006 12:04
599,754,1417,METER,2,2031,0,2/9/2006 12:04,2/9/2006 12:04
600,755,1418,METER,2,2032,0,2/9/2006 12:04,2/9/2006 12:04
601,756,1419,METER,2,2033,0,2/9/2006 12:04,2/9/2006 12:04
602,757,1420,METER,2,2034,0,2/9/2006 12:04,2/9/2006 12:04
603,758,1421,METER,2,2035,0,2/9/2006 12:04,2/9/2006 12:04
604,759,1422,METER,2,2036,0,2/9/2006 12:04,2/9/2006 12:04
605,760,1423,METER,2,2037,0,2/9/2006 12:04,2/9/2006 12:04
606,761,1424,METER,2,2038,0,2/9/2006 12:04,2/9/2006 12:04
607,762,1425,METER,2,2039,0,2/9/2006 12:04,2/9/2006 12:04
608,763,1426,METER,2,2040,0,2/9/2006 12:04,2/9/2006 12:04
609,764,1427,METER,2,2041,0,2/9/2006 12:04,2/9/2006 12:04
610,765,1428,METER,2,2042,0,2/9/2006 12:04,2/9/2006 12:04
611,766,1429,METER,2,2043,0,2/9/2006 12:04,2/9/2006 12:04
612,767,1430,METER,2,2044,0,2/9/2006 12:04,2/9/2006 12:04
613,768,1431,METER,2,2045,0,2/9/2006 12:04,2/9/2006 12:04
614,769,1432,METER,2,2046,0,2/9/2006 12:04,2/9/2006 12:04
615,770,1433,METER,2,2047,0,2/9/2006 12:04,2/9/2006 12:04
616,771,1434,METER,2,2048,0,2/9/2006 12:04,2/9/2006 12:04
617,772,1435,METER,2,2049,0,2/9/2006 12:04,2/9/2006 12:04
618,773,1436,METER,2,2050,0,2/9/2006 12:04,2/9/2006 12:04
619,774,1437,METER,2,2051,0,2/9/2006 12:04,2/9/2006 12:04
620,775,1438,METER,2,2052,0,2/9/2006 12:04,2/9/2006 12:04
621,776,1439,METER,2,2053,0,2/9/2006 12:04,2/9/2006 12:04
622,777,1440,METER,2,2054,0,2/9/2006 12:04,2/9/2006 12:04
623,778,1441,METER,2,2055,0,2/9/2006 12:04,2/9/2006 12:04
624,779,1442,METER,2,2056,0,2/9/2006 12:04,2/9/2006 12:04
625,780,1443,METER,2,2057,0,2/9/2006 12:04,2/9/2006 12:04
626,781,1444,METER,2,2058,0,2/9/2006 12:04,2/9/2006 12:04
627,782,1445,METER,2,2059,0,2/9/2006 12:04,2/9/2006 12:04
628,783,1446,METER,2,2060,0,2/9/2006 12:04,2/9/2006 12:04
629,784,1447,METER,2,2061,0,2/9/2006 12:04,2/9/2006 12:04
630,785,1448,METER,2,2062,0,2/9/2006 12:04,2/9/2006 12:04
631,786,1449,METER,2,2063,0,2/9/2006 12:04,2/9/2006 12:04
632,787,1450,METER,2,2064,0,2/9/2006 12:04,2/9/2006 12:04
633,788,1451,METER,2,2065,0,2/9/2006 12:04,2/9/2006 12:04
634,789,1452,METER,2,2066,0,2/9/2006 12:04,2/9/2006 12:04
635,790,1453,METER,2,2067,0,2/9/2006 12:04,2/9/2006 12:04
636,791,1454,METER,2,2068,0,2/9/2006 12:04,2/9/2006 12:04
637,792,1455,METER,2,2069,0,2/9/2006 12:04,2/9/2006 12:04
638,793,1456,METER,2,2070,0,2/9/2006 12:04,2/9/2006 12:04
639,794,1457,METER,2,2071,0,2/9/2006 12:05,2/9/2006 12:05
640,795,1459,METER,2,2073,0,2/9/2006 12:05,2/9/2006 12:05
641,796,1460,METER,2,2074,0,2/9/2006 12:05,2/9/2006 12:05
642,797,1461,METER,2,2075,0,2/9/2006 12:05,2/9/2006 12:05
643,798,1462,METER,2,2076,0,2/9/2006 12:05,2/9/2006 12:05
644,799,1463,METER,2,2077,0,2/9/2006 12:05,2/9/2006 12:05
645,800,1464,METER,2,2078,0,2/9/2006 12:05,2/9/2006 12:05
646,801,1465,METER,2,2079,0,2/9/2006 12:05,2/9/2006 12:05
647,802,1466,METER,2,2080,0,2/9/2006 12:05,2/9/2006 12:05
648,803,1467,METER,2,2081,0,2/9/2006 12:05,2/9/2006 12:05
649,804,1468,METER,2,2082,0,2/9/2006 12:05,2/9/2006 12:05
650,805,1469,METER,2,2083,0,2/9/2006 12:05,2/9/2006 12:05
651,806,1470,METER,2,2084,0,2/9/2006 12:05,2/9/2006 12:05
652,807,1471,METER,2,2085,0,2/9/2006 12:05,2/9/2006 12:05
653,808,1472,METER,2,2086,0,2/9/2006 12:05,2/9/2006 12:05
654,809,1473,METER,2,2087,0,2/9/2006 12:05,2/9/2006 12:05
655,810,1474,METER,2,2088,0,2/9/2006 12:05,2/9/2006 12:05
656,811,1475,METER,2,2089,0,2/9/2006 12:05,2/9/2006 12:05
657,812,1477,METER,2,2091,0,2/9/2006 12:05,2/9/2006 12:05
658,813,1479,METER,2,2093,0,2/9/2006 12:05,2/9/2006 12:05
659,814,1480,METER,2,2094,0,2/9/2006 12:05,2/9/2006 12:05
660,815,1482,METER,2,2096,0,2/9/2006 12:05,2/9/2006 12:05
661,816,1483,METER,2,2097,0,2/9/2006 12:05,2/9/2006 12:05
662,817,1484,METER,2,2098,0,2/9/2006 12:05,2/9/2006 12:05
663,818,1485,METER,2,2099,0,2/9/2006 12:05,2/9/2006 12:05
664,819,1486,METER,2,2100,0,2/9/2006 12:05,2/9/2006 12:05
665,820,1487,METER,2,2101,0,2/9/2006 12:05,2/9/2006 12:05
666,821,1488,METER,2,2102,0,2/9/2006 12:05,2/9/2006 12:05
667,822,1489,METER,2,2103,0,2/9/2006 12:05,2/9/2006 12:05
668,823,1490,METER,2,2104,0,2/9/2006 12:05,2/9/2006 12:05
669,824,1491,METER,2,2105,0,2/9/2006 12:05,2/9/2006 12:05
670,825,1492,METER,2,2106,0,2/9/2006 12:05,2/9/2006 12:05
671,826,1493,METER,2,2107,0,2/9/2006 12:05,2/9/2006 12:05
672,827,1494,METER,2,2108,0,2/9/2006 12:05,2/9/2006 12:05
673,828,1495,METER,2,2109,0,2/9/2006 12:05,2/9/2006 12:05
674,829,1496,METER,2,2110,0,2/9/2006 12:05,2/9/2006 12:05
675,830,1497,METER,2,2111,0,2/9/2006 12:05,2/9/2006 12:05
676,831,1498,METER,2,2112,0,2/9/2006 12:05,2/9/2006 12:05
677,832,1499,METER,2,2113,0,2/9/2006 12:05,2/9/2006 12:05
678,833,1500,METER,2,2114,0,2/9/2006 12:05,2/9/2006 12:05
679,834,1501,METER,2,2115,0,2/9/2006 12:05,2/9/2006 12:05
680,835,1502,METER,2,2116,0,2/9/2006 12:05,2/9/2006 12:05
681,836,1503,METER,2,2117,0,2/9/2006 12:05,2/9/2006 12:05
682,837,1504,METER,2,2118,0,2/9/2006 12:05,2/9/2006 12:05
683,838,1505,METER,2,2177,0,2/9/2006 12:05,2/9/2006 12:05
684,839,1507,METER,2,2319,0,2/9/2006 12:05,2/9/2006 12:05
685,840,1508,METER,2,2320,0,2/9/2006 12:05,2/9/2006 12:05
686,841,1509,METER,2,2321,0,2/9/2006 12:05,2/9/2006 12:05
687,842,1510,METER,2,2322,0,2/9/2006 12:05,2/9/2006 12:05
688,843,1511,METER,2,2323,0,2/9/2006 12:05,2/9/2006 12:05
689,844,1512,METER,2,2324,0,2/9/2006 12:05,2/9/2006 12:05
690,845,1513,METER,2,2325,0,2/9/2006 12:05,2/9/2006 12:05
691,846,1514,METER,2,2326,0,2/9/2006 12:05,2/9/2006 12:05
692,847,1515,METER,2,2327,0,2/9/2006 12:05,2/9/2006 12:05
693,848,1516,METER,2,2328,0,2/9/2006 12:05,2/9/2006 12:05
694,849,1517,METER,2,2329,0,2/9/2006 12:05,2/9/2006 12:05
695,850,1518,METER,2,2330,0,2/9/2006 12:05,2/9/2006 12:05
696,851,1519,METER,2,2331,0,2/9/2006 12:05,2/9/2006 12:05
697,852,1520,METER,2,2332,0,2/9/2006 12:05,2/9/2006 12:05
698,853,1521,METER,2,2333,0,2/9/2006 12:05,2/9/2006 12:05
699,854,1522,METER,2,2334,0,2/9/2006 12:05,2/9/2006 12:05
700,855,1523,METER,2,2335,0,2/9/2006 12:05,2/9/2006 12:05
701,856,1524,METER,2,2336,0,2/9/2006 12:05,2/9/2006 12:05
702,857,1525,METER,2,2337,0,2/9/2006 12:05,2/9/2006 12:05
703,858,1526,METER,2,2338,0,2/9/2006 12:05,2/9/2006 12:05
704,859,1527,METER,2,2344,0,2/9/2006 12:05,2/9/2006 12:05
705,860,1528,METER,2,2345,0,2/9/2006 12:05,2/9/2006 12:05
706,671,1316,TSTAT,1,1593,0,2/9/2006 13:37,2/9/2006 13:37
707,671,1316,TSTAT,1,1613,1,2/9/2006 13:37,2/9/2006 13:37
708,671,1316,WH,3,1910,1,2/9/2006 13:37,2/9/2006 13:37
709,671,1316,DRYER,5,2371,2,2/15/2006 9:35,2/15/2006 9:35
710,861,1070,TSTAT,1,1041,0,2/28/2006 15:13,2/28/2006 15:13
711,861,1070,METER,2,1308,0,2/28/2006 15:13,2/28/2006 15:13
712,862,431,TSTAT,1,411,0,2/28/2006 15:13,2/28/2006 15:13
713,862,431,METER,2,552,0,2/28/2006 15:13,2/28/2006 15:13
714,862,431,WH,3,553,1,2/28/2006 15:13,2/28/2006 15:13
715,672,1318,TSTAT,1,1596,0,2/28/2006 15:13,2/28/2006 15:13
716,672,1318,WH,3,1923,1,2/28/2006 15:13,2/28/2006 15:13
717,672,1318,DRYER,5,1958,2,2/28/2006 15:13,2/28/2006 15:13
718,673,1320,TSTAT,1,1598,0,2/28/2006 15:13,2/28/2006 15:13
719,673,1320,WH,3,1925,1,2/28/2006 15:13,2/28/2006 15:13
720,673,1320,DRYER,5,2252,2,2/28/2006 15:13,2/28/2006 15:13
721,674,1321,TSTAT,1,1599,0,2/28/2006 15:13,2/28/2006 15:13
722,674,1321,WH,3,1926,1,2/28/2006 15:13,2/28/2006 15:13
723,674,1321,DRYER,5,2254,2,2/28/2006 15:13,2/28/2006 15:13
724,675,1322,TSTAT,1,1600,0,2/28/2006 15:13,2/28/2006 15:13
725,675,1322,WH,3,1927,1,2/28/2006 15:13,2/28/2006 15:13
726,675,1322,DRYER,5,2253,2,2/28/2006 15:13,2/28/2006 15:13
727,676,1323,TSTAT,1,1601,0,2/28/2006 15:13,2/28/2006 15:13
728,676,1323,TSTAT,1,1609,1,2/28/2006 15:13,2/28/2006 15:13
729,676,1323,WH,3,1928,1,2/28/2006 15:13,2/28/2006 15:13
730,678,1325,TSTAT,1,1603,0,2/28/2006 15:13,2/28/2006 15:13
731,678,1325,WH,3,1930,1,2/28/2006 15:13,2/28/2006 15:13
732,678,1325,DRYER,5,2373,2,2/28/2006 15:13,2/28/2006 15:13
733,679,1326,TSTAT,1,1604,0,2/28/2006 15:13,2/28/2006 15:13
734,679,1326,WH,3,1931,1,2/28/2006 15:13,2/28/2006 15:13
735,679,1326,DRYER,5,2255,2,2/28/2006 15:13,2/28/2006 15:13
736,680,1327,TSTAT,1,1605,0,2/28/2006 15:13,2/28/2006 15:13
737,680,1327,WH,3,1932,1,2/28/2006 15:13,2/28/2006 15:13
738,681,1328,TSTAT,1,1640,0,2/28/2006 15:13,2/28/2006 15:13
739,681,1328,TSTAT,1,1641,1,2/28/2006 15:13,2/28/2006 15:13
740,681,1328,WH,3,2237,1,2/28/2006 15:13,2/28/2006 15:13
741,682,1329,TSTAT,1,1645,0,2/28/2006 15:13,2/28/2006 15:13
742,682,1329,WH,3,2245,1,2/28/2006 15:13,2/28/2006 15:13
743,682,1329,DRYER,5,2246,2,2/28/2006 15:13,2/28/2006 15:13
744,683,1330,TSTAT,1,1638,0,2/28/2006 15:13,2/28/2006 15:13
745,683,1330,WH,3,2231,1,2/28/2006 15:13,2/28/2006 15:13
746,683,1330,DRYER,5,2232,2,2/28/2006 15:13,2/28/2006 15:13
747,684,1331,TSTAT,1,1623,0,2/28/2006 15:13,2/28/2006 15:13
748,684,1331,DRYER,5,2119,1,2/28/2006 15:13,2/28/2006 15:13
749,684,1331,WH,3,2214,2,2/28/2006 15:13,2/28/2006 15:13
750,685,1332,TSTAT,1,1627,0,2/28/2006 15:13,2/28/2006 15:13
751,685,1332,TSTAT,1,1649,1,2/28/2006 15:13,2/28/2006 15:13
752,685,1332,WH,3,2125,1,2/28/2006 15:13,2/28/2006 15:13
753,685,1332,DRYER,5,2251,2,2/28/2006 15:13,2/28/2006 15:13
754,686,1333,TSTAT,1,1615,0,2/28/2006 15:13,2/28/2006 15:13
755,686,1333,DRYER,5,1957,1,2/28/2006 15:13,2/28/2006 15:13
756,686,1333,WH,3,1982,2,2/28/2006 15:13,2/28/2006 15:13
757,687,1334,TSTAT,1,1644,0,2/28/2006 15:13,2/28/2006 15:13
758,687,1334,WH,3,2243,1,2/28/2006 15:13,2/28/2006 15:13
759,687,1334,DRYER,5,2244,2,2/28/2006 15:13,2/28/2006 15:13
760,863,1335,METER,2,1940,0,2/28/2006 15:13,2/28/2006 15:13
761,688,1336,TSTAT,1,1648,0,2/28/2006 15:13,2/28/2006 15:13
762,688,1336,WH,3,2249,1,2/28/2006 15:13,2/28/2006 15:13
763,688,1336,DRYER,5,2250,2,2/28/2006 15:13,2/28/2006 15:13
764,689,1337,TSTAT,1,1646,0,2/28/2006 15:13,2/28/2006 15:13
765,689,1337,TSTAT,1,1647,1,2/28/2006 15:13,2/28/2006 15:13
766,689,1337,WH,3,2247,1,2/28/2006 15:13,2/28/2006 15:13
767,689,1337,DRYER,5,2248,2,2/28/2006 15:13,2/28/2006 15:13
768,689,1337,WH,3,2340,3,2/28/2006 15:13,2/28/2006 15:13
769,690,1338,TSTAT,1,1643,0,2/28/2006 15:13,2/28/2006 15:13
770,690,1338,WH,3,2241,1,2/28/2006 15:13,2/28/2006 15:13
771,690,1338,DRYER,5,2242,2,2/28/2006 15:13,2/28/2006 15:13
772,691,1339,TSTAT,1,1642,0,2/28/2006 15:13,2/28/2006 15:13
773,691,1339,WH,3,2239,1,2/28/2006 15:13,2/28/2006 15:13
774,691,1339,DRYER,5,2240,2,2/28/2006 15:13,2/28/2006 15:13
775,692,1340,TSTAT,1,1630,0,2/28/2006 15:13,2/28/2006 15:13
776,692,1340,WH,3,2210,1,2/28/2006 15:13,2/28/2006 15:13
777,692,1340,DRYER,5,2211,2,2/28/2006 15:13,2/28/2006 15:13
778,695,1341,TSTAT,1,1612,0,2/28/2006 15:13,2/28/2006 15:13
779,695,1341,WH,3,1955,1,2/28/2006 15:13,2/28/2006 15:13
780,695,1341,DRYER,5,1956,2,2/28/2006 15:13,2/28/2006 15:13
781,693,1342,TSTAT,1,1608,0,2/28/2006 15:13,2/28/2006 15:13
782,693,1342,TSTAT,1,1611,1,2/28/2006 15:13,2/28/2006 15:13
783,693,1342,WH,3,1951,1,2/28/2006 15:13,2/28/2006 15:13
784,694,1343,TSTAT,1,1631,0,2/28/2006 15:13,2/28/2006 15:13
785,694,1343,WH,3,2215,1,2/28/2006 15:13,2/28/2006 15:13
786,694,1343,DRYER,5,2238,2,2/28/2006 15:13,2/28/2006 15:13
787,696,1344,TSTAT,1,1618,0,2/28/2006 15:13,2/28/2006 15:13
788,696,1344,WH,3,1985,1,2/28/2006 15:13,2/28/2006 15:13
789,696,1344,DRYER,5,2236,2,2/28/2006 15:13,2/28/2006 15:13
790,697,1345,TSTAT,1,1610,0,2/28/2006 15:13,2/28/2006 15:13
791,697,1345,WH,3,1953,1,2/28/2006 15:13,2/28/2006 15:13
792,697,1345,DRYER,5,1954,2,2/28/2006 15:13,2/28/2006 15:13
793,698,1360,TSTAT,1,1617,0,2/28/2006 15:13,2/28/2006 15:13
794,698,1360,WH,3,1984,1,2/28/2006 15:13,2/28/2006 15:13
795,698,1360,DRYER,5,2218,2,2/28/2006 15:13,2/28/2006 15:13
796,699,1361,TSTAT,1,1619,0,2/28/2006 15:13,2/28/2006 15:13
797,699,1361,WH,3,1986,1,2/28/2006 15:13,2/28/2006 15:13
798,699,1361,DRYER,5,2235,2,2/28/2006 15:13,2/28/2006 15:13
799,700,1362,TSTAT,1,1620,0,2/28/2006 15:13,2/28/2006 15:13
800,700,1362,WH,3,1987,1,2/28/2006 15:13,2/28/2006 15:13
801,700,1362,DRYER,5,2216,2,2/28/2006 15:13,2/28/2006 15:13
802,701,1363,TSTAT,1,1616,0,2/28/2006 15:13,2/28/2006 15:13
803,701,1363,WH,3,1983,1,2/28/2006 15:13,2/28/2006 15:13
804,701,1363,DRYER,5,2221,2,2/28/2006 15:13,2/28/2006 15:13
805,702,1364,TSTAT,1,1674,0,2/28/2006 15:13,2/28/2006 15:13
806,702,1364,WH,3,2369,1,2/28/2006 15:13,2/28/2006 15:13
807,702,1364,DRYER,5,2370,2,2/28/2006 15:13,2/28/2006 15:13
808,703,1365,TSTAT,1,1639,0,2/28/2006 15:13,2/28/2006 15:13
809,703,1365,WH,3,2233,1,2/28/2006 15:13,2/28/2006 15:13
810,703,1365,DRYER,5,2234,2,2/28/2006 15:13,2/28/2006 15:13
811,704,1366,TSTAT,1,1637,0,2/28/2006 15:13,2/28/2006 15:13
812,704,1366,WH,3,2229,1,2/28/2006 15:13,2/28/2006 15:13
813,704,1366,DRYER,5,2230,2,2/28/2006 15:13,2/28/2006 15:13
814,705,1367,TSTAT,1,1636,0,2/28/2006 15:13,2/28/2006 15:13
815,705,1367,WH,3,2227,1,2/28/2006 15:13,2/28/2006 15:13
816,705,1367,DRYER,5,2228,2,2/28/2006 15:13,2/28/2006 15:13
817,706,1368,TSTAT,1,1635,0,2/28/2006 15:13,2/28/2006 15:13
818,706,1368,WH,3,2225,1,2/28/2006 15:13,2/28/2006 15:13
819,706,1368,DRYER,5,2226,2,2/28/2006 15:13,2/28/2006 15:13
820,707,1369,TSTAT,1,1625,0,2/28/2006 15:13,2/28/2006 15:13
821,707,1369,DRYER,5,2122,1,2/28/2006 15:13,2/28/2006 15:13
822,707,1369,WH,3,2224,2,2/28/2006 15:13,2/28/2006 15:13
823,708,1370,TSTAT,1,1634,0,2/28/2006 15:13,2/28/2006 15:13
824,708,1370,WH,3,2222,1,2/28/2006 15:13,2/28/2006 15:13
825,708,1370,DRYER,5,2223,2,2/28/2006 15:13,2/28/2006 15:13
826,709,1371,TSTAT,1,1633,0,2/28/2006 15:13,2/28/2006 15:13
827,709,1371,WH,3,2219,1,2/28/2006 15:13,2/28/2006 15:13
828,709,1371,DRYER,5,2220,2,2/28/2006 15:13,2/28/2006 15:13
829,710,1372,TSTAT,1,1626,0,2/28/2006 15:13,2/28/2006 15:13
830,710,1372,WH,3,2123,1,2/28/2006 15:13,2/28/2006 15:13
831,710,1372,DRYER,5,2124,2,2/28/2006 15:13,2/28/2006 15:13
832,711,1373,TSTAT,1,1632,0,2/28/2006 15:13,2/28/2006 15:13
833,711,1373,WH,3,2217,1,2/28/2006 15:13,2/28/2006 15:13
834,712,1374,TSTAT,1,1629,0,2/28/2006 15:13,2/28/2006 15:13
835,712,1374,WH,3,2208,1,2/28/2006 15:13,2/28/2006 15:13
836,712,1374,DRYER,5,2209,2,2/28/2006 15:13,2/28/2006 15:13
837,713,1376,TSTAT,1,1621,0,2/28/2006 15:13,2/28/2006 15:13
838,713,1376,DRYER,5,1976,1,2/28/2006 15:13,2/28/2006 15:13
839,713,1376,DRYER,5,1989,2,2/28/2006 15:13,2/28/2006 15:13
840,714,1377,TSTAT,1,1622,0,2/28/2006 15:13,2/28/2006 15:13
841,714,1377,DRYER,5,1978,1,2/28/2006 15:13,2/28/2006 15:13
842,715,1378,WH,3,1980,1,2/28/2006 15:13,2/28/2006 15:13
843,715,1378,DRYER,5,1981,2,2/28/2006 15:13,2/28/2006 15:13
844,716,1379,DRYER,5,1991,1,2/28/2006 15:13,2/28/2006 15:13
845,717,1380,DRYER,5,1993,1,2/28/2006 15:13,2/28/2006 15:13
846,718,1381,TSTAT,1,1650,0,2/28/2006 15:13,2/28/2006 15:13
847,718,1381,DRYER,5,1995,1,2/28/2006 15:13,2/28/2006 15:13
848,719,1382,WH,3,2183,1,2/28/2006 15:13,2/28/2006 15:13
849,719,1382,DRYER,5,2184,2,2/28/2006 15:13,2/28/2006 15:13
850,720,1383,DRYER,5,2174,1,2/28/2006 15:13,2/28/2006 15:13
851,721,1384,DRYER,5,2202,1,2/28/2006 15:13,2/28/2006 15:13
852,722,1385,DRYER,5,2197,1,2/28/2006 15:13,2/28/2006 15:13
853,723,1386,WH,3,2180,1,2/28/2006 15:13,2/28/2006 15:13
854,723,1386,DRYER,5,2181,2,2/28/2006 15:13,2/28/2006 15:13
855,724,1387,DRYER,5,2140,1,2/28/2006 15:13,2/28/2006 15:13
856,725,1388,DRYER,5,2131,1,2/28/2006 15:13,2/28/2006 15:13
857,726,1389,DRYER,5,2205,1,2/28/2006 15:13,2/28/2006 15:13
858,727,1390,DRYER,5,2133,1,2/28/2006 15:13,2/28/2006 15:13
859,728,1391,WH,3,2192,1,2/28/2006 15:13,2/28/2006 15:13
860,728,1391,DRYER,5,2193,2,2/28/2006 15:13,2/28/2006 15:13
861,729,1392,DRYER,5,2146,1,2/28/2006 15:13,2/28/2006 15:13
862,730,1393,DRYER,5,2154,1,2/28/2006 15:13,2/28/2006 15:13
863,731,1394,DRYER,5,2196,1,2/28/2006 15:13,2/28/2006 15:13
864,732,1395,DRYER,5,2203,1,2/28/2006 15:13,2/28/2006 15:13
865,733,1396,WH,3,2147,1,2/28/2006 15:13,2/28/2006 15:13
866,733,1396,DRYER,5,2148,2,2/28/2006 15:13,2/28/2006 15:13
867,734,1397,WH,3,2186,1,2/28/2006 15:13,2/28/2006 15:13
868,734,1397,DRYER,5,2187,2,2/28/2006 15:13,2/28/2006 15:13
869,735,1398,DRYER,5,2195,1,2/28/2006 15:13,2/28/2006 15:13
870,736,1399,DRYER,5,2204,1,2/28/2006 15:13,2/28/2006 15:13
871,737,1400,DRYER,5,2134,1,2/28/2006 15:13,2/28/2006 15:13
872,738,1401,WH,3,2167,1,2/28/2006 15:13,2/28/2006 15:13
873,738,1401,DRYER,5,2168,2,2/28/2006 15:13,2/28/2006 15:13
874,739,1402,WH,3,2165,1,2/28/2006 15:13,2/28/2006 15:13
875,739,1402,DRYER,5,2166,2,2/28/2006 15:13,2/28/2006 15:13
876,740,1403,DRYER,5,2151,1,2/28/2006 15:13,2/28/2006 15:13
877,741,1404,WH,3,2163,1,2/28/2006 15:13,2/28/2006 15:13
878,741,1404,DRYER,5,2164,2,2/28/2006 15:13,2/28/2006 15:13
879,742,1405,WH,3,2144,1,2/28/2006 15:13,2/28/2006 15:13
880,742,1405,DRYER,5,2145,2,2/28/2006 15:13,2/28/2006 15:13
881,743,1406,WH,3,2170,1,2/28/2006 15:13,2/28/2006 15:13
882,743,1406,DRYER,5,2171,2,2/28/2006 15:13,2/28/2006 15:13
883,744,1407,WH,3,2142,1,2/28/2006 15:13,2/28/2006 15:13
884,744,1407,DRYER,5,2143,2,2/28/2006 15:13,2/28/2006 15:13
885,745,1408,WH,3,2155,1,2/28/2006 15:13,2/28/2006 15:13
886,745,1408,DRYER,5,2156,2,2/28/2006 15:13,2/28/2006 15:13
887,746,1409,WH,3,2189,1,2/28/2006 15:13,2/28/2006 15:13
888,746,1409,DRYER,5,2190,2,2/28/2006 15:13,2/28/2006 15:13
889,747,1410,DRYER,5,2188,1,2/28/2006 15:13,2/28/2006 15:13
890,748,1411,DRYER,5,2135,1,2/28/2006 15:13,2/28/2006 15:13
891,749,1412,WH,3,2138,1,2/28/2006 15:13,2/28/2006 15:13
892,749,1412,DRYER,5,2139,2,2/28/2006 15:13,2/28/2006 15:13
893,750,1413,WH,3,2157,1,2/28/2006 15:13,2/28/2006 15:13
894,750,1413,DRYER,5,2158,2,2/28/2006 15:13,2/28/2006 15:13
895,751,1414,DRYER,5,2201,1,2/28/2006 15:13,2/28/2006 15:13
896,752,1415,WH,3,2136,1,2/28/2006 15:13,2/28/2006 15:13
897,752,1415,DRYER,5,2137,2,2/28/2006 15:13,2/28/2006 15:13
898,753,1416,WH,3,2126,1,2/28/2006 15:13,2/28/2006 15:13
899,753,1416,DRYER,5,2127,2,2/28/2006 15:13,2/28/2006 15:13
900,754,1417,WH,3,2159,1,2/28/2006 15:13,2/28/2006 15:13
901,754,1417,DRYER,5,2160,2,2/28/2006 15:13,2/28/2006 15:13
902,755,1418,DRYER,5,2185,1,2/28/2006 15:13,2/28/2006 15:13
903,756,1419,WH,3,2172,1,2/28/2006 15:13,2/28/2006 15:13
904,756,1419,DRYER,5,2173,2,2/28/2006 15:13,2/28/2006 15:13
905,757,1420,DRYER,5,2194,1,2/28/2006 15:13,2/28/2006 15:13
906,758,1421,DRYER,5,2132,1,2/28/2006 15:13,2/28/2006 15:13
907,759,1422,DRYER,5,2191,1,2/28/2006 15:13,2/28/2006 15:13
908,760,1423,DRYER,5,2141,1,2/28/2006 15:13,2/28/2006 15:13
909,761,1424,WH,3,2149,1,2/28/2006 15:13,2/28/2006 15:13
910,761,1424,DRYER,5,2150,2,2/28/2006 15:13,2/28/2006 15:13
911,762,1425,DRYER,5,2128,1,2/28/2006 15:13,2/28/2006 15:13
912,764,1427,DRYER,5,2169,1,2/28/2006 15:13,2/28/2006 15:13
913,765,1428,WH,3,2161,1,2/28/2006 15:13,2/28/2006 15:13
914,765,1428,DRYER,5,2162,2,2/28/2006 15:13,2/28/2006 15:13
915,766,1429,WH,3,2175,1,2/28/2006 15:13,2/28/2006 15:13
916,766,1429,DRYER,5,2176,2,2/28/2006 15:13,2/28/2006 15:13
917,767,1430,DRYER,5,2182,1,2/28/2006 15:13,2/28/2006 15:13
918,768,1431,DRYER,5,2200,1,2/28/2006 15:13,2/28/2006 15:13
919,769,1432,DRYER,5,2198,1,2/28/2006 15:13,2/28/2006 15:13
920,770,1433,WH,3,2152,1,2/28/2006 15:13,2/28/2006 15:13
921,770,1433,DRYER,5,2153,2,2/28/2006 15:13,2/28/2006 15:13
922,771,1434,DRYER,5,2130,1,2/28/2006 15:13,2/28/2006 15:13
923,772,1435,DRYER,5,2199,1,2/28/2006 15:13,2/28/2006 15:13
924,773,1436,DRYER,5,2279,1,2/28/2006 15:13,2/28/2006 15:13
925,774,1437,DRYER,5,2289,1,2/28/2006 15:13,2/28/2006 15:13
926,775,1438,DRYER,5,2280,1,2/28/2006 15:13,2/28/2006 15:13
927,776,1439,DRYER,5,2290,1,2/28/2006 15:13,2/28/2006 15:13
928,777,1440,DRYER,5,2297,1,2/28/2006 15:13,2/28/2006 15:13
929,778,1441,DRYER,5,2313,1,2/28/2006 15:13,2/28/2006 15:13
930,779,1442,DRYER,5,2256,1,2/28/2006 15:13,2/28/2006 15:13
931,780,1443,DRYER,5,2299,1,2/28/2006 15:13,2/28/2006 15:13
932,781,1444,DRYER,5,2281,1,2/28/2006 15:13,2/28/2006 15:13
933,782,1445,DRYER,5,2275,1,2/28/2006 15:13,2/28/2006 15:13
934,783,1446,DRYER,5,2271,1,2/28/2006 15:13,2/28/2006 15:13
935,784,1447,DRYER,5,2272,1,2/28/2006 15:13,2/28/2006 15:13
936,785,1448,DRYER,5,2295,1,2/28/2006 15:13,2/28/2006 15:13
937,786,1449,DRYER,5,2263,1,2/28/2006 15:13,2/28/2006 15:13
938,787,1450,DRYER,5,2265,1,2/28/2006 15:13,2/28/2006 15:13
939,788,1451,DRYER,5,2264,1,2/28/2006 15:13,2/28/2006 15:13
940,789,1452,DRYER,5,2213,1,2/28/2006 15:13,2/28/2006 15:13
941,790,1453,DRYER,5,2291,1,2/28/2006 15:13,2/28/2006 15:13
942,791,1454,DRYER,5,2212,1,2/28/2006 15:13,2/28/2006 15:13
943,792,1455,DRYER,5,2268,1,2/28/2006 15:13,2/28/2006 15:13
944,793,1456,DRYER,5,2314,1,2/28/2006 15:13,2/28/2006 15:13
945,794,1457,DRYER,5,2269,1,2/28/2006 15:13,2/28/2006 15:13
946,795,1459,DRYER,5,2257,1,2/28/2006 15:13,2/28/2006 15:13
947,796,1460,DRYER,5,2293,1,2/28/2006 15:13,2/28/2006 15:13
948,797,1461,DRYER,5,2259,1,2/28/2006 15:13,2/28/2006 15:13
949,798,1462,DRYER,5,2282,1,2/28/2006 15:13,2/28/2006 15:13
950,799,1463,DRYER,5,2278,1,2/28/2006 15:13,2/28/2006 15:13
951,800,1464,DRYER,5,2300,1,2/28/2006 15:13,2/28/2006 15:13
952,801,1465,DRYER,5,2273,1,2/28/2006 15:13,2/28/2006 15:13
953,802,1466,DRYER,5,2260,1,2/28/2006 15:13,2/28/2006 15:13
954,803,1467,DRYER,5,2304,1,2/28/2006 15:13,2/28/2006 15:13
955,804,1468,DRYER,5,2311,1,2/28/2006 15:13,2/28/2006 15:13
956,805,1469,DRYER,5,2270,1,2/28/2006 15:13,2/28/2006 15:13
957,806,1470,DRYER,5,2277,1,2/28/2006 15:13,2/28/2006 15:13
958,807,1471,DRYER,5,2302,1,2/28/2006 15:13,2/28/2006 15:13
959,808,1472,DRYER,5,2316,1,2/28/2006 15:13,2/28/2006 15:13
960,809,1473,DRYER,5,2305,1,2/28/2006 15:13,2/28/2006 15:13
961,810,1474,DRYER,5,2274,1,2/28/2006 15:13,2/28/2006 15:13
962,811,1475,DRYER,5,2283,1,2/28/2006 15:13,2/28/2006 15:13
963,812,1477,DRYER,5,2261,1,2/28/2006 15:13,2/28/2006 15:13
964,813,1479,DRYER,5,2294,1,2/28/2006 15:13,2/28/2006 15:13
965,814,1480,DRYER,5,2287,1,2/28/2006 15:13,2/28/2006 15:13
966,815,1482,DRYER,5,2312,1,2/28/2006 15:13,2/28/2006 15:13
967,816,1483,DRYER,5,2317,1,2/28/2006 15:13,2/28/2006 15:13
968,817,1484,DRYER,5,2284,1,2/28/2006 15:13,2/28/2006 15:13
969,818,1485,DRYER,5,2318,1,2/28/2006 15:13,2/28/2006 15:13
970,819,1486,DRYER,5,2285,1,2/28/2006 15:13,2/28/2006 15:13
971,820,1487,DRYER,5,2307,1,2/28/2006 15:13,2/28/2006 15:13
972,821,1488,DRYER,5,2276,1,2/28/2006 15:13,2/28/2006 15:13
973,822,1489,DRYER,5,2301,1,2/28/2006 15:13,2/28/2006 15:13
974,823,1490,DRYER,5,2308,1,2/28/2006 15:13,2/28/2006 15:13
975,824,1491,DRYER,5,2296,1,2/28/2006 15:13,2/28/2006 15:13
976,825,1492,DRYER,5,2258,1,2/28/2006 15:13,2/28/2006 15:13
977,826,1493,DRYER,5,2262,1,2/28/2006 15:13,2/28/2006 15:13
978,827,1494,DRYER,5,2288,1,2/28/2006 15:13,2/28/2006 15:13
979,828,1495,DRYER,5,2266,1,2/28/2006 15:13,2/28/2006 15:13
980,829,1496,DRYER,5,2298,1,2/28/2006 15:13,2/28/2006 15:13
981,830,1497,DRYER,5,2303,1,2/28/2006 15:13,2/28/2006 15:13
982,831,1498,DRYER,5,2267,1,2/28/2006 15:13,2/28/2006 15:13
983,832,1499,DRYER,5,2309,1,2/28/2006 15:13,2/28/2006 15:13
984,833,1500,DRYER,5,2292,1,2/28/2006 15:13,2/28/2006 15:13
985,834,1501,DRYER,5,2286,1,2/28/2006 15:13,2/28/2006 15:13
986,835,1502,DRYER,5,2306,1,2/28/2006 15:13,2/28/2006 15:13
987,836,1503,DRYER,5,2315,1,2/28/2006 15:13,2/28/2006 15:13
988,837,1504,DRYER,5,2310,1,2/28/2006 15:13,2/28/2006 15:13
989,838,1505,WH,3,2178,1,2/28/2006 15:13,2/28/2006 15:13
990,838,1505,DRYER,5,2179,2,2/28/2006 15:13,2/28/2006 15:13
991,839,1507,TSTAT,1,1669,0,2/28/2006 15:13,2/28/2006 15:13
992,839,1507,WH,3,2364,1,2/28/2006 15:13,2/28/2006 15:13
993,840,1508,TSTAT,1,1668,0,2/28/2006 15:13,2/28/2006 15:13
994,840,1508,WH,3,2363,1,2/28/2006 15:13,2/28/2006 15:13
995,841,1509,TSTAT,1,1665,0,2/28/2006 15:13,2/28/2006 15:13
996,841,1509,WH,3,2360,1,2/28/2006 15:13,2/28/2006 15:13
997,841,1509,DRYER,5,2361,2,2/28/2006 15:13,2/28/2006 15:13
998,843,1511,TSTAT,1,1663,0,2/28/2006 15:13,2/28/2006 15:13
999,843,1511,WH,3,2357,1,2/28/2006 15:13,2/28/2006 15:13
1000,843,1511,DRYER,5,2358,2,2/28/2006 15:13,2/28/2006 15:13
1001,844,1512,TSTAT,1,1656,0,2/28/2006 15:13,2/28/2006 15:13
1002,844,1512,WH,3,2349,1,2/28/2006 15:13,2/28/2006 15:13
1003,844,1512,DRYER,5,2372,2,2/28/2006 15:13,2/28/2006 15:13
1004,845,1513,TSTAT,1,1666,0,2/28/2006 15:13,2/28/2006 15:13
1005,845,1513,TSTAT,1,1667,1,2/28/2006 15:13,2/28/2006 15:13
1006,845,1513,WH,3,2362,1,2/28/2006 15:13,2/28/2006 15:13
1007,846,1514,TSTAT,1,1664,0,2/28/2006 15:13,2/28/2006 15:13
1008,846,1514,WH,3,2359,1,2/28/2006 15:13,2/28/2006 15:13
1009,847,1515,TSTAT,1,1672,0,2/28/2006 15:13,2/28/2006 15:13
1010,847,1515,WH,3,2367,1,2/28/2006 15:13,2/28/2006 15:13
1011,848,1516,TSTAT,1,1657,0,2/28/2006 15:13,2/28/2006 15:13
1012,848,1516,WH,3,2350,1,2/28/2006 15:13,2/28/2006 15:13
1013,849,1517,TSTAT,1,1661,0,2/28/2006 15:13,2/28/2006 15:13
1014,849,1517,WH,3,2353,1,2/28/2006 15:13,2/28/2006 15:13
1015,849,1517,DRYER,5,2354,2,2/28/2006 15:13,2/28/2006 15:13
1016,850,1518,TSTAT,1,1670,0,2/28/2006 15:13,2/28/2006 15:13
1017,850,1518,WH,3,2365,1,2/28/2006 15:13,2/28/2006 15:13
1018,851,1519,TSTAT,1,1653,0,2/28/2006 15:13,2/28/2006 15:13
1019,851,1519,WH,3,2342,1,2/28/2006 15:13,2/28/2006 15:13
1020,851,1519,DRYER,5,2343,2,2/28/2006 15:13,2/28/2006 15:13
1021,852,1520,TSTAT,1,1659,0,2/28/2006 15:13,2/28/2006 15:13
1022,852,1520,WH,3,2352,1,2/28/2006 15:13,2/28/2006 15:13
1023,853,1521,TSTAT,1,1671,0,2/28/2006 15:13,2/28/2006 15:13
1024,853,1521,WH,3,2366,1,2/28/2006 15:13,2/28/2006 15:13
1025,854,1522,TSTAT,1,1660,0,2/28/2006 15:13,2/28/2006 15:13
1026,854,1522,WH,3,2401,1,2/28/2006 15:13,2/28/2006 15:13
1027,855,1523,TSTAT,1,1662,0,2/28/2006 15:13,2/28/2006 15:13
1028,855,1523,WH,3,2355,1,2/28/2006 15:13,2/28/2006 15:13
1029,855,1523,DRYER,5,2356,2,2/28/2006 15:13,2/28/2006 15:13
1030,856,1524,TSTAT,1,1658,0,2/28/2006 15:13,2/28/2006 15:13
1031,856,1524,WH,3,2351,1,2/28/2006 15:13,2/28/2006 15:13
1032,857,1525,TSTAT,1,1652,0,2/28/2006 15:13,2/28/2006 15:13
1033,857,1525,WH,3,2341,1,2/28/2006 15:13,2/28/2006 15:13
1034,858,1526,TSTAT,1,1651,0,2/28/2006 15:13,2/28/2006 15:13
1035,858,1526,WH,3,2339,1,2/28/2006 15:13,2/28/2006 15:13
1036,859,1527,TSTAT,1,1655,0,2/28/2006 15:13,2/28/2006 15:13
1037,859,1527,WH,3,2347,1,2/28/2006 15:13,2/28/2006 15:13
1038,859,1527,DRYER,5,2348,2,2/28/2006 15:13,2/28/2006 15:13
1039,860,1528,TSTAT,1,1654,0,2/28/2006 15:13,2/28/2006 15:13
1040,860,1528,WH,3,2346,1,2/28/2006 15:13,2/28/2006 15:13
1041,864,1529,TSTAT,1,1677,0,2/28/2006 15:13,2/28/2006 15:13
1042,864,1529,METER,2,2374,0,2/28/2006 15:13,2/28/2006 15:13
1043,864,1529,WH,3,2404,1,2/28/2006 15:13,2/28/2006 15:13
1044,865,1530,TSTAT,1,1678,0,2/28/2006 15:13,2/28/2006 15:13
1045,865,1530,METER,2,2375,0,2/28/2006 15:13,2/28/2006 15:13
1046,865,1530,WH,3,2405,1,2/28/2006 15:13,2/28/2006 15:13
1047,866,1531,TSTAT,1,1679,0,2/28/2006 15:13,2/28/2006 15:13
1048,866,1531,METER,2,2376,0,2/28/2006 15:13,2/28/2006 15:13
1049,866,1531,WH,3,2406,1,2/28/2006 15:13,2/28/2006 15:13
1050,867,1532,TSTAT,1,1680,0,2/28/2006 15:13,2/28/2006 15:13
1051,867,1532,METER,2,2377,0,2/28/2006 15:13,2/28/2006 15:13
1052,867,1532,WH,3,2407,1,2/28/2006 15:13,2/28/2006 15:13
1053,868,1533,TSTAT,1,1681,0,2/28/2006 15:13,2/28/2006 15:13
1054,868,1533,METER,2,2378,0,2/28/2006 15:13,2/28/2006 15:13
1055,868,1533,WH,3,2408,1,2/28/2006 15:13,2/28/2006 15:13
1056,869,1534,TSTAT,1,1682,0,2/28/2006 15:13,2/28/2006 15:13
1057,869,1534,METER,2,2379,0,2/28/2006 15:13,2/28/2006 15:13
1058,869,1534,WH,3,2409,1,2/28/2006 15:13,2/28/2006 15:13
1059,870,1535,TSTAT,1,1683,0,2/28/2006 15:13,2/28/2006 15:13
1060,870,1535,METER,2,2380,0,2/28/2006 15:13,2/28/2006 15:13
1061,870,1535,WH,3,2410,1,2/28/2006 15:13,2/28/2006 15:13
1062,871,1536,TSTAT,1,1684,0,2/28/2006 15:13,2/28/2006 15:13
1063,871,1536,METER,2,2381,0,2/28/2006 15:13,2/28/2006 15:13
1064,871,1536,WH,3,2411,1,2/28/2006 15:13,2/28/2006 15:13
1065,871,1536,DRYER,5,2412,2,2/28/2006 15:13,2/28/2006 15:13
1066,872,1537,TSTAT,1,1685,0,2/28/2006 15:13,2/28/2006 15:13
1067,872,1537,METER,2,2382,0,2/28/2006 15:13,2/28/2006 15:13
1068,872,1537,WH,3,2413,1,2/28/2006 15:13,2/28/2006 15:13
1069,872,1537,DRYER,5,2414,2,2/28/2006 15:13,2/28/2006 15:13
1070,873,1538,TSTAT,1,1686,0,2/28/2006 15:13,2/28/2006 15:13
1071,873,1538,METER,2,2383,0,2/28/2006 15:13,2/28/2006 15:13
1072,873,1538,WH,3,2415,1,2/28/2006 15:13,2/28/2006 15:13
1073,874,1539,TSTAT,1,1687,0,2/28/2006 15:13,2/28/2006 15:13
1074,874,1539,METER,2,2384,0,2/28/2006 15:13,2/28/2006 15:13
1075,874,1539,WH,3,2416,1,2/28/2006 15:13,2/28/2006 15:13
1076,875,1540,TSTAT,1,1688,0,2/28/2006 15:13,2/28/2006 15:13
1077,875,1540,METER,2,2385,0,2/28/2006 15:13,2/28/2006 15:13
1078,875,1540,WH,3,2417,1,2/28/2006 15:13,2/28/2006 15:13
1079,876,1541,TSTAT,1,1689,0,2/28/2006 15:13,2/28/2006 15:13
1080,876,1541,METER,2,2386,0,2/28/2006 15:13,2/28/2006 15:13
1081,876,1541,WH,3,2418,1,2/28/2006 15:13,2/28/2006 15:13
1082,877,1542,TSTAT,1,1690,0,2/28/2006 15:13,2/28/2006 15:13
1083,877,1542,METER,2,2387,0,2/28/2006 15:13,2/28/2006 15:13
1084,877,1542,WH,3,2419,1,2/28/2006 15:13,2/28/2006 15:13
1085,878,1543,TSTAT,1,1691,0,2/28/2006 15:13,2/28/2006 15:13
1086,878,1543,METER,2,2388,0,2/28/2006 15:13,2/28/2006 15:13
1087,878,1543,WH,3,2420,1,2/28/2006 15:13,2/28/2006 15:13
1088,879,1544,TSTAT,1,1692,0,2/28/2006 15:13,2/28/2006 15:13
1089,879,1544,METER,2,2389,0,2/28/2006 15:13,2/28/2006 15:13
1090,879,1544,WH,3,2421,1,2/28/2006 15:13,2/28/2006 15:13
1091,880,1545,TSTAT,1,1693,0,2/28/2006 15:13,2/28/2006 15:13
1092,880,1545,METER,2,2390,0,2/28/2006 15:13,2/28/2006 15:13
1093,880,1545,WH,3,2422,1,2/28/2006 15:13,2/28/2006 15:13
1094,881,1546,TSTAT,1,1694,0,2/28/2006 15:13,2/28/2006 15:13
1095,881,1546,METER,2,2391,0,2/28/2006 15:13,2/28/2006 15:13
1096,881,1546,WH,3,2423,1,2/28/2006 15:13,2/28/2006 15:13
1097,882,1547,TSTAT,1,1695,0,2/28/2006 15:13,2/28/2006 15:13
1098,882,1547,METER,2,2392,0,2/28/2006 15:13,2/28/2006 15:13
1099,882,1547,WH,3,2424,1,2/28/2006 15:13,2/28/2006 15:13
1100,883,1548,TSTAT,1,1696,0,2/28/2006 15:13,2/28/2006 15:13
1101,883,1548,METER,2,2393,0,2/28/2006 15:13,2/28/2006 15:13
1102,883,1548,WH,3,2425,1,2/28/2006 15:13,2/28/2006 15:13
1103,884,1549,TSTAT,1,1697,0,2/28/2006 15:13,2/28/2006 15:13
1104,884,1549,METER,2,2394,0,2/28/2006 15:13,2/28/2006 15:13
1105,884,1549,WH,3,2426,1,2/28/2006 15:13,2/28/2006 15:13
1106,885,1550,TSTAT,1,1698,0,2/28/2006 15:13,2/28/2006 15:13
1107,885,1550,METER,2,2395,0,2/28/2006 15:13,2/28/2006 15:13
1108,885,1550,WH,3,2427,1,2/28/2006 15:13,2/28/2006 15:13
1109,886,1551,TSTAT,1,1699,0,2/28/2006 15:13,2/28/2006 15:13
1110,886,1551,METER,2,2396,0,2/28/2006 15:13,2/28/2006 15:13
1111,886,1551,WH,3,2428,1,2/28/2006 15:13,2/28/2006 15:13
1112,887,1552,TSTAT,1,1700,0,2/28/2006 15:13,2/28/2006 15:13
1113,887,1552,METER,2,2397,0,2/28/2006 15:13,2/28/2006 15:13
1114,887,1552,WH,3,2429,1,2/28/2006 15:13,2/28/2006 15:13
1115,888,1553,TSTAT,1,1701,0,2/28/2006 15:13,2/28/2006 15:13
1116,888,1553,METER,2,2398,0,2/28/2006 15:13,2/28/2006 15:13
1117,888,1553,WH,3,2430,1,2/28/2006 15:13,2/28/2006 15:13
1118,889,1554,TSTAT,1,1702,0,2/28/2006 15:13,2/28/2006 15:13
1119,889,1554,METER,2,2399,0,2/28/2006 15:13,2/28/2006 15:13
1120,889,1554,WH,3,2431,1,2/28/2006 15:13,2/28/2006 15:13
1121,890,1555,TSTAT,1,1703,0,2/28/2006 15:13,2/28/2006 15:13
1122,890,1555,METER,2,2400,0,2/28/2006 15:13,2/28/2006 15:13
1123,890,1555,WH,3,2432,1,2/28/2006 15:13,2/28/2006 15:13
1124,884,1549,DRYER,5,2433,2,3/2/2006 15:14,3/2/2006 15:14
1125,775,1438,TSTAT,1,1707,0,3/2/2006 15:14,3/2/2006 15:14
1126,781,1444,TSTAT,1,1708,0,3/2/2006 15:14,3/2/2006 15:14
1127,716,1379,TSTAT,1,1723,0,3/2/2006 15:14,3/2/2006 15:14
1128,770,1433,TSTAT,1,1735,0,3/2/2006 15:14,3/2/2006 15:14
1129,791,1454,TSTAT,1,1715,0,3/2/2006 15:14,3/2/2006 15:14
1130,717,1380,TSTAT,1,1724,0,3/2/2006 15:14,3/2/2006 15:14
1131,787,1450,TSTAT,1,1712,0,3/2/2006 15:14,3/2/2006 15:14
1132,788,1451,TSTAT,1,1713,0,3/2/2006 15:14,3/2/2006 15:14
1133,805,1469,TSTAT,1,1705,0,3/2/2006 15:14,3/2/2006 15:14
1134,826,1493,TSTAT,1,1731,0,3/2/2006 15:14,3/2/2006 15:14
1135,782,1445,TSTAT,1,1709,0,3/2/2006 15:14,3/2/2006 15:14
1136,785,1448,TSTAT,1,1711,0,3/2/2006 15:14,3/2/2006 15:14
1137,740,1403,TSTAT,1,1704,0,3/2/2006 15:14,3/2/2006 15:14
1138,817,1484,TSTAT,1,1736,0,3/2/2006 15:14,3/2/2006 15:14
1139,762,1425,TSTAT,1,1729,0,3/2/2006 15:14,3/2/2006 15:14
1140,761,1424,TSTAT,1,1728,0,3/2/2006 15:14,3/2/2006 15:14
1141,862,431,DRYER,5,2434,2,3/2/2006 15:15,3/2/2006 15:15
1142,776,1439,TSTAT,1,1737,0,3/2/2006 15:15,3/2/2006 15:15
1143,676,1323,DRYER,5,2436,2,3/2/2006 15:15,3/2/2006 15:15
1144,766,1429,TSTAT,1,1733,0,3/2/2006 15:15,3/2/2006 15:15
1145,891,1558,TSTAT,1,1738,0,3/2/2006 15:15,3/2/2006 15:15
1146,891,1558,METER,2,2437,0,3/2/2006 15:15,3/2/2006 15:15
1147,892,166,TSTAT,1,168,0,3/2/2006 15:15,3/2/2006 15:15
1148,892,166,TSTAT,1,169,1,3/2/2006 15:15,3/2/2006 15:15
1149,892,166,TSTAT,1,170,2,3/2/2006 15:15,3/2/2006 15:15
1150,892,166,TSTAT,1,471,3,3/2/2006 15:15,3/2/2006 15:15
1151,892,166,TSTAT,1,481,4,3/2/2006 15:15,3/2/2006 15:15
1152,892,166,METER,2,217,0,3/2/2006 15:15,3/2/2006 15:15
1153,892,166,WH,3,256,1,3/2/2006 15:15,3/2/2006 15:15
1154,893,1559,METER,2,2438,0,3/2/2006 15:15,3/2/2006 15:15
1155,894,1560,METER,2,2439,0,3/2/2006 15:15,3/2/2006 15:15
1156,895,1562,METER,2,2441,0,3/2/2006 15:15,3/2/2006 15:15
1157,896,1563,METER,2,2442,0,3/2/2006 15:15,3/2/2006 15:15
1158,897,1564,METER,2,2443,0,3/2/2006 15:15,3/2/2006 15:15
1159,898,1565,METER,2,2444,0,3/2/2006 15:15,3/2/2006 15:15
1160,899,1566,METER,2,2445,0,3/2/2006 15:15,3/2/2006 15:15
1161,900,1567,METER,2,2446,0,3/2/2006 15:15,3/2/2006 15:15
1162,901,1568,METER,2,2447,0,3/2/2006 15:15,3/2/2006 15:15
1163,902,1570,METER,2,2449,0,3/2/2006 15:15,3/2/2006 15:15
1164,903,1571,METER,2,2450,0,3/2/2006 15:15,3/2/2006 15:15
1165,904,1572,METER,2,2451,0,3/2/2006 15:15,3/2/2006 15:15
1166,905,1573,METER,2,2452,0,3/2/2006 15:15,3/2/2006 15:15
1167,906,1574,METER,2,2453,0,3/2/2006 15:15,3/2/2006 15:15
1168,907,1575,METER,2,2454,0,3/2/2006 15:15,3/2/2006 15:15
1169,892,166,POOL,4,257,2,3/3/2006 8:16,3/3/2006 8:16
1170,892,166,DRYER,5,551,3,3/3/2006 8:16,3/3/2006 8:16
1171,909,541,TSTAT,1,581,0,3/22/2006 5:29,3/22/2006 5:29
1172,909,541,METER,2,741,0,3/22/2006 5:29,3/22/2006 5:29
1173,909,541,POOL,4,742,1,3/22/2006 5:29,3/22/2006 5:29
1174,909,541,DRYER,5,2435,2,3/22/2006 5:29,3/22/2006 5:29
1175,680,1327,DRYER,5,2458,2,3/22/2006 5:29,3/22/2006 5:29
1176,720,1383,TSTAT,1,1706,0,3/22/2006 5:30,3/22/2006 5:30
1177,727,1390,TSTAT,1,1714,0,3/22/2006 5:30,3/22/2006 5:30
1178,733,1396,TSTAT,1,1716,0,3/22/2006 5:30,3/22/2006 5:30
1179,737,1400,WH,3,2456,2,3/22/2006 5:30,3/22/2006 5:30
1180,742,1405,TSTAT,1,1719,0,3/22/2006 5:30,3/22/2006 5:30
1181,753,1416,TSTAT,1,1725,0,3/22/2006 5:30,3/22/2006 5:30
1182,756,1419,TSTAT,1,1726,0,3/22/2006 5:30,3/22/2006 5:30
1183,758,1421,TSTAT,1,1727,0,3/22/2006 5:30,3/22/2006 5:30
1184,772,1435,WH,3,2457,2,3/22/2006 5:30,3/22/2006 5:30
1185,784,1447,TSTAT,1,1710,0,3/22/2006 5:30,3/22/2006 5:30
1186,795,1459,TSTAT,1,1717,0,3/22/2006 5:30,3/22/2006 5:30
1187,799,1463,TSTAT,1,1718,0,3/22/2006 5:30,3/22/2006 5:30
1188,801,1465,TSTAT,1,1720,0,3/22/2006 5:30,3/22/2006 5:30
1189,802,1466,TSTAT,1,1721,0,3/22/2006 5:30,3/22/2006 5:30
1190,806,1470,TSTAT,1,1722,0,3/22/2006 5:30,3/22/2006 5:30
1191,825,1492,TSTAT,1,1730,0,3/22/2006 5:30,3/22/2006 5:30
1192,828,1495,TSTAT,1,1732,0,3/22/2006 5:30,3/22/2006 5:30
1193,833,1500,TSTAT,1,1734,0,3/22/2006 5:30,3/22/2006 5:30
1194,865,1530,TSTAT,1,1739,1,3/22/2006 5:30,3/22/2006 5:30
1195,910,1561,METER,2,2440,0,3/22/2006 5:31,3/22/2006 5:31
1196,911,1569,METER,2,2448,0,3/22/2006 5:31,3/22/2006 5:31
1197,912,1576,TSTAT,1,1740,0,3/22/2006 5:31,3/22/2006 5:31
1198,912,1576,METER,2,2459,0,3/22/2006 5:31,3/22/2006 5:31
1199,913,1577,TSTAT,1,1741,0,3/22/2006 5:31,3/22/2006 5:31
1200,913,1577,METER,2,2460,0,3/22/2006 5:31,3/22/2006 5:31
1201,914,1578,TSTAT,1,1742,0,3/22/2006 5:31,3/22/2006 5:31
1202,914,1578,METER,2,2461,0,3/22/2006 5:31,3/22/2006 5:31
1203,915,1579,TSTAT,1,1743,0,3/22/2006 5:31,3/22/2006 5:31
1204,915,1579,METER,2,2462,0,3/22/2006 5:31,3/22/2006 5:31
1205,916,1580,TSTAT,1,1744,0,3/22/2006 5:31,3/22/2006 5:31
1206,916,1580,METER,2,2463,0,3/22/2006 5:31,3/22/2006 5:31
1207,917,1581,TSTAT,1,1745,0,3/22/2006 5:31,3/22/2006 5:31
1208,917,1581,METER,2,2464,0,3/22/2006 5:31,3/22/2006 5:31
1209,773,1436,TSTAT,1,1747,0,3/22/2006 8:13,3/22/2006 8:13
1210,915,1579,WH,3,2467,1,3/22/2006 11:09,3/22/2006 11:09
1211,916,1580,WH,3,2466,1,3/22/2006 11:09,3/22/2006 11:09
1212,917,1581,WH,3,2465,1,3/22/2006 11:09,3/22/2006 11:09
1213,912,1576,WH,3,2470,1,3/22/2006 11:13,3/22/2006 11:13
1214,913,1577,WH,3,2469,1,3/22/2006 11:13,3/22/2006 11:13
1215,914,1578,WH,3,2468,1,3/22/2006 11:14,3/22/2006 11:14
1216,906,1574,TSTAT,1,1749,0,3/22/2006 11:17,3/22/2006 11:17
1217,906,1574,WH,3,2472,1,3/22/2006 11:17,3/22/2006 11:17
1218,907,1575,TSTAT,1,1748,0,3/22/2006 11:17,3/22/2006 11:17
1219,907,1575,WH,3,2471,1,3/22/2006 11:17,3/22/2006 11:17
1220,905,1573,TSTAT,1,1750,0,3/22/2006 11:21,3/22/2006 11:21
1221,905,1573,TSTAT,1,1751,1,3/22/2006 11:21,3/22/2006 11:21
1222,905,1573,WH,3,2473,1,3/22/2006 11:21,3/22/2006 11:21
1223,911,1569,TSTAT,1,1755,0,3/22/2006 11:25,3/22/2006 11:25
1224,911,1569,WH,3,2477,1,3/22/2006 11:25,3/22/2006 11:25
1225,902,1570,TSTAT,1,1754,0,3/22/2006 11:25,3/22/2006 11:25
1226,902,1570,WH,3,2476,1,3/22/2006 11:25,3/22/2006 11:25
1227,903,1571,TSTAT,1,1753,0,3/22/2006 11:25,3/22/2006 11:25
1228,903,1571,WH,3,2475,1,3/22/2006 11:25,3/22/2006 11:25
1229,904,1572,TSTAT,1,1752,0,3/22/2006 11:25,3/22/2006 11:25
1230,904,1572,WH,3,2474,1,3/22/2006 11:25,3/22/2006 11:25
1231,899,1566,TSTAT,1,1758,0,3/22/2006 11:29,3/22/2006 11:29
1232,899,1566,WH,3,2480,1,3/22/2006 11:29,3/22/2006 11:29
1233,900,1567,TSTAT,1,1757,0,3/22/2006 11:29,3/22/2006 11:29
1234,900,1567,WH,3,2479,1,3/22/2006 11:29,3/22/2006 11:29
1235,901,1568,TSTAT,1,1756,0,3/22/2006 11:29,3/22/2006 11:29
1236,901,1568,WH,3,2478,1,3/22/2006 11:29,3/22/2006 11:29
1237,895,1562,TSTAT,1,1762,0,3/22/2006 11:33,3/22/2006 11:33
1238,895,1562,WH,3,2484,1,3/22/2006 11:33,3/22/2006 11:33
1239,896,1563,TSTAT,1,1761,0,3/22/2006 11:33,3/22/2006 11:33
1240,896,1563,WH,3,2483,1,3/22/2006 11:33,3/22/2006 11:33
1241,897,1564,TSTAT,1,1760,0,3/22/2006 11:33,3/22/2006 11:33
1242,897,1564,WH,3,2482,1,3/22/2006 11:33,3/22/2006 11:33
1243,893,1559,TSTAT,1,1765,0,3/22/2006 11:37,3/22/2006 11:37
1244,893,1559,WH,3,2488,1,3/22/2006 11:37,3/22/2006 11:37
1245,894,1560,TSTAT,1,1764,0,3/22/2006 11:37,3/22/2006 11:37
1246,894,1560,WH,3,2486,1,3/22/2006 11:37,3/22/2006 11:37
1247,894,1560,DRYER,5,2487,2,3/22/2006 11:37,3/22/2006 11:37
1248,910,1561,TSTAT,1,1763,0,3/22/2006 11:37,3/22/2006 11:37
1249,910,1561,WH,3,2485,1,3/22/2006 11:37,3/22/2006 11:37
1250,800,1464,TSTAT,1,1766,0,3/22/2006 11:57,3/22/2006 11:57
1251,918,1582,TSTAT,1,1767,0,3/28/2006 10:17,3/28/2006 10:17
1252,918,1582,METER,2,2490,0,3/28/2006 10:17,3/28/2006 10:17
1253,918,1582,WH,3,2491,1,3/28/2006 10:17,3/28/2006 10:17
1254,919,1583,TSTAT,1,1768,0,3/28/2006 10:17,3/28/2006 10:17
1255,919,1583,METER,2,2492,0,3/28/2006 10:17,3/28/2006 10:17
1256,886,1551,DRYER,5,2494,2,3/28/2006 10:37,3/28/2006 10:37
1257,898,1565,TSTAT,1,1759,0,4/4/2006 13:06,4/4/2006 13:06
1258,898,1565,WH,3,2481,1,4/4/2006 13:06,4/4/2006 13:06
1259,769,1432,TSTAT,1,1769,0,4/6/2006 8:28,4/6/2006 8:28
1260,920,1584,TSTAT,1,1770,0,4/12/2006 8:00,4/12/2006 8:00
1261,920,1584,METER,2,2496,0,4/12/2006 8:00,4/12/2006 8:00
1262,920,1584,WH,3,2497,1,4/12/2006 8:00,4/12/2006 8:00
1263,905,1573,WH,3,2498,2,4/14/2006 15:36,4/14/2006 15:36
1264,773,1436,TSTAT,1,1771,1,4/17/2006 11:37,4/17/2006 11:37
1265,858,1526,DRYER,5,2489,2,4/17/2006 15:05,4/17/2006 15:05
1266,796,1460,TSTAT,1,1772,0,4/17/2006 16:33,4/17/2006 16:33
1267,919,1583,WH,3,2493,1,4/19/2006 9:01,4/19/2006 9:01
1268,896,1563,WH,3,2495,2,4/19/2006 10:31,4/19/2006 10:31
1269,683,1330,TSTAT,1,1773,1,4/19/2006 11:17,4/19/2006 11:17
1270,687,1334,TSTAT,1,1774,1,4/20/2006 9:05,4/20/2006 9:05
1271,693,1342,TSTAT,1,1775,2,4/20/2006 10:41,4/20/2006 10:41
1272,847,1515,TSTAT,1,1776,1,4/24/2006 11:49,4/24/2006 11:49
1273,868,1533,TSTAT,1,1777,1,4/25/2006 9:13,4/25/2006 9:13
1274,864,1529,DRYER,5,2499,2,4/25/2006 12:17,4/25/2006 12:17
1275,676,1323,TSTAT,1,1778,2,4/26/2006 10:17,4/26/2006 10:17
1276,676,1323,TSTAT,1,1779,3,4/26/2006 10:17,4/26/2006 10:17
1277,921,1585,TSTAT,1,1780,0,4/27/2006 6:45,4/27/2006 6:45
1278,921,1585,METER,2,2500,0,4/27/2006 6:45,4/27/2006 6:45
1279,921,1585,WH,3,2501,1,4/27/2006 6:45,4/27/2006 6:45
1280,678,1325,TSTAT,1,1781,1,4/27/2006 9:01,4/27/2006 9:01
1281,870,1535,TSTAT,1,1782,1,4/27/2006 15:05,4/27/2006 15:05
1282,672,1318,TSTAT,1,1783,1,4/28/2006 9:01,4/28/2006 9:01
1283,692,1340,TSTAT,1,1784,1,4/28/2006 11:33,4/28/2006 11:33
1284,905,1573,TSTAT,1,1785,2,4/28/2006 14:05,4/28/2006 14:05
1285,922,472,TSTAT,1,502,0,4/28/2006 14:13,4/28/2006 14:13
1286,922,472,METER,2,662,0,4/28/2006 14:13,4/28/2006 14:13
1287,850,1518,TSTAT,1,1786,1,5/1/2006 8:09,5/1/2006 8:09
1288,872,1537,TSTAT,1,1787,1,5/1/2006 14:42,5/1/2006 14:42
1289,853,1521,DRYER,5,2502,2,5/3/2006 12:02,5/3/2006 12:02
1290,877,1542,TSTAT,1,1788,1,5/4/2006 8:02,5/4/2006 8:02
1291,893,1559,TSTAT,1,1789,1,5/4/2006 11:02,5/4/2006 11:02
1292,897,1564,TSTAT,1,1790,1,5/4/2006 14:57,5/4/2006 14:57
1293,897,1564,TSTAT,1,1791,2,5/4/2006 14:57,5/4/2006 14:57
1294,897,1564,TSTAT,1,1792,3,5/4/2006 15:33,5/4/2006 15:33
1295,901,1568,DRYER,5,2503,2,5/5/2006 11:52,5/5/2006 11:52
1296,900,1567,DRYER,5,2504,2,5/5/2006 12:05,5/5/2006 12:05
1297,692,1340,TSTAT,1,1793,2,5/9/2006 14:01,5/9/2006 14:01
1298,692,1340,TSTAT,1,1794,3,5/9/2006 14:21,5/9/2006 14:21
1299,811,1475,TSTAT,1,1795,0,5/16/2006 6:53,5/16/2006 6:53
1300,811,1475,WH,3,2505,2,5/16/2006 6:53,5/16/2006 6:53
1301,829,1496,TSTAT,1,1796,0,5/16/2006 6:57,5/16/2006 6:57
1302,829,1496,WH,3,2506,2,5/16/2006 6:57,5/16/2006 6:57
1303,805,1469,WH,3,2508,2,5/18/2006 12:01,5/18/2006 12:01
1304,896,1563,DRYER,5,2509,3,5/22/2006 10:11,5/22/2006 10:11
1305,678,1325,TSTAT,1,1802,2,5/24/2006 10:54,5/24/2006 10:54
1306,780,1443,TSTAT,1,1803,0,6/1/2006 7:59,6/1/2006 7:59
1307,703,1365,TSTAT,1,1804,1,6/2/2006 10:39,6/2/2006 10:39
1308,773,1436,WH,3,2512,2,6/5/2006 13:07,6/5/2006 13:07
1309,914,1578,TSTAT,1,1805,1,6/14/2006 13:15,6/14/2006 13:15
1310,921,1585,TSTAT,1,1806,1,7/5/2006 13:19,7/5/2006 13:19
1311,811,1475,TSTAT,1,1807,1,7/19/2006 6:47,7/19/2006 6:47
1312,845,1513,TSTAT,1,1810,2,10/24/2006 14:16,10/24/2006 14:16
1313,909,541,WH,3,2528,3,11/30/2006 5:56,11/30/2006 5:56
