module,object,in_docs,where,standalone,keep,notes
assert,complex_assert,yes,Developing Reference/Testing and Debugging,Assert module page,yes,
assert,double_assert,yes,Developing Reference/Testing and Debugging,Assert module page,yes,
assert,enum_assert,yes,Developing Reference/Testing and Debugging,Assert module page,yes,
assert,gld_assert,no,,,,
assert,init,no,,,,
assert,int_assert,no,,,,
assert,main,no,,,,
climate,climate,yes,Modules/Climate/Climate Module,yes,yes,
climate,csv_reader,yes,Modules/Climate/csv_reader,yes,,
climate,init,no,,,,
climate,main,no,,,,
climate,solar_angles,no,,,,
climate,test,no,,,,
climate,weather,no,properties documented in climate module,,,
climate,weather_reader,no,,,likely junk -- remove?,
commercial,hvac,unimplemented,Unimplemented/commercial module or commercial user guide,,unimplemented,
commercial,init,unimplemented,Unimplemented/commercial module or commercial user guide,,unimplemented,
commercial,main,unimplemented,Unimplemented/commercial module or commercial user guide,,unimplemented,
commercial,multizone,unimplemented,Unimplemented/commercial module or commercial user guide,,unimplemented,
commercial,office,unimplemented,Unimplemented/commercial module or commercial user guide,,unimplemented,
commercial,solvers,unimplemented,Unimplemented/commercial module or commercial user guide,,unimplemented,
connection,cache,unimplemented,,,unimplemented,
connection,client,unimplemented,,,unimplemented,
connection,connection,yes,,yes,unimplemented,
connection,fncs_msg,unimplemented,,yes,unimplemented,
connection,helics_msg,unimplemented,,yes,unimplemented,
connection,init,unimplemented,,,unimplemented,
connection,json,unimplemented,,yes,unimplemented,
connection,main,unimplemented,,,unimplemented,
connection,message,unimplemented,,,unimplemented,
connection,native,unimplemented,,,unimplemented,
connection,server,unimplemented,,,unimplemented,
connection,socket,unimplemented,,,unimplemented,
connection,tcp,unimplemented,,,unimplemented,
connection,transport,unimplemented,,,unimplemented,
connection,udp,unimplemented,,,unimplemented,
connection,varmap,unimplemented,,,unimplemented,
connection,xml,unimplemented,,yes,unimplemented,
eigen_solver,solver_EIGEN,no,,,,
generators,battery,yes,Modules/Generators/Battery Energy Storage,energy storage + battery,,
generators,cblock,no,,,,
generators,central_dg_control,no,,,,
generators,controller_dg,no,,,,
generators,diesel_dg,yes,Modules/Generators/Diesel dg,yes,,
generators,energy_storage,yes,Modules/Generators/Battery Energy Storage,energy storage + battery,,
generators,generators,,,,,
generators,init,,,,,
generators,inverter,yes,Modules/Generators/Inverters/Inverter,yes,,
generators,inverter_dyn,yes,Modules/Generators/Inverters/Inverter_dyn,yes,,
generators,main,,,,,
generators,rectifier,no,,,,
generators,sec_control,yes,Modules/Generators/Inverters/sec control,yes,,
generators,solar,yes,Modules/Generators/Solar,yes,,
generators,sync_ctrl,yes,Modules/Generators/Inverters/sync ctrl,yes,,
generators,windturb_dg,yes,Modules/Generators/Wind Turbine,yes,,
glsolvers,etp,,,,,
glsolvers,main,,,,,
glsolvers,modified_euler,,,,,
glxengine,engine,,,,,
glxengine,udpconnection,,,,,
gridlabd,aggregate,,,,,
gridlabd,class,,,,,
gridlabd,cmdarg,,,,,
gridlabd,cmex,,,,,
gridlabd,compare,,,,,
gridlabd,console,,,,,
gridlabd,convert,,,,,
gridlabd,cpp_threadpool,,,,,
gridlabd,debug,,,,,
gridlabd,deltamode,,,,,
gridlabd,enduse,,,,,
gridlabd,environment,,,,,
gridlabd,exception,,,,,
gridlabd,exec,,,,,
gridlabd,find,,,,,
gridlabd,gld_complex,,,,,
gridlabd,gld_sock,,,,,
gridlabd,gldapi,,,,,
gridlabd,gldrandom,,,,,
gridlabd,globals,,,,,
gridlabd,gridlabd,,,,,
gridlabd,gui,,,,,
gridlabd,http_client,,,,,
gridlabd,index,,,,,
gridlabd,instance,,,,,
gridlabd,instance_cnx,,,,,
gridlabd,instance_slave,,,,,
gridlabd,interpolate,,,,,
gridlabd,job,,,,,
gridlabd,kill,,,,,
gridlabd,kml,,,,,
gridlabd,legal,,,,,
gridlabd,link,yes,,,,
gridlabd,linkage,,,,,
gridlabd,list,,,,,
gridlabd,load,,,,,
gridlabd,load_xml,,,,,
gridlabd,load_xml_handle,,,,,
gridlabd,loadshape,,,,,
gridlabd,local,,,,,
gridlabd,lock,,,,,
gridlabd,main,,,,,
gridlabd,match,,,,,
gridlabd,matlab,,,,,
gridlabd,module,,,,,
gridlabd,object,,,,,
gridlabd,output,,,,,
gridlabd,platform,,,,,
gridlabd,property,,,,,
gridlabd,random,,,,,
gridlabd,realtime,,,,,
gridlabd,sanitize,,,,,
gridlabd,save,,,,,
gridlabd,schedule,,,,,
gridlabd,server,,,,,
gridlabd,setup,,,,,
gridlabd,stream,,,,,
gridlabd,stream_type,,,,,
gridlabd,test,,,,,
gridlabd,test_callbacks,,,,,
gridlabd,test_framework,,,,,
gridlabd,threadpool,,,,,
gridlabd,timestamp,,,,,
gridlabd,transform,,,,,
gridlabd,ufile,,,,,
gridlabd,unit,,,,,
gridlabd,validate,yes,,,,
gridlabd,version,,,,,
gridlabd,xcore,,,,,
market,auction,Unimplemented,"Unimplemented/Market/Market User Guide, Market Auction, or Transactive Controller",,,
market,bid,Unimplemented,"Unimplemented/Market/Market User Guide, Market Auction, or Transactive Controller",,,
market,collect,Unimplemented,"Unimplemented/Market/Market User Guide, Market Auction, or Transactive Controller",,,
market,controller,Unimplemented,"Unimplemented/Market/Market User Guide, Market Auction, or Transactive Controller",,,
market,curve,Unimplemented,"Unimplemented/Market/Market User Guide, Market Auction, or Transactive Controller",,,
market,double_controller,Unimplemented,"Unimplemented/Market/Market User Guide, Market Auction, or Transactive Controller",,,
market,generator_controller,Unimplemented,"Unimplemented/Market/Market User Guide, Market Auction, or Transactive Controller",,,
market,init,Unimplemented,"Unimplemented/Market/Market User Guide, Market Auction, or Transactive Controller",,,
market,main,Unimplemented,"Unimplemented/Market/Market User Guide, Market Auction, or Transactive Controller",,,
market,market,Unimplemented,"Unimplemented/Market/Market User Guide, Market Auction, or Transactive Controller",,,
market,passive_controller,Unimplemented,"Unimplemented/Market/Market User Guide, Market Auction, or Transactive Controller",,,
market,stub_bidder,Unimplemented,"Unimplemented/Market/Market User Guide, Market Auction, or Transactive Controller",,,
market,stubauction,Unimplemented,"Unimplemented/Market/Market User Guide, Market Auction, or Transactive Controller",,,
market,supervisory_control,Unimplemented,"Unimplemented/Market/Market User Guide, Market Auction, or Transactive Controller",,,
mysql,collector,Unimplemented,"Unimplemented/MySQL/Mysql, Building with MySQL, Database, HowTo:mysql, MySQL Import/Export, Player (mysql), Recorder (mysql)",,,
mysql,database,Unimplemented,"Unimplemented/MySQL/Mysql, Building with MySQL, Database, HowTo:mysql, MySQL Import/Export, Player (mysql), Recorder (mysql)",,,
mysql,group_recorder,Unimplemented,"Unimplemented/MySQL/Mysql, Building with MySQL, Database, HowTo:mysql, MySQL Import/Export, Player (mysql), Recorder (mysql)",,,
mysql,init,Unimplemented,"Unimplemented/MySQL/Mysql, Building with MySQL, Database, HowTo:mysql, MySQL Import/Export, Player (mysql), Recorder (mysql)",,,
mysql,main,Unimplemented,"Unimplemented/MySQL/Mysql, Building with MySQL, Database, HowTo:mysql, MySQL Import/Export, Player (mysql), Recorder (mysql)",,,
mysql,player,Unimplemented,"Unimplemented/MySQL/Mysql, Building with MySQL, Database, HowTo:mysql, MySQL Import/Export, Player (mysql), Recorder (mysql)",,,
mysql,query_engine,Unimplemented,"Unimplemented/MySQL/Mysql, Building with MySQL, Database, HowTo:mysql, MySQL Import/Export, Player (mysql), Recorder (mysql)",,,
mysql,recorder,Unimplemented,"Unimplemented/MySQL/Mysql, Building with MySQL, Database, HowTo:mysql, MySQL Import/Export, Player (mysql), Recorder (mysql)",,,
mysql,table_manager,Unimplemented,"Unimplemented/MySQL/Mysql, Building with MySQL, Database, HowTo:mysql, MySQL Import/Export, Player (mysql), Recorder (mysql)",,,
optimize,init,no,,,,
optimize,main,no,,,,
optimize,optimize,no,,,,
optimize,simple,no,,,,
powerflow,billdump,,,,,
powerflow,capacitor,,,,,
powerflow,currdump,,,,,
powerflow,emissions,,,,,
powerflow,fault_check,,,,,
powerflow,fuse,,,,,
powerflow,impedance_dump,,,,,
powerflow,init,,,,,
powerflow,jsondump,,,,,
powerflow,line,,,,,
powerflow,line_configuration,,,,,
powerflow,line_spacing,,,,,
powerflow,link,yes,,,,
powerflow,load,,,,,
powerflow,load_tracker,,,,,
powerflow,main,,,,,
powerflow,meter,,,,,
powerflow,meter_test,,,,,
powerflow,motor,yes,,,,
powerflow,node,,,,,
powerflow,overhead_line,,,,,
powerflow,overhead_line_conductor,,,,,
powerflow,overheadline_test,,,,,
powerflow,performance_motor,,,,,
powerflow,power_metrics,,,,,
powerflow,powerflow,yes,,,,
powerflow,powerflow_library,,,,,
powerflow,powerflow_object,,,,,
powerflow,pqload,,,,,
powerflow,recloser,,,,,
powerflow,regulator,,,,,
powerflow,regulator_configuration,,,,,
powerflow,regulator_test,,,,,
powerflow,restoration,,,,,
powerflow,sectionalizer,,,,,
powerflow,series_compensator,yes,,,,
powerflow,series_reactor,,,,,
powerflow,solver_nr,,,,,
powerflow,solver_nr_eigen,,,,,
powerflow,substation,,,,,
powerflow,switch_object,yes,,,,
powerflow,sync_check,,,,,
powerflow,test,,,,,
powerflow,transformer,,,,,
powerflow,transformer_configuration,,,,,
powerflow,transformer_test,,,,,
powerflow,triplex_line,,,,,
powerflow,triplex_line_conductor,,,,,
powerflow,triplex_line_configuration,,,,,
powerflow,triplex_load,,,,,
powerflow,triplex_meter,,,,,
powerflow,triplex_node,,,,,
powerflow,triplexline_test,,,,,
powerflow,underground_line,,,,,
powerflow,underground_line_conductor,,,,,
powerflow,undergroundline_test,,,,,
powerflow,vfd,,,,,
powerflow,volt_var_control,,,,,
powerflow,voltdump,,,,,
reliability,eventgen,,,,,
reliability,init,,,,,
reliability,main,,,,,
reliability,metrics,,Modules/Powerflow/Reliability User Guide,Reliability User Guide,,
reliability,reliability,,Modules/Powerflow/Reliability User Guide,Reliability User Guide,,
residential,appliance,Unimplemented,Unimplemented/End Use Loads,,,
residential,clotheswasher,Unimplemented,Unimplemented/End Use Loads,,,
residential,dishwasher,Unimplemented,Unimplemented/End Use Loads,,,
residential,dryer,Unimplemented,Unimplemented/End Use Loads,,,
residential,elcap1990,no,,,,
residential,elcap2010,no,,,,
residential,evcharger,no,,,,
residential,evcharger_det,yes,Modules/Residential/evcharger_det,yes,,
residential,freezer,Unimplemented,Unimplemented/End Use Loads,,,
residential,house_e,yes,Modules/Residential/House,yes,,
residential,init,no,,,,
residential,lights,Unimplemented,Unimplemented/End Use Loads,,,
residential,main,no,,,,
residential,microwave,Unimplemented,Unimplemented/End Use Loads,,,
residential,occupantload,no,,,,
residential,plugload,yes,Modules/References/End Use Loads,End Use Loads,,
residential,range,Unimplemented,Unimplemented/End Use Loads,,,
residential,rbsa2014,no,,,,
residential,refrigerator,Unimplemented,Unimplemented/End Use Loads,,,
residential,residential,yes,,,,
residential,residential_enduse,yes,Modules/Residential/End Use Loads,End Use Loads,,
residential,solvers,no,,,,
residential,thermal_storage,yes,Modules/Residential/Thermal Energy Storage Model,yes,,
residential,waterheater,yes,Modules/Residential/Waterheater,yes,,
residential,zipload,yes,Modules/Residential/Zipload,yes,,
tape,collector,yes,Modules/Tape/Collector,yes,,
tape,file,no,,,,
tape,group_recorder,yes,Modules/Tape/Group Energy Recorder Model,yes,,
tape,histogram,no,,,,
tape,loadshape,no,,,,
tape,main,no,,,,
tape,memory,no,,,,
tape,metrics_collector,yes,Modules/Tape/Metrics Energy Collector ,yes,,
tape,metrics_collector_writer,yes,Modules/Tape/Metrics_Collector Energy Writer ,yes,,
tape,multi_recorder,yes,Modules/Tape/Multi Energy Recorder ,yes,,
tape,odbc,no,,,,
tape,player,yes,Modules/Tape/Player,yes,,
tape,recorder,yes,Modules/Tape/Recorder,yes,,
tape,shaper,no,,,,
tape,tape,yes,Modules/Tape/Tape,,,
tape,violation_recorder,yes,Modules/Tape/Violation Energy Recorder Model,,,
tape_file,tape_file,no,,,,
tape_plot,tape_plot,no,,,,
xml,Xerces_loader,no,,,,
